function,group,item,no,no_nas,qual_id,su_qual_id,visible,skey_sid_hex,qual_sid_hex,qual_lid_hex,param_unit,param_data_type,param_byte_pos,param_byte_len,param_byte_ord,param_bit_pos,param_bit_len,param_bit_mask,scale_no,scale_up_bound,scale_low_bound,scale_range_id,scale_range_label,scale_factor,scale_offset,scale_format,scale_labels
Data List,All data,Electric Current of Battery,1,125,6,157,1,0x389C31,0x22,0x102,A,0,3,4,2,-1,-1,-1,1,0,0,0,,0.001,0,3,"[{'no': 1, 'up_bound': 0, 'low_bound': 0, 'range_id': 0, 'range_label': None}]"
Data List,All data,12V Battery Voltage (Auxiliary Battery Voltage),2,1,7,158,1,0x389C31,0x22,0x107,mV,0,3,2,2,-1,-1,-1,1,0,0,0,,1,0,0,"[{'no': 1, 'up_bound': 0, 'low_bound': 0, 'range_id': 0, 'range_label': None}]"
Data List,All data,IR Sensor short pulse amplitude,3,131,8,159,1,0x389C31,0x22,0x108,mV,0,3,2,2,-1,-1,-1,1,0,0,0,,4.88,0,2,"[{'no': 1, 'up_bound': 0, 'low_bound': 0, 'range_id': 0, 'range_label': None}]"
Data List,All data,SOC CAN Output,4,137,486,487,1,0x389C31,0x22,0x10B,%,0,3,4,2,-1,-1,-1,1,0,0,0,,0.0001,0,4,"[{'no': 1, 'up_bound': 0, 'low_bound': 0, 'range_id': 0, 'range_label': None}]"
Data List,All data,SD Switch Interlock flag,5,136,9,160,1,0x389C31,0x22,0x10E,,0,3,1,2,-1,-1,-1,1,0,0,8001873,Switch open,0,0,0,"[{'no': 1, 'up_bound': 0, 'low_bound': 0, 'range_id': 8001873, 'range_label': 'Switch open'}, {'no': 2, 'up_bound': 1, 'low_bound': 1, 'range_id': 8001874, 'range_label': 'Switch close'}]"
Data List,All data,Electric Current of narrow range Battery,6,126,10,161,1,0x389C31,0x22,0x111,A,0,3,4,2,-1,-1,-1,1,0,0,0,,0.001,0,3,"[{'no': 1, 'up_bound': 0, 'low_bound': 0, 'range_id': 0, 'range_label': None}]"
Data List,All data,Electric Current of wide range Battery,7,127,11,162,1,0x389C31,0x22,0x112,A,0,3,4,2,-1,-1,-1,1,0,0,0,,0.001,0,3,"[{'no': 1, 'up_bound': 0, 'low_bound': 0, 'range_id': 0, 'range_label': None}]"
Data List,All data,Cell Voltage1,8,8,12,163,1,0x389C31,0x22,0x114,mV,0,3,2,2,-1,-1,-1,1,0,0,0,,1,0,0,"[{'no': 1, 'up_bound': 0, 'low_bound': 0, 'range_id': 0, 'range_label': None}]"
Data List,All data,Cell Voltage2,9,19,13,164,1,0x389C31,0x22,0x115,mV,0,3,2,2,-1,-1,-1,1,0,0,0,,1,0,0,"[{'no': 1, 'up_bound': 0, 'low_bound': 0, 'range_id': 0, 'range_label': None}]"
Data List,All data,Cell Voltage3,10,30,14,165,1,0x389C31,0x22,0x116,mV,0,3,2,2,-1,-1,-1,1,0,0,0,,1,0,0,"[{'no': 1, 'up_bound': 0, 'low_bound': 0, 'range_id': 0, 'range_label': None}]"
Data List,All data,Cell Voltage4,11,41,15,166,1,0x389C31,0x22,0x117,mV,0,3,2,2,-1,-1,-1,1,0,0,0,,1,0,0,"[{'no': 1, 'up_bound': 0, 'low_bound': 0, 'range_id': 0, 'range_label': None}]"
Data List,All data,Cell Voltage5,12,52,16,167,1,0x389C31,0x22,0x118,mV,0,3,2,2,-1,-1,-1,1,0,0,0,,1,0,0,"[{'no': 1, 'up_bound': 0, 'low_bound': 0, 'range_id': 0, 'range_label': None}]"
Data List,All data,Cell Voltage6,13,63,17,168,1,0x389C31,0x22,0x119,mV,0,3,2,2,-1,-1,-1,1,0,0,0,,1,0,0,"[{'no': 1, 'up_bound': 0, 'low_bound': 0, 'range_id': 0, 'range_label': None}]"
Data List,All data,Cell Voltage7,14,74,18,169,1,0x389C31,0x22,0x11A,mV,0,3,2,2,-1,-1,-1,1,0,0,0,,1,0,0,"[{'no': 1, 'up_bound': 0, 'low_bound': 0, 'range_id': 0, 'range_label': None}]"
Data List,All data,Cell Voltage8,15,85,19,170,1,0x389C31,0x22,0x11B,mV,0,3,2,2,-1,-1,-1,1,0,0,0,,1,0,0,"[{'no': 1, 'up_bound': 0, 'low_bound': 0, 'range_id': 0, 'range_label': None}]"
Data List,All data,Cell Voltage9,16,96,20,171,1,0x389C31,0x22,0x11C,mV,0,3,2,2,-1,-1,-1,1,0,0,0,,1,0,0,"[{'no': 1, 'up_bound': 0, 'low_bound': 0, 'range_id': 0, 'range_label': None}]"
Data List,All data,Cell Voltage10,17,9,21,172,1,0x389C31,0x22,0x11D,mV,0,3,2,2,-1,-1,-1,1,0,0,0,,1,0,0,"[{'no': 1, 'up_bound': 0, 'low_bound': 0, 'range_id': 0, 'range_label': None}]"
Data List,All data,Cell Voltage11,18,10,22,173,1,0x389C31,0x22,0x11E,mV,0,3,2,2,-1,-1,-1,1,0,0,0,,1,0,0,"[{'no': 1, 'up_bound': 0, 'low_bound': 0, 'range_id': 0, 'range_label': None}]"
Data List,All data,Cell Voltage12,19,11,23,174,1,0x389C31,0x22,0x11F,mV,0,3,2,2,-1,-1,-1,1,0,0,0,,1,0,0,"[{'no': 1, 'up_bound': 0, 'low_bound': 0, 'range_id': 0, 'range_label': None}]"
Data List,All data,Cell Voltage13,20,12,24,175,1,0x389C31,0x22,0x120,mV,0,3,2,2,-1,-1,-1,1,0,0,0,,1,0,0,"[{'no': 1, 'up_bound': 0, 'low_bound': 0, 'range_id': 0, 'range_label': None}]"
Data List,All data,Cell Voltage14,21,13,25,176,1,0x389C31,0x22,0x121,mV,0,3,2,2,-1,-1,-1,1,0,0,0,,1,0,0,"[{'no': 1, 'up_bound': 0, 'low_bound': 0, 'range_id': 0, 'range_label': None}]"
Data List,All data,Cell Voltage15,22,14,26,177,1,0x389C31,0x22,0x122,mV,0,3,2,2,-1,-1,-1,1,0,0,0,,1,0,0,"[{'no': 1, 'up_bound': 0, 'low_bound': 0, 'range_id': 0, 'range_label': None}]"
Data List,All data,Cell Voltage16,23,15,27,178,1,0x389C31,0x22,0x123,mV,0,3,2,2,-1,-1,-1,1,0,0,0,,1,0,0,"[{'no': 1, 'up_bound': 0, 'low_bound': 0, 'range_id': 0, 'range_label': None}]"
Data List,All data,Cell Voltage17,24,16,28,179,1,0x389C31,0x22,0x124,mV,0,3,2,2,-1,-1,-1,1,0,0,0,,1,0,0,"[{'no': 1, 'up_bound': 0, 'low_bound': 0, 'range_id': 0, 'range_label': None}]"
Data List,All data,Cell Voltage18,25,17,29,180,1,0x389C31,0x22,0x125,mV,0,3,2,2,-1,-1,-1,1,0,0,0,,1,0,0,"[{'no': 1, 'up_bound': 0, 'low_bound': 0, 'range_id': 0, 'range_label': None}]"
Data List,All data,Cell Voltage19,26,18,30,181,1,0x389C31,0x22,0x126,mV,0,3,2,2,-1,-1,-1,1,0,0,0,,1,0,0,"[{'no': 1, 'up_bound': 0, 'low_bound': 0, 'range_id': 0, 'range_label': None}]"
Data List,All data,Cell Voltage20,27,20,31,182,1,0x389C31,0x22,0x127,mV,0,3,2,2,-1,-1,-1,1,0,0,0,,1,0,0,"[{'no': 1, 'up_bound': 0, 'low_bound': 0, 'range_id': 0, 'range_label': None}]"
Data List,All data,Cell Voltage21,28,21,32,183,1,0x389C31,0x22,0x128,mV,0,3,2,2,-1,-1,-1,1,0,0,0,,1,0,0,"[{'no': 1, 'up_bound': 0, 'low_bound': 0, 'range_id': 0, 'range_label': None}]"
Data List,All data,Cell Voltage22,29,22,33,184,1,0x389C31,0x22,0x129,mV,0,3,2,2,-1,-1,-1,1,0,0,0,,1,0,0,"[{'no': 1, 'up_bound': 0, 'low_bound': 0, 'range_id': 0, 'range_label': None}]"
Data List,All data,Cell Voltage23,30,23,34,185,1,0x389C31,0x22,0x12A,mV,0,3,2,2,-1,-1,-1,1,0,0,0,,1,0,0,"[{'no': 1, 'up_bound': 0, 'low_bound': 0, 'range_id': 0, 'range_label': None}]"
Data List,All data,Cell Voltage24,31,24,35,186,1,0x389C31,0x22,0x12B,mV,0,3,2,2,-1,-1,-1,1,0,0,0,,1,0,0,"[{'no': 1, 'up_bound': 0, 'low_bound': 0, 'range_id': 0, 'range_label': None}]"
Data List,All data,Cell Voltage25,32,25,36,187,1,0x389C31,0x22,0x12C,mV,0,3,2,2,-1,-1,-1,1,0,0,0,,1,0,0,"[{'no': 1, 'up_bound': 0, 'low_bound': 0, 'range_id': 0, 'range_label': None}]"
Data List,All data,Cell Voltage26,33,26,37,188,1,0x389C31,0x22,0x12D,mV,0,3,2,2,-1,-1,-1,1,0,0,0,,1,0,0,"[{'no': 1, 'up_bound': 0, 'low_bound': 0, 'range_id': 0, 'range_label': None}]"
Data List,All data,Cell Voltage27,34,27,38,189,1,0x389C31,0x22,0x12E,mV,0,3,2,2,-1,-1,-1,1,0,0,0,,1,0,0,"[{'no': 1, 'up_bound': 0, 'low_bound': 0, 'range_id': 0, 'range_label': None}]"
Data List,All data,Cell Voltage28,35,28,39,190,1,0x389C31,0x22,0x12F,mV,0,3,2,2,-1,-1,-1,1,0,0,0,,1,0,0,"[{'no': 1, 'up_bound': 0, 'low_bound': 0, 'range_id': 0, 'range_label': None}]"
Data List,All data,Cell Voltage29,36,29,40,191,1,0x389C31,0x22,0x130,mV,0,3,2,2,-1,-1,-1,1,0,0,0,,1,0,0,"[{'no': 1, 'up_bound': 0, 'low_bound': 0, 'range_id': 0, 'range_label': None}]"
Data List,All data,Cell Voltage30,37,31,41,192,1,0x389C31,0x22,0x131,mV,0,3,2,2,-1,-1,-1,1,0,0,0,,1,0,0,"[{'no': 1, 'up_bound': 0, 'low_bound': 0, 'range_id': 0, 'range_label': None}]"
Data List,All data,Cell Voltage31,38,32,42,193,1,0x389C31,0x22,0x132,mV,0,3,2,2,-1,-1,-1,1,0,0,0,,1,0,0,"[{'no': 1, 'up_bound': 0, 'low_bound': 0, 'range_id': 0, 'range_label': None}]"
Data List,All data,Cell Voltage32,39,33,43,194,1,0x389C31,0x22,0x133,mV,0,3,2,2,-1,-1,-1,1,0,0,0,,1,0,0,"[{'no': 1, 'up_bound': 0, 'low_bound': 0, 'range_id': 0, 'range_label': None}]"
Data List,All data,Cell Voltage33,40,34,44,195,1,0x389C31,0x22,0x134,mV,0,3,2,2,-1,-1,-1,1,0,0,0,,1,0,0,"[{'no': 1, 'up_bound': 0, 'low_bound': 0, 'range_id': 0, 'range_label': None}]"
Data List,All data,Cell Voltage34,41,35,45,196,1,0x389C31,0x22,0x135,mV,0,3,2,2,-1,-1,-1,1,0,0,0,,1,0,0,"[{'no': 1, 'up_bound': 0, 'low_bound': 0, 'range_id': 0, 'range_label': None}]"
Data List,All data,Cell Voltage35,42,36,46,197,1,0x389C31,0x22,0x136,mV,0,3,2,2,-1,-1,-1,1,0,0,0,,1,0,0,"[{'no': 1, 'up_bound': 0, 'low_bound': 0, 'range_id': 0, 'range_label': None}]"
Data List,All data,Cell Voltage36,43,37,47,198,1,0x389C31,0x22,0x137,mV,0,3,2,2,-1,-1,-1,1,0,0,0,,1,0,0,"[{'no': 1, 'up_bound': 0, 'low_bound': 0, 'range_id': 0, 'range_label': None}]"
Data List,All data,Cell Voltage37,44,38,48,199,1,0x389C31,0x22,0x138,mV,0,3,2,2,-1,-1,-1,1,0,0,0,,1,0,0,"[{'no': 1, 'up_bound': 0, 'low_bound': 0, 'range_id': 0, 'range_label': None}]"
Data List,All data,Cell Voltage38,45,39,49,200,1,0x389C31,0x22,0x139,mV,0,3,2,2,-1,-1,-1,1,0,0,0,,1,0,0,"[{'no': 1, 'up_bound': 0, 'low_bound': 0, 'range_id': 0, 'range_label': None}]"
Data List,All data,Cell Voltage39,46,40,50,201,1,0x389C31,0x22,0x13A,mV,0,3,2,2,-1,-1,-1,1,0,0,0,,1,0,0,"[{'no': 1, 'up_bound': 0, 'low_bound': 0, 'range_id': 0, 'range_label': None}]"
Data List,All data,Cell Voltage40,47,42,51,202,1,0x389C31,0x22,0x13B,mV,0,3,2,2,-1,-1,-1,1,0,0,0,,1,0,0,"[{'no': 1, 'up_bound': 0, 'low_bound': 0, 'range_id': 0, 'range_label': None}]"
Data List,All data,Cell Voltage41,48,43,52,203,1,0x389C31,0x22,0x13C,mV,0,3,2,2,-1,-1,-1,1,0,0,0,,1,0,0,"[{'no': 1, 'up_bound': 0, 'low_bound': 0, 'range_id': 0, 'range_label': None}]"
Data List,All data,Cell Voltage42,49,44,53,204,1,0x389C31,0x22,0x13D,mV,0,3,2,2,-1,-1,-1,1,0,0,0,,1,0,0,"[{'no': 1, 'up_bound': 0, 'low_bound': 0, 'range_id': 0, 'range_label': None}]"
Data List,All data,Cell Voltage43,50,45,54,205,1,0x389C31,0x22,0x13E,mV,0,3,2,2,-1,-1,-1,1,0,0,0,,1,0,0,"[{'no': 1, 'up_bound': 0, 'low_bound': 0, 'range_id': 0, 'range_label': None}]"
Data List,All data,Cell Voltage44,51,46,55,206,1,0x389C31,0x22,0x13F,mV,0,3,2,2,-1,-1,-1,1,0,0,0,,1,0,0,"[{'no': 1, 'up_bound': 0, 'low_bound': 0, 'range_id': 0, 'range_label': None}]"
Data List,All data,Cell Voltage45,52,47,56,207,1,0x389C31,0x22,0x140,mV,0,3,2,2,-1,-1,-1,1,0,0,0,,1,0,0,"[{'no': 1, 'up_bound': 0, 'low_bound': 0, 'range_id': 0, 'range_label': None}]"
Data List,All data,Cell Voltage46,53,48,57,208,1,0x389C31,0x22,0x141,mV,0,3,2,2,-1,-1,-1,1,0,0,0,,1,0,0,"[{'no': 1, 'up_bound': 0, 'low_bound': 0, 'range_id': 0, 'range_label': None}]"
Data List,All data,Cell Voltage47,54,49,58,209,1,0x389C31,0x22,0x142,mV,0,3,2,2,-1,-1,-1,1,0,0,0,,1,0,0,"[{'no': 1, 'up_bound': 0, 'low_bound': 0, 'range_id': 0, 'range_label': None}]"
Data List,All data,Cell Voltage48,55,50,59,210,1,0x389C31,0x22,0x143,mV,0,3,2,2,-1,-1,-1,1,0,0,0,,1,0,0,"[{'no': 1, 'up_bound': 0, 'low_bound': 0, 'range_id': 0, 'range_label': None}]"
Data List,All data,Cell Voltage49,56,51,60,211,1,0x389C31,0x22,0x144,mV,0,3,2,2,-1,-1,-1,1,0,0,0,,1,0,0,"[{'no': 1, 'up_bound': 0, 'low_bound': 0, 'range_id': 0, 'range_label': None}]"
Data List,All data,Cell Voltage50,57,53,61,212,1,0x389C31,0x22,0x145,mV,0,3,2,2,-1,-1,-1,1,0,0,0,,1,0,0,"[{'no': 1, 'up_bound': 0, 'low_bound': 0, 'range_id': 0, 'range_label': None}]"
Data List,All data,Cell Voltage51,58,54,62,213,1,0x389C31,0x22,0x146,mV,0,3,2,2,-1,-1,-1,1,0,0,0,,1,0,0,"[{'no': 1, 'up_bound': 0, 'low_bound': 0, 'range_id': 0, 'range_label': None}]"
Data List,All data,Cell Voltage52,59,55,63,214,1,0x389C31,0x22,0x147,mV,0,3,2,2,-1,-1,-1,1,0,0,0,,1,0,0,"[{'no': 1, 'up_bound': 0, 'low_bound': 0, 'range_id': 0, 'range_label': None}]"
Data List,All data,Cell Voltage53,60,56,64,215,1,0x389C31,0x22,0x148,mV,0,3,2,2,-1,-1,-1,1,0,0,0,,1,0,0,"[{'no': 1, 'up_bound': 0, 'low_bound': 0, 'range_id': 0, 'range_label': None}]"
Data List,All data,Cell Voltage54,61,57,65,216,1,0x389C31,0x22,0x149,mV,0,3,2,2,-1,-1,-1,1,0,0,0,,1,0,0,"[{'no': 1, 'up_bound': 0, 'low_bound': 0, 'range_id': 0, 'range_label': None}]"
Data List,All data,Cell Voltage55,62,58,66,217,1,0x389C31,0x22,0x14A,mV,0,3,2,2,-1,-1,-1,1,0,0,0,,1,0,0,"[{'no': 1, 'up_bound': 0, 'low_bound': 0, 'range_id': 0, 'range_label': None}]"
Data List,All data,Cell Voltage56,63,59,67,218,1,0x389C31,0x22,0x14B,mV,0,3,2,2,-1,-1,-1,1,0,0,0,,1,0,0,"[{'no': 1, 'up_bound': 0, 'low_bound': 0, 'range_id': 0, 'range_label': None}]"
Data List,All data,Cell Voltage57,64,60,68,219,1,0x389C31,0x22,0x14C,mV,0,3,2,2,-1,-1,-1,1,0,0,0,,1,0,0,"[{'no': 1, 'up_bound': 0, 'low_bound': 0, 'range_id': 0, 'range_label': None}]"
Data List,All data,Cell Voltage58,65,61,69,220,1,0x389C31,0x22,0x14D,mV,0,3,2,2,-1,-1,-1,1,0,0,0,,1,0,0,"[{'no': 1, 'up_bound': 0, 'low_bound': 0, 'range_id': 0, 'range_label': None}]"
Data List,All data,Cell Voltage59,66,62,70,221,1,0x389C31,0x22,0x14E,mV,0,3,2,2,-1,-1,-1,1,0,0,0,,1,0,0,"[{'no': 1, 'up_bound': 0, 'low_bound': 0, 'range_id': 0, 'range_label': None}]"
Data List,All data,Cell Voltage60,67,64,71,222,1,0x389C31,0x22,0x14F,mV,0,3,2,2,-1,-1,-1,1,0,0,0,,1,0,0,"[{'no': 1, 'up_bound': 0, 'low_bound': 0, 'range_id': 0, 'range_label': None}]"
Data List,All data,Cell Voltage61,68,65,72,223,1,0x389C31,0x22,0x150,mV,0,3,2,2,-1,-1,-1,1,0,0,0,,1,0,0,"[{'no': 1, 'up_bound': 0, 'low_bound': 0, 'range_id': 0, 'range_label': None}]"
Data List,All data,Cell Voltage62,69,66,73,224,1,0x389C31,0x22,0x151,mV,0,3,2,2,-1,-1,-1,1,0,0,0,,1,0,0,"[{'no': 1, 'up_bound': 0, 'low_bound': 0, 'range_id': 0, 'range_label': None}]"
Data List,All data,Cell Voltage63,70,67,74,225,1,0x389C31,0x22,0x152,mV,0,3,2,2,-1,-1,-1,1,0,0,0,,1,0,0,"[{'no': 1, 'up_bound': 0, 'low_bound': 0, 'range_id': 0, 'range_label': None}]"
Data List,All data,Cell Voltage64,71,68,75,226,1,0x389C31,0x22,0x153,mV,0,3,2,2,-1,-1,-1,1,0,0,0,,1,0,0,"[{'no': 1, 'up_bound': 0, 'low_bound': 0, 'range_id': 0, 'range_label': None}]"
Data List,All data,Cell Voltage65,72,69,76,227,1,0x389C31,0x22,0x154,mV,0,3,2,2,-1,-1,-1,1,0,0,0,,1,0,0,"[{'no': 1, 'up_bound': 0, 'low_bound': 0, 'range_id': 0, 'range_label': None}]"
Data List,All data,Cell Voltage66,73,70,77,228,1,0x389C31,0x22,0x155,mV,0,3,2,2,-1,-1,-1,1,0,0,0,,1,0,0,"[{'no': 1, 'up_bound': 0, 'low_bound': 0, 'range_id': 0, 'range_label': None}]"
Data List,All data,Cell Voltage67,74,71,78,229,1,0x389C31,0x22,0x156,mV,0,3,2,2,-1,-1,-1,1,0,0,0,,1,0,0,"[{'no': 1, 'up_bound': 0, 'low_bound': 0, 'range_id': 0, 'range_label': None}]"
Data List,All data,Cell Voltage68,75,72,79,230,1,0x389C31,0x22,0x157,mV,0,3,2,2,-1,-1,-1,1,0,0,0,,1,0,0,"[{'no': 1, 'up_bound': 0, 'low_bound': 0, 'range_id': 0, 'range_label': None}]"
Data List,All data,Cell Voltage69,76,73,80,231,1,0x389C31,0x22,0x158,mV,0,3,2,2,-1,-1,-1,1,0,0,0,,1,0,0,"[{'no': 1, 'up_bound': 0, 'low_bound': 0, 'range_id': 0, 'range_label': None}]"
Data List,All data,Cell Voltage70,77,75,81,232,1,0x389C31,0x22,0x159,mV,0,3,2,2,-1,-1,-1,1,0,0,0,,1,0,0,"[{'no': 1, 'up_bound': 0, 'low_bound': 0, 'range_id': 0, 'range_label': None}]"
Data List,All data,Cell Voltage71,78,76,82,233,1,0x389C31,0x22,0x15A,mV,0,3,2,2,-1,-1,-1,1,0,0,0,,1,0,0,"[{'no': 1, 'up_bound': 0, 'low_bound': 0, 'range_id': 0, 'range_label': None}]"
Data List,All data,Cell Voltage72,79,77,83,234,1,0x389C31,0x22,0x15B,mV,0,3,2,2,-1,-1,-1,1,0,0,0,,1,0,0,"[{'no': 1, 'up_bound': 0, 'low_bound': 0, 'range_id': 0, 'range_label': None}]"
Data List,All data,Cell Voltage73,80,78,84,235,1,0x389C31,0x22,0x15C,mV,0,3,2,2,-1,-1,-1,1,0,0,0,,1,0,0,"[{'no': 1, 'up_bound': 0, 'low_bound': 0, 'range_id': 0, 'range_label': None}]"
Data List,All data,Cell Voltage74,81,79,85,236,1,0x389C31,0x22,0x15D,mV,0,3,2,2,-1,-1,-1,1,0,0,0,,1,0,0,"[{'no': 1, 'up_bound': 0, 'low_bound': 0, 'range_id': 0, 'range_label': None}]"
Data List,All data,Cell Voltage75,82,80,86,237,1,0x389C31,0x22,0x15E,mV,0,3,2,2,-1,-1,-1,1,0,0,0,,1,0,0,"[{'no': 1, 'up_bound': 0, 'low_bound': 0, 'range_id': 0, 'range_label': None}]"
Data List,All data,Cell Voltage76,83,81,87,238,1,0x389C31,0x22,0x15F,mV,0,3,2,2,-1,-1,-1,1,0,0,0,,1,0,0,"[{'no': 1, 'up_bound': 0, 'low_bound': 0, 'range_id': 0, 'range_label': None}]"
Data List,All data,Cell Voltage77,84,82,88,239,1,0x389C31,0x22,0x160,mV,0,3,2,2,-1,-1,-1,1,0,0,0,,1,0,0,"[{'no': 1, 'up_bound': 0, 'low_bound': 0, 'range_id': 0, 'range_label': None}]"
Data List,All data,Cell Voltage78,85,83,89,240,1,0x389C31,0x22,0x161,mV,0,3,2,2,-1,-1,-1,1,0,0,0,,1,0,0,"[{'no': 1, 'up_bound': 0, 'low_bound': 0, 'range_id': 0, 'range_label': None}]"
Data List,All data,Cell Voltage79,86,84,90,241,1,0x389C31,0x22,0x162,mV,0,3,2,2,-1,-1,-1,1,0,0,0,,1,0,0,"[{'no': 1, 'up_bound': 0, 'low_bound': 0, 'range_id': 0, 'range_label': None}]"
Data List,All data,Cell Voltage80,87,86,91,242,1,0x389C31,0x22,0x163,mV,0,3,2,2,-1,-1,-1,1,0,0,0,,1,0,0,"[{'no': 1, 'up_bound': 0, 'low_bound': 0, 'range_id': 0, 'range_label': None}]"
Data List,All data,Cell Voltage81,88,87,92,243,1,0x389C31,0x22,0x164,mV,0,3,2,2,-1,-1,-1,1,0,0,0,,1,0,0,"[{'no': 1, 'up_bound': 0, 'low_bound': 0, 'range_id': 0, 'range_label': None}]"
Data List,All data,Cell Voltage82,89,88,93,244,1,0x389C31,0x22,0x165,mV,0,3,2,2,-1,-1,-1,1,0,0,0,,1,0,0,"[{'no': 1, 'up_bound': 0, 'low_bound': 0, 'range_id': 0, 'range_label': None}]"
Data List,All data,Cell Voltage83,90,89,94,245,1,0x389C31,0x22,0x166,mV,0,3,2,2,-1,-1,-1,1,0,0,0,,1,0,0,"[{'no': 1, 'up_bound': 0, 'low_bound': 0, 'range_id': 0, 'range_label': None}]"
Data List,All data,Cell Voltage84,91,90,95,246,1,0x389C31,0x22,0x167,mV,0,3,2,2,-1,-1,-1,1,0,0,0,,1,0,0,"[{'no': 1, 'up_bound': 0, 'low_bound': 0, 'range_id': 0, 'range_label': None}]"
Data List,All data,Cell Voltage85,92,91,96,247,1,0x389C31,0x22,0x168,mV,0,3,2,2,-1,-1,-1,1,0,0,0,,1,0,0,"[{'no': 1, 'up_bound': 0, 'low_bound': 0, 'range_id': 0, 'range_label': None}]"
Data List,All data,Cell Voltage86,93,92,97,248,1,0x389C31,0x22,0x169,mV,0,3,2,2,-1,-1,-1,1,0,0,0,,1,0,0,"[{'no': 1, 'up_bound': 0, 'low_bound': 0, 'range_id': 0, 'range_label': None}]"
Data List,All data,Cell Voltage87,94,93,98,249,1,0x389C31,0x22,0x16A,mV,0,3,2,2,-1,-1,-1,1,0,0,0,,1,0,0,"[{'no': 1, 'up_bound': 0, 'low_bound': 0, 'range_id': 0, 'range_label': None}]"
Data List,All data,Cell Voltage88,95,94,99,250,1,0x389C31,0x22,0x16B,mV,0,3,2,2,-1,-1,-1,1,0,0,0,,1,0,0,"[{'no': 1, 'up_bound': 0, 'low_bound': 0, 'range_id': 0, 'range_label': None}]"
Data List,All data,Cell Voltage89,96,95,100,251,1,0x389C31,0x22,0x16C,mV,0,3,2,2,-1,-1,-1,1,0,0,0,,1,0,0,"[{'no': 1, 'up_bound': 0, 'low_bound': 0, 'range_id': 0, 'range_label': None}]"
Data List,All data,Cell Voltage90,97,97,101,252,1,0x389C31,0x22,0x16D,mV,0,3,2,2,-1,-1,-1,1,0,0,0,,1,0,0,"[{'no': 1, 'up_bound': 0, 'low_bound': 0, 'range_id': 0, 'range_label': None}]"
Data List,All data,Cell Voltage91,98,98,102,253,1,0x389C31,0x22,0x16E,mV,0,3,2,2,-1,-1,-1,1,0,0,0,,1,0,0,"[{'no': 1, 'up_bound': 0, 'low_bound': 0, 'range_id': 0, 'range_label': None}]"
Data List,All data,Cell Voltage92,99,99,103,254,1,0x389C31,0x22,0x16F,mV,0,3,2,2,-1,-1,-1,1,0,0,0,,1,0,0,"[{'no': 1, 'up_bound': 0, 'low_bound': 0, 'range_id': 0, 'range_label': None}]"
Data List,All data,Cell Voltage93,100,100,104,255,1,0x389C31,0x22,0x170,mV,0,3,2,2,-1,-1,-1,1,0,0,0,,1,0,0,"[{'no': 1, 'up_bound': 0, 'low_bound': 0, 'range_id': 0, 'range_label': None}]"
Data List,All data,Cell Voltage94,101,101,105,256,1,0x389C31,0x22,0x171,mV,0,3,2,2,-1,-1,-1,1,0,0,0,,1,0,0,"[{'no': 1, 'up_bound': 0, 'low_bound': 0, 'range_id': 0, 'range_label': None}]"
Data List,All data,Cell Voltage95,102,102,106,257,1,0x389C31,0x22,0x172,mV,0,3,2,2,-1,-1,-1,1,0,0,0,,1,0,0,"[{'no': 1, 'up_bound': 0, 'low_bound': 0, 'range_id': 0, 'range_label': None}]"
Data List,All data,Cell Voltage96,103,103,107,258,1,0x389C31,0x22,0x173,mV,0,3,2,2,-1,-1,-1,1,0,0,0,,1,0,0,"[{'no': 1, 'up_bound': 0, 'low_bound': 0, 'range_id': 0, 'range_label': None}]"
Data List,All data,Total Voltage of Battery,104,141,108,259,1,0x389C31,0x22,0x174,V,0,3,2,2,-1,-1,-1,1,0,0,0,,0.01,0,2,"[{'no': 1, 'up_bound': 0, 'low_bound': 0, 'range_id': 0, 'range_label': None}]"
Data List,All data,Maximum Cell voltage,105,133,109,260,1,0x389C31,0x22,0x178,mV,0,3,2,2,-1,-1,-1,1,0,0,0,,1,0,0,"[{'no': 1, 'up_bound': 0, 'low_bound': 0, 'range_id': 0, 'range_label': None}]"
Data List,All data,Minimum Cell voltage,106,134,110,261,1,0x389C31,0x22,0x179,mV,0,3,2,2,-1,-1,-1,1,0,0,0,,1,0,0,"[{'no': 1, 'up_bound': 0, 'low_bound': 0, 'range_id': 0, 'range_label': None}]"
Data List,All data,FAIL status,107,128,1307,1313,1,0x389C31,0x22,0x17C,,0,3,1,2,-1,-1,-1,1,0,0,8002525,No-Request,0,0,0,"[{'no': 1, 'up_bound': 0, 'low_bound': 0, 'range_id': 8002525, 'range_label': 'No-Request'}, {'no': 2, 'up_bound': 3, 'low_bound': 1, 'range_id': 8002526, 'range_label': 'Main Relay OFF Request'}]"
Data List,All data,BMU Mode Status,108,7,1308,1314,1,0x389C31,0x22,0x17D,,0,3,1,2,-1,-1,-1,1,0,0,8002527,Normal start Request,0,0,0,"[{'no': 1, 'up_bound': 0, 'low_bound': 0, 'range_id': 8002527, 'range_label': 'Normal start Request'}, {'no': 2, 'up_bound': 1, 'low_bound': 1, 'range_id': 8002526, 'range_label': 'Main Relay OFF Request'}, {'no': 3, 'up_bound': 2, 'low_bound': 2, 'range_id': 8002520, 'range_label': 'Charging Mode Stop Request'}, {'no': 4, 'up_bound': 3, 'low_bound': 3, 'range_id': 8002526, 'range_label': 'Main Relay OFF Request'}, {'no': 5, 'up_bound': 4, 'low_bound': 4, 'range_id': 8002521, 'range_label': 'Caution Lamp Request'}, {'no': 6, 'up_bound': 5, 'low_bound': 5, 'range_id': 8002522, 'range_label': 'Main Relay OFF/Caution Lamp Req.'}, {'no': 7, 'up_bound': 6, 'low_bound': 6, 'range_id': 8002523, 'range_label': 'CautionLamp/ChargeMode Stop Req.'}, {'no': 8, 'up_bound': 7, 'low_bound': 7, 'range_id': 8002522, 'range_label': 'Main Relay OFF/Caution Lamp Req.'}]"
Data List,All data,Battery Temperature 1,109,3,111,262,1,0x389C31,0x22,0x184,°C,0,3,1,2,-1,-1,-1,1,0,0,0,,1,0,0,"[{'no': 1, 'up_bound': 0, 'low_bound': 0, 'range_id': 0, 'range_label': None}]"
Data List,All data,Battery Temperature 2,110,4,112,263,1,0x389C31,0x22,0x186,°C,0,3,1,2,-1,-1,-1,1,0,0,0,,1,0,0,"[{'no': 1, 'up_bound': 0, 'low_bound': 0, 'range_id': 0, 'range_label': None}]"
Data List,All data,Battery Temperature 3,111,5,113,264,1,0x389C31,0x22,0x188,°C,0,3,1,2,-1,-1,-1,1,0,0,0,,1,0,0,"[{'no': 1, 'up_bound': 0, 'low_bound': 0, 'range_id': 0, 'range_label': None}]"
Data List,All data,Battery Temperature 4,112,6,114,265,1,0x389C31,0x22,0x18A,°C,0,3,1,2,-1,-1,-1,1,0,0,0,,1,0,0,"[{'no': 1, 'up_bound': 0, 'low_bound': 0, 'range_id': 0, 'range_label': None}]"
Data List,All data,Coolant temp (Outlet),113,105,115,266,1,0x389C31,0x22,0x18C,°C,0,3,1,2,-1,-1,-1,1,0,0,0,,0.5,0,0,"[{'no': 1, 'up_bound': 0, 'low_bound': 0, 'range_id': 0, 'range_label': None}]"
Data List,All data,Coolant temp2 (Inlet),114,106,116,267,1,0x389C31,0x22,0x18E,°C,0,3,1,2,-1,-1,-1,1,0,0,0,,0.5,0,0,"[{'no': 1, 'up_bound': 0, 'low_bound': 0, 'range_id': 0, 'range_label': None}]"
Data List,All data,Charge Request from Master controller,115,104,1309,1315,1,0x389C31,0x22,0x1D2,,0,3,1,2,-1,-1,-1,1,0,0,8002524,Run,0,0,0,"[{'no': 1, 'up_bound': 0, 'low_bound': 0, 'range_id': 8002524, 'range_label': 'Run'}, {'no': 2, 'up_bound': 1, 'low_bound': 1, 'range_id': 8001890, 'range_label': 'Normal charge'}, {'no': 3, 'up_bound': 2, 'low_bound': 2, 'range_id': 8001887, 'range_label': 'Quick charge'}, {'no': 4, 'up_bound': 3, 'low_bound': 3, 'range_id': 8001889, 'range_label': 'Stop request'}]"
Data List,All data,Distance unit change flag,116,124,117,268,1,0x389C31,0x22,0x1D7,,0,3,1,2,-1,-1,-1,1,0,0,44020047,km,0,0,0,"[{'no': 1, 'up_bound': 0, 'low_bound': 0, 'range_id': 44020047, 'range_label': 'km'}, {'no': 2, 'up_bound': 1, 'low_bound': 1, 'range_id': 44020046, 'range_label': 'mile'}]"
Data List,All data,Total distance,117,140,118,269,1,0x389C31,0x22,0x1D8,km,0,3,4,2,-1,-1,-1,1,0,0,0,,0.01,0,2,"[{'no': 1, 'up_bound': 0, 'low_bound': 0, 'range_id': 0, 'range_label': None}]"
Data List,All data,GND voltage,118,129,119,270,1,0x389C31,0x22,0x1DA,mV,0,3,2,2,-1,-1,-1,1,0,0,0,,4.88,0,2,"[{'no': 1, 'up_bound': 0, 'low_bound': 0, 'range_id': 0, 'range_label': None}]"
Data List,All data,SOP coefficient,119,139,1310,1316,1,0x389C31,0x22,0x1E0,,0,3,2,2,-1,-1,-1,1,0,0,0,,0.0001,0,4,"[{'no': 1, 'up_bound': 0, 'low_bound': 0, 'range_id': 0, 'range_label': None}]"
Data List,All data,Degradation meter segment DUTY,120,107,120,271,1,0x389C31,0x22,0x1E1,,0,3,1,2,-1,-1,-1,1,0,0,8001855,SOH 0-16%,0,0,0,"[{'no': 1, 'up_bound': 0, 'low_bound': 0, 'range_id': 8001855, 'range_label': 'SOH 0-16%'}, {'no': 2, 'up_bound': 14, 'low_bound': 1, 'range_id': 8001856, 'range_label': 'SOH 16-20%'}, {'no': 3, 'up_bound': 29, 'low_bound': 15, 'range_id': 8001857, 'range_label': 'SOH 21-25%'}, {'no': 4, 'up_bound': 44, 'low_bound': 30, 'range_id': 8001858, 'range_label': 'SOH 26-30%'}, {'no': 5, 'up_bound': 59, 'low_bound': 45, 'range_id': 8001859, 'range_label': 'SOH 31-35%'}, {'no': 6, 'up_bound': 74, 'low_bound': 60, 'range_id': 8001860, 'range_label': 'SOH 36-40%'}, {'no': 7, 'up_bound': 89, 'low_bound': 75, 'range_id': 8001861, 'range_label': 'SOH 41-45%'}, {'no': 8, 'up_bound': 104, 'low_bound': 90, 'range_id': 8001862, 'range_label': 'SOH 46-50%'}, {'no': 9, 'up_bound': 119, 'low_bound': 105, 'range_id': 8001863, 'range_label': 'SOH 51-55%'}, {'no': 10, 'up_bound': 134, 'low_bound': 120, 'range_id': 8001864, 'range_label': 'SOH 56-60%'}, {'no': 11, 'up_bound': 149, 'low_bound': 135, 'range_id': 8001865, 'range_label': 'SOH 61-65%'}, {'no': 12, 'up_bound': 164, 'low_bound': 150, 'range_id': 8001866, 'range_label': 'SOH 66-70%'}, {'no': 13, 'up_bound': 179, 'low_bound': 165, 'range_id': 8001867, 'range_label': 'SOH 71-75%'}, {'no': 14, 'up_bound': 194, 'low_bound': 180, 'range_id': 8001868, 'range_label': 'SOH 76-80%'}, {'no': 15, 'up_bound': 209, 'low_bound': 195, 'range_id': 8001869, 'range_label': 'SOH 81-85%'}, {'no': 16, 'up_bound': 224, 'low_bound': 210, 'range_id': 8001870, 'range_label': 'SOH 86-90%'}, {'no': 17, 'up_bound': 239, 'low_bound': 225, 'range_id': 8001871, 'range_label': 'SOH 91-95%'}, {'no': 18, 'up_bound': 240, 'low_bound': 240, 'range_id': 8001872, 'range_label': 'SOH 96-100%'}]"
Data List,All data,ODO decrease occur counter,121,135,121,272,1,0x389C31,0x22,0x276,count,0,3,1,2,-1,-1,-1,1,0,0,0,,1,0,0,"[{'no': 1, 'up_bound': 0, 'low_bound': 0, 'range_id': 0, 'range_label': None}]"
Data List,All data,Integrated decreased distance,122,130,122,273,1,0x389C31,0x22,0x277,km,0,3,4,2,-1,-1,-1,1,0,0,0,,0.01,0,2,"[{'no': 1, 'up_bound': 0, 'low_bound': 0, 'range_id': 0, 'range_label': None}]"
Data List,All data,Traceability information1,123,142,123,274,1,0x389C31,0x22,0x279,,0,3,1,2,-1,-1,-1,1,0,0,0,,1,0,0,"[{'no': 1, 'up_bound': 0, 'low_bound': 0, 'range_id': 0, 'range_label': None}]"
Data List,All data,Traceability information2,124,150,124,275,1,0x389C31,0x22,0x27A,,0,3,1,2,-1,-1,-1,1,0,0,0,,1,0,0,"[{'no': 1, 'up_bound': 0, 'low_bound': 0, 'range_id': 0, 'range_label': None}]"
Data List,All data,Traceability information3,125,151,125,276,1,0x389C31,0x22,0x27B,,0,3,1,2,-1,-1,-1,1,0,0,0,,1,0,0,"[{'no': 1, 'up_bound': 0, 'low_bound': 0, 'range_id': 0, 'range_label': None}]"
Data List,All data,Traceability information4,126,152,126,277,1,0x389C31,0x22,0x27C,,0,3,1,2,-1,-1,-1,1,0,0,0,,1,0,0,"[{'no': 1, 'up_bound': 0, 'low_bound': 0, 'range_id': 0, 'range_label': None}]"
Data List,All data,Traceability information5,127,153,127,278,1,0x389C31,0x22,0x27D,,0,3,1,2,-1,-1,-1,1,0,0,0,,1,0,0,"[{'no': 1, 'up_bound': 0, 'low_bound': 0, 'range_id': 0, 'range_label': None}]"
Data List,All data,Traceability information6,128,154,128,279,1,0x389C31,0x22,0x27E,,0,3,1,2,-1,-1,-1,1,0,0,0,,1,0,0,"[{'no': 1, 'up_bound': 0, 'low_bound': 0, 'range_id': 0, 'range_label': None}]"
Data List,All data,Traceability information7,129,155,129,280,1,0x389C31,0x22,0x27F,,0,3,1,2,-1,-1,-1,1,0,0,0,,1,0,0,"[{'no': 1, 'up_bound': 0, 'low_bound': 0, 'range_id': 0, 'range_label': None}]"
Data List,All data,Traceability information8,130,156,130,281,1,0x389C31,0x22,0x280,,0,3,1,2,-1,-1,-1,1,0,0,0,,1,0,0,"[{'no': 1, 'up_bound': 0, 'low_bound': 0, 'range_id': 0, 'range_label': None}]"
Data List,All data,Traceability information9,131,157,131,282,1,0x389C31,0x22,0x281,,0,3,1,2,-1,-1,-1,1,0,0,0,,1,0,0,"[{'no': 1, 'up_bound': 0, 'low_bound': 0, 'range_id': 0, 'range_label': None}]"
Data List,All data,Traceability information10,132,143,132,283,1,0x389C31,0x22,0x282,,0,3,1,2,-1,-1,-1,1,0,0,0,,1,0,0,"[{'no': 1, 'up_bound': 0, 'low_bound': 0, 'range_id': 0, 'range_label': None}]"
Data List,All data,Traceability information11,133,144,133,284,1,0x389C31,0x22,0x283,,0,3,1,2,-1,-1,-1,1,0,0,0,,1,0,0,"[{'no': 1, 'up_bound': 0, 'low_bound': 0, 'range_id': 0, 'range_label': None}]"
Data List,All data,Traceability information12,134,145,134,285,1,0x389C31,0x22,0x284,,0,3,1,2,-1,-1,-1,1,0,0,0,,1,0,0,"[{'no': 1, 'up_bound': 0, 'low_bound': 0, 'range_id': 0, 'range_label': None}]"
Data List,All data,Traceability information13,135,146,135,286,1,0x389C31,0x22,0x285,,0,3,1,2,-1,-1,-1,1,0,0,0,,1,0,0,"[{'no': 1, 'up_bound': 0, 'low_bound': 0, 'range_id': 0, 'range_label': None}]"
Data List,All data,Traceability information14,136,147,136,287,1,0x389C31,0x22,0x286,,0,3,1,2,-1,-1,-1,1,0,0,0,,1,0,0,"[{'no': 1, 'up_bound': 0, 'low_bound': 0, 'range_id': 0, 'range_label': None}]"
Data List,All data,Traceability information15,137,148,137,288,1,0x389C31,0x22,0x287,,0,3,1,2,-1,-1,-1,1,0,0,0,,1,0,0,"[{'no': 1, 'up_bound': 0, 'low_bound': 0, 'range_id': 0, 'range_label': None}]"
Data List,All data,Traceability information16,138,149,138,289,1,0x389C31,0x22,0x288,,0,3,1,2,-1,-1,-1,1,0,0,0,,1,0,0,"[{'no': 1, 'up_bound': 0, 'low_bound': 0, 'range_id': 0, 'range_label': None}]"
Data List,All data,SOC for display,139,138,1311,1317,1,0x389C31,0x22,0x2A3,%,0,3,2,2,-1,-1,-1,1,0,0,0,,0.01,0,2,"[{'no': 1, 'up_bound': 0, 'low_bound': 0, 'range_id': 0, 'range_label': None}]"
Data List,All data,2sec max cell internal resistance,140,2,139,290,1,0x389C31,0x22,0x2B9,mohm,0,3,2,2,-1,-1,-1,1,0,0,0,,0.0078125,0,7,"[{'no': 1, 'up_bound': 0, 'low_bound': 0, 'range_id': 0, 'range_label': None}]"
Data List,All data,Max cell internal resistance ID,141,132,140,291,1,0x389C31,0x22,0x2BA,,0,3,1,2,-1,-1,-1,1,0,0,0,,1,0,0,"[{'no': 1, 'up_bound': 0, 'low_bound': 0, 'range_id': 0, 'range_label': None}]"
Data List,All data,Difference cell internal resistance of stack1,142,108,141,292,1,0x389C31,0x22,0x2BE,mohm,0,3,2,2,-1,-1,-1,1,0,0,0,,0.0078125,0,7,"[{'no': 1, 'up_bound': 0, 'low_bound': 0, 'range_id': 0, 'range_label': None}]"
Data List,All data,Difference cell internal resistance of stack2,143,109,142,293,1,0x389C31,0x22,0x2BF,mohm,0,3,2,2,-1,-1,-1,1,0,0,0,,0.0078125,0,7,"[{'no': 1, 'up_bound': 0, 'low_bound': 0, 'range_id': 0, 'range_label': None}]"
Data List,All data,Difference cell internal resistance of stack3,144,110,143,294,1,0x389C31,0x22,0x2C0,mohm,0,3,2,2,-1,-1,-1,1,0,0,0,,0.0078125,0,7,"[{'no': 1, 'up_bound': 0, 'low_bound': 0, 'range_id': 0, 'range_label': None}]"
Data List,All data,Difference cell internal resistance of stack4,145,111,144,295,1,0x389C31,0x22,0x2C1,mohm,0,3,2,2,-1,-1,-1,1,0,0,0,,0.0078125,0,7,"[{'no': 1, 'up_bound': 0, 'low_bound': 0, 'range_id': 0, 'range_label': None}]"
Data List,All data,Difference cell internal resistance of stack5,146,112,145,296,1,0x389C31,0x22,0x2C2,mohm,0,3,2,2,-1,-1,-1,1,0,0,0,,0.0078125,0,7,"[{'no': 1, 'up_bound': 0, 'low_bound': 0, 'range_id': 0, 'range_label': None}]"
Data List,All data,Difference cell internal resistance of stack6,147,113,146,297,1,0x389C31,0x22,0x2C3,mohm,0,3,2,2,-1,-1,-1,1,0,0,0,,0.0078125,0,7,"[{'no': 1, 'up_bound': 0, 'low_bound': 0, 'range_id': 0, 'range_label': None}]"
Data List,All data,Difference cell internal resistance of stack7,148,114,147,298,1,0x389C31,0x22,0x2C4,mohm,0,3,2,2,-1,-1,-1,1,0,0,0,,0.0078125,0,7,"[{'no': 1, 'up_bound': 0, 'low_bound': 0, 'range_id': 0, 'range_label': None}]"
Data List,All data,Difference cell internal resistance of stack8,149,115,148,299,1,0x389C31,0x22,0x2C5,mohm,0,3,2,2,-1,-1,-1,1,0,0,0,,0.0078125,0,7,"[{'no': 1, 'up_bound': 0, 'low_bound': 0, 'range_id': 0, 'range_label': None}]"
Data List,All data,Difference SOC of stack1,150,116,149,300,1,0x389C31,0x22,0x2C6,%,0,3,2,2,-1,-1,-1,1,0,0,0,,0.001953125,0,4,"[{'no': 1, 'up_bound': 0, 'low_bound': 0, 'range_id': 0, 'range_label': None}]"
Data List,All data,Difference SOC of stack2,151,117,150,301,1,0x389C31,0x22,0x2C7,%,0,3,2,2,-1,-1,-1,1,0,0,0,,0.001953125,0,4,"[{'no': 1, 'up_bound': 0, 'low_bound': 0, 'range_id': 0, 'range_label': None}]"
Data List,All data,Difference SOC of stack3,152,118,151,302,1,0x389C31,0x22,0x2C8,%,0,3,2,2,-1,-1,-1,1,0,0,0,,0.001953125,0,4,"[{'no': 1, 'up_bound': 0, 'low_bound': 0, 'range_id': 0, 'range_label': None}]"
Data List,All data,Difference SOC of stack4,153,119,152,303,1,0x389C31,0x22,0x2C9,%,0,3,2,2,-1,-1,-1,1,0,0,0,,0.001953125,0,4,"[{'no': 1, 'up_bound': 0, 'low_bound': 0, 'range_id': 0, 'range_label': None}]"
Data List,All data,Difference SOC of stack5,154,120,153,304,1,0x389C31,0x22,0x2CA,%,0,3,2,2,-1,-1,-1,1,0,0,0,,0.001953125,0,4,"[{'no': 1, 'up_bound': 0, 'low_bound': 0, 'range_id': 0, 'range_label': None}]"
Data List,All data,Difference SOC of stack6,155,121,154,305,1,0x389C31,0x22,0x2CB,%,0,3,2,2,-1,-1,-1,1,0,0,0,,0.001953125,0,4,"[{'no': 1, 'up_bound': 0, 'low_bound': 0, 'range_id': 0, 'range_label': None}]"
Data List,All data,Difference SOC of stack7,156,122,155,306,1,0x389C31,0x22,0x2CC,%,0,3,2,2,-1,-1,-1,1,0,0,0,,0.001953125,0,4,"[{'no': 1, 'up_bound': 0, 'low_bound': 0, 'range_id': 0, 'range_label': None}]"
Data List,All data,Difference SOC of stack8,157,123,156,307,1,0x389C31,0x22,0x2CD,%,0,3,2,2,-1,-1,-1,1,0,0,0,,0.001953125,0,4,"[{'no': 1, 'up_bound': 0, 'low_bound': 0, 'range_id': 0, 'range_label': None}]"
Data gathering,,Data(DA00),1,1,451,0,1,0x389C31,0x22,0xDA00,,0,0,318,2,-1,-1,-1,,,,,,,,,[]
Data gathering,,Data(DA10),2,2,452,0,1,0x389C31,0x22,0xDA10,,0,0,280,2,-1,-1,-1,,,,,,,,,[]
Data gathering,,Data(DA11),3,3,453,0,1,0x389C31,0x22,0xDA11,,0,0,280,2,-1,-1,-1,,,,,,,,,[]
Data gathering,,Data(DA12),4,4,454,0,1,0x389C31,0x22,0xDA12,,0,0,280,2,-1,-1,-1,,,,,,,,,[]
Data gathering,,Data(DA13),5,5,455,0,1,0x389C31,0x22,0xDA13,,0,0,280,2,-1,-1,-1,,,,,,,,,[]
Data gathering,,Data(DA14),6,6,456,0,1,0x389C31,0x22,0xDA14,,0,0,280,2,-1,-1,-1,,,,,,,,,[]
Data gathering,,Data(DA70),7,7,457,0,1,0x389C31,0x22,0xDA70,,0,0,127,2,-1,-1,-1,,,,,,,,,[]
Data gathering,,Data(DA71),8,8,458,0,1,0x389C31,0x22,0xDA71,,0,0,153,2,-1,-1,-1,,,,,,,,,[]
Data gathering,,Data(DA72),9,9,459,0,1,0x389C31,0x22,0xDA72,,0,0,123,2,-1,-1,-1,,,,,,,,,[]
Data gathering,,Data(DA73),10,10,460,0,1,0x389C31,0x22,0xDA73,,0,0,153,2,-1,-1,-1,,,,,,,,,[]
Data gathering,,Data(DA74),11,11,461,0,1,0x389C31,0x22,0xDA74,,0,0,75,2,-1,-1,-1,,,,,,,,,[]
Data gathering,,Data(DA75),12,12,462,0,1,0x389C31,0x22,0xDA75,,0,0,48,2,-1,-1,-1,,,,,,,,,[]
Data gathering,,Data(DA76),13,13,463,0,1,0x389C31,0x22,0xDA76,,0,0,48,2,-1,-1,-1,,,,,,,,,[]
Data gathering,,Data(DA77),14,14,464,0,1,0x389C31,0x22,0xDA77,,0,0,61,2,-1,-1,-1,,,,,,,,,[]
Data gathering,,Data(DA78),15,15,465,0,1,0x389C31,0x22,0xDA78,,0,0,43,2,-1,-1,-1,,,,,,,,,[]
Data gathering,,Data(DA79),16,16,466,0,1,0x389C31,0x22,0xDA79,,0,0,65,2,-1,-1,-1,,,,,,,,,[]
Data gathering,,Data(DA7A),17,17,467,0,1,0x389C31,0x22,0xDA7A,,0,0,83,2,-1,-1,-1,,,,,,,,,[]
Data gathering,,Data(DA7B),18,18,468,0,1,0x389C31,0x22,0xDA7B,,0,0,171,2,-1,-1,-1,,,,,,,,,[]
Data gathering,,Data(DA7C),19,19,469,0,1,0x389C31,0x22,0xDA7C,,0,0,163,2,-1,-1,-1,,,,,,,,,[]
Data gathering,,Data(DA7D),20,20,470,0,1,0x389C31,0x22,0xDA7D,,0,0,59,2,-1,-1,-1,,,,,,,,,[]
Data gathering,,Data(DA7E),21,21,471,0,1,0x389C31,0x22,0xDA7E,,0,0,59,2,-1,-1,-1,,,,,,,,,[]
Data gathering,,Data(DA7F),22,22,472,0,1,0x389C31,0x22,0xDA7F,,0,0,115,2,-1,-1,-1,,,,,,,,,[]
Data gathering,,Data(DA80),23,23,473,0,1,0x389C31,0x22,0xDA80,,0,0,83,2,-1,-1,-1,,,,,,,,,[]
Data gathering,,Data(DA81),24,24,474,0,1,0x389C31,0x22,0xDA81,,0,0,55,2,-1,-1,-1,,,,,,,,,[]
Data gathering,,Data(DA82),25,25,475,0,1,0x389C31,0x22,0xDA82,,0,0,31,2,-1,-1,-1,,,,,,,,,[]
Data gathering,,Data(DA83),26,26,476,0,1,0x389C31,0x22,0xDA83,,0,0,43,2,-1,-1,-1,,,,,,,,,[]
Data gathering,,Data(DA84),27,27,477,0,1,0x389C31,0x22,0xDA84,,0,0,31,2,-1,-1,-1,,,,,,,,,[]
Data gathering,,Data(DA85),28,28,478,0,1,0x389C31,0x22,0xDA85,,0,0,43,2,-1,-1,-1,,,,,,,,,[]
Data gathering,,Data(DA86),29,29,479,0,1,0x389C31,0x22,0xDA86,,0,0,43,2,-1,-1,-1,,,,,,,,,[]
Data gathering,,Data(DA87),30,30,480,0,1,0x389C31,0x22,0xDA87,,0,0,43,2,-1,-1,-1,,,,,,,,,[]
Data gathering,,Data(DA88),31,31,481,0,1,0x389C31,0x22,0xDA88,,0,0,67,2,-1,-1,-1,,,,,,,,,[]
Data gathering,,Data(DA89),32,32,482,0,1,0x389C31,0x22,0xDA89,,0,0,67,2,-1,-1,-1,,,,,,,,,[]
Data gathering,,Data(DA8A),33,33,483,0,1,0x389C31,0x22,0xDA8A,,0,0,5,2,-1,-1,-1,,,,,,,,,[]
Data gathering,,Data(DA8B),34,34,484,0,1,0x389C31,0x22,0xDA8B,,0,0,5,2,-1,-1,-1,,,,,,,,,[]
Freeze Frame Data,Fuel control,ODO/TRIP METER,10,1210,311,0,1,0x389C31,0xF0,0xD0,km,0,2,3,2,-1,-1,-1,1,0,0,0,,1,0,0,"[{'no': 1, 'up_bound': 0, 'low_bound': 0, 'range_id': 0, 'range_label': None}]"
Freeze Frame Data,Fuel control,Detected DTC1,20,1100,1319,0,1,0x389C31,0x2,0x8D,,0,2,2,2,-1,-1,-1,1,0,0,0,,1,0,0,"[{'no': 1, 'up_bound': 0, 'low_bound': 0, 'range_id': 0, 'range_label': None}]"
Freeze Frame Data,Fuel control,Detected DTC2,30,1110,1320,0,1,0x389C31,0x2,0x8E,,0,2,2,2,-1,-1,-1,1,0,0,0,,1,0,0,"[{'no': 1, 'up_bound': 0, 'low_bound': 0, 'range_id': 0, 'range_label': None}]"
Freeze Frame Data,Fuel control,Diagnosis ID,40,1120,1321,0,1,0x389C31,0x2,0x8F,,0,2,2,2,-1,-1,-1,1,0,0,0,,1,0,0,"[{'no': 1, 'up_bound': 0, 'low_bound': 0, 'range_id': 0, 'range_label': None}]"
Freeze Frame Data,Fuel control,Electric Current of Battery,50,1140,312,0,1,0x389C31,0x1,0x2,A,0,2,4,2,-1,-1,-1,1,0,0,0,,0.001,0,3,"[{'no': 1, 'up_bound': 0, 'low_bound': 0, 'range_id': 0, 'range_label': None}]"
Freeze Frame Data,Fuel control,Input Possible Power CAN Output (After Restriction),60,1180,1322,0,1,0x389C31,0x1,0x4,kW,0,2,2,2,-1,-1,-1,1,0,0,0,,0.01,0,2,"[{'no': 1, 'up_bound': 0, 'low_bound': 0, 'range_id': 0, 'range_label': None}]"
Freeze Frame Data,Fuel control,Output Possible Power CAN Output (After Restriction),70,1220,1323,0,1,0x389C31,0x1,0x5,kW,0,2,2,2,-1,-1,-1,1,0,0,0,,0.01,0,2,"[{'no': 1, 'up_bound': 0, 'low_bound': 0, 'range_id': 0, 'range_label': None}]"
Freeze Frame Data,Fuel control,Sum of all Cell voltage,80,1250,1324,0,1,0x389C31,0x1,0x6,V,0,2,2,2,-1,-1,-1,1,0,0,0,,0.01,0,2,"[{'no': 1, 'up_bound': 0, 'low_bound': 0, 'range_id': 0, 'range_label': None}]"
Freeze Frame Data,Fuel control,12V Battery Voltage (Auxiliary Battery Voltage),90,10,313,0,1,0x389C31,0x1,0x7,mV,0,2,2,2,-1,-1,-1,1,0,0,0,,1,0,0,"[{'no': 1, 'up_bound': 0, 'low_bound': 0, 'range_id': 0, 'range_label': None}]"
Freeze Frame Data,Fuel control,IR Sensor short pulse amplitude,100,1200,314,0,1,0x389C31,0x1,0x8,mV,0,2,2,2,-1,-1,-1,1,0,0,0,,4.88,0,2,"[{'no': 1, 'up_bound': 0, 'low_bound': 0, 'range_id': 0, 'range_label': None}]"
Freeze Frame Data,Fuel control,SOC CAN Output,110,1240,1325,0,1,0x389C31,0x1,0xB,%,0,2,4,2,-1,-1,-1,1,0,0,0,,0.0001,0,4,"[{'no': 1, 'up_bound': 0, 'low_bound': 0, 'range_id': 0, 'range_label': None}]"
Freeze Frame Data,Fuel control,SD Switch Interlock flag,120,1230,315,0,1,0x389C31,0x1,0xE,,0,2,1,2,-1,-1,-1,1,0,0,8001873,Switch open,0,0,0,"[{'no': 1, 'up_bound': 0, 'low_bound': 0, 'range_id': 8001873, 'range_label': 'Switch open'}, {'no': 2, 'up_bound': 1, 'low_bound': 1, 'range_id': 8001874, 'range_label': 'Switch close'}]"
Freeze Frame Data,Fuel control,Cell Voltage1,130,90,316,0,1,0x389C31,0x1,0x14,mV,0,2,2,2,-1,-1,-1,1,0,0,0,,1,0,0,"[{'no': 1, 'up_bound': 0, 'low_bound': 0, 'range_id': 0, 'range_label': None}]"
Freeze Frame Data,Fuel control,Cell Voltage2,140,200,317,0,1,0x389C31,0x1,0x15,mV,0,2,2,2,-1,-1,-1,1,0,0,0,,1,0,0,"[{'no': 1, 'up_bound': 0, 'low_bound': 0, 'range_id': 0, 'range_label': None}]"
Freeze Frame Data,Fuel control,Cell Voltage3,150,310,318,0,1,0x389C31,0x1,0x16,mV,0,2,2,2,-1,-1,-1,1,0,0,0,,1,0,0,"[{'no': 1, 'up_bound': 0, 'low_bound': 0, 'range_id': 0, 'range_label': None}]"
Freeze Frame Data,Fuel control,Cell Voltage4,160,420,319,0,1,0x389C31,0x1,0x17,mV,0,2,2,2,-1,-1,-1,1,0,0,0,,1,0,0,"[{'no': 1, 'up_bound': 0, 'low_bound': 0, 'range_id': 0, 'range_label': None}]"
Freeze Frame Data,Fuel control,Cell Voltage5,170,530,320,0,1,0x389C31,0x1,0x18,mV,0,2,2,2,-1,-1,-1,1,0,0,0,,1,0,0,"[{'no': 1, 'up_bound': 0, 'low_bound': 0, 'range_id': 0, 'range_label': None}]"
Freeze Frame Data,Fuel control,Cell Voltage6,180,640,321,0,1,0x389C31,0x1,0x19,mV,0,2,2,2,-1,-1,-1,1,0,0,0,,1,0,0,"[{'no': 1, 'up_bound': 0, 'low_bound': 0, 'range_id': 0, 'range_label': None}]"
Freeze Frame Data,Fuel control,Cell Voltage7,190,750,322,0,1,0x389C31,0x1,0x1A,mV,0,2,2,2,-1,-1,-1,1,0,0,0,,1,0,0,"[{'no': 1, 'up_bound': 0, 'low_bound': 0, 'range_id': 0, 'range_label': None}]"
Freeze Frame Data,Fuel control,Cell Voltage8,200,860,323,0,1,0x389C31,0x1,0x1B,mV,0,2,2,2,-1,-1,-1,1,0,0,0,,1,0,0,"[{'no': 1, 'up_bound': 0, 'low_bound': 0, 'range_id': 0, 'range_label': None}]"
Freeze Frame Data,Fuel control,Cell Voltage9,210,970,324,0,1,0x389C31,0x1,0x1C,mV,0,2,2,2,-1,-1,-1,1,0,0,0,,1,0,0,"[{'no': 1, 'up_bound': 0, 'low_bound': 0, 'range_id': 0, 'range_label': None}]"
Freeze Frame Data,Fuel control,Cell Voltage10,220,100,325,0,1,0x389C31,0x1,0x1D,mV,0,2,2,2,-1,-1,-1,1,0,0,0,,1,0,0,"[{'no': 1, 'up_bound': 0, 'low_bound': 0, 'range_id': 0, 'range_label': None}]"
Freeze Frame Data,Fuel control,Cell Voltage11,230,110,326,0,1,0x389C31,0x1,0x1E,mV,0,2,2,2,-1,-1,-1,1,0,0,0,,1,0,0,"[{'no': 1, 'up_bound': 0, 'low_bound': 0, 'range_id': 0, 'range_label': None}]"
Freeze Frame Data,Fuel control,Cell Voltage12,240,120,327,0,1,0x389C31,0x1,0x1F,mV,0,2,2,2,-1,-1,-1,1,0,0,0,,1,0,0,"[{'no': 1, 'up_bound': 0, 'low_bound': 0, 'range_id': 0, 'range_label': None}]"
Freeze Frame Data,Fuel control,Cell Voltage13,250,130,328,0,1,0x389C31,0x1,0x20,mV,0,2,2,2,-1,-1,-1,1,0,0,0,,1,0,0,"[{'no': 1, 'up_bound': 0, 'low_bound': 0, 'range_id': 0, 'range_label': None}]"
Freeze Frame Data,Fuel control,Cell Voltage14,260,140,329,0,1,0x389C31,0x1,0x21,mV,0,2,2,2,-1,-1,-1,1,0,0,0,,1,0,0,"[{'no': 1, 'up_bound': 0, 'low_bound': 0, 'range_id': 0, 'range_label': None}]"
Freeze Frame Data,Fuel control,Cell Voltage15,270,150,330,0,1,0x389C31,0x1,0x22,mV,0,2,2,2,-1,-1,-1,1,0,0,0,,1,0,0,"[{'no': 1, 'up_bound': 0, 'low_bound': 0, 'range_id': 0, 'range_label': None}]"
Freeze Frame Data,Fuel control,Cell Voltage16,280,160,331,0,1,0x389C31,0x1,0x23,mV,0,2,2,2,-1,-1,-1,1,0,0,0,,1,0,0,"[{'no': 1, 'up_bound': 0, 'low_bound': 0, 'range_id': 0, 'range_label': None}]"
Freeze Frame Data,Fuel control,Cell Voltage17,290,170,332,0,1,0x389C31,0x1,0x24,mV,0,2,2,2,-1,-1,-1,1,0,0,0,,1,0,0,"[{'no': 1, 'up_bound': 0, 'low_bound': 0, 'range_id': 0, 'range_label': None}]"
Freeze Frame Data,Fuel control,Cell Voltage18,300,180,333,0,1,0x389C31,0x1,0x25,mV,0,2,2,2,-1,-1,-1,1,0,0,0,,1,0,0,"[{'no': 1, 'up_bound': 0, 'low_bound': 0, 'range_id': 0, 'range_label': None}]"
Freeze Frame Data,Fuel control,Cell Voltage19,310,190,334,0,1,0x389C31,0x1,0x26,mV,0,2,2,2,-1,-1,-1,1,0,0,0,,1,0,0,"[{'no': 1, 'up_bound': 0, 'low_bound': 0, 'range_id': 0, 'range_label': None}]"
Freeze Frame Data,Fuel control,Cell Voltage20,320,210,335,0,1,0x389C31,0x1,0x27,mV,0,2,2,2,-1,-1,-1,1,0,0,0,,1,0,0,"[{'no': 1, 'up_bound': 0, 'low_bound': 0, 'range_id': 0, 'range_label': None}]"
Freeze Frame Data,Fuel control,Cell Voltage21,330,220,336,0,1,0x389C31,0x1,0x28,mV,0,2,2,2,-1,-1,-1,1,0,0,0,,1,0,0,"[{'no': 1, 'up_bound': 0, 'low_bound': 0, 'range_id': 0, 'range_label': None}]"
Freeze Frame Data,Fuel control,Cell Voltage22,340,230,337,0,1,0x389C31,0x1,0x29,mV,0,2,2,2,-1,-1,-1,1,0,0,0,,1,0,0,"[{'no': 1, 'up_bound': 0, 'low_bound': 0, 'range_id': 0, 'range_label': None}]"
Freeze Frame Data,Fuel control,Cell Voltage23,350,240,338,0,1,0x389C31,0x1,0x2A,mV,0,2,2,2,-1,-1,-1,1,0,0,0,,1,0,0,"[{'no': 1, 'up_bound': 0, 'low_bound': 0, 'range_id': 0, 'range_label': None}]"
Freeze Frame Data,Fuel control,Cell Voltage24,360,250,339,0,1,0x389C31,0x1,0x2B,mV,0,2,2,2,-1,-1,-1,1,0,0,0,,1,0,0,"[{'no': 1, 'up_bound': 0, 'low_bound': 0, 'range_id': 0, 'range_label': None}]"
Freeze Frame Data,Fuel control,Cell Voltage25,370,260,340,0,1,0x389C31,0x1,0x2C,mV,0,2,2,2,-1,-1,-1,1,0,0,0,,1,0,0,"[{'no': 1, 'up_bound': 0, 'low_bound': 0, 'range_id': 0, 'range_label': None}]"
Freeze Frame Data,Fuel control,Cell Voltage26,380,270,341,0,1,0x389C31,0x1,0x2D,mV,0,2,2,2,-1,-1,-1,1,0,0,0,,1,0,0,"[{'no': 1, 'up_bound': 0, 'low_bound': 0, 'range_id': 0, 'range_label': None}]"
Freeze Frame Data,Fuel control,Cell Voltage27,390,280,342,0,1,0x389C31,0x1,0x2E,mV,0,2,2,2,-1,-1,-1,1,0,0,0,,1,0,0,"[{'no': 1, 'up_bound': 0, 'low_bound': 0, 'range_id': 0, 'range_label': None}]"
Freeze Frame Data,Fuel control,Cell Voltage28,400,290,343,0,1,0x389C31,0x1,0x2F,mV,0,2,2,2,-1,-1,-1,1,0,0,0,,1,0,0,"[{'no': 1, 'up_bound': 0, 'low_bound': 0, 'range_id': 0, 'range_label': None}]"
Freeze Frame Data,Fuel control,Cell Voltage29,410,300,344,0,1,0x389C31,0x1,0x30,mV,0,2,2,2,-1,-1,-1,1,0,0,0,,1,0,0,"[{'no': 1, 'up_bound': 0, 'low_bound': 0, 'range_id': 0, 'range_label': None}]"
Freeze Frame Data,Fuel control,Cell Voltage30,420,320,345,0,1,0x389C31,0x1,0x31,mV,0,2,2,2,-1,-1,-1,1,0,0,0,,1,0,0,"[{'no': 1, 'up_bound': 0, 'low_bound': 0, 'range_id': 0, 'range_label': None}]"
Freeze Frame Data,Fuel control,Cell Voltage31,430,330,346,0,1,0x389C31,0x1,0x32,mV,0,2,2,2,-1,-1,-1,1,0,0,0,,1,0,0,"[{'no': 1, 'up_bound': 0, 'low_bound': 0, 'range_id': 0, 'range_label': None}]"
Freeze Frame Data,Fuel control,Cell Voltage32,440,340,347,0,1,0x389C31,0x1,0x33,mV,0,2,2,2,-1,-1,-1,1,0,0,0,,1,0,0,"[{'no': 1, 'up_bound': 0, 'low_bound': 0, 'range_id': 0, 'range_label': None}]"
Freeze Frame Data,Fuel control,Cell Voltage33,450,350,348,0,1,0x389C31,0x1,0x34,mV,0,2,2,2,-1,-1,-1,1,0,0,0,,1,0,0,"[{'no': 1, 'up_bound': 0, 'low_bound': 0, 'range_id': 0, 'range_label': None}]"
Freeze Frame Data,Fuel control,Cell Voltage34,460,360,349,0,1,0x389C31,0x1,0x35,mV,0,2,2,2,-1,-1,-1,1,0,0,0,,1,0,0,"[{'no': 1, 'up_bound': 0, 'low_bound': 0, 'range_id': 0, 'range_label': None}]"
Freeze Frame Data,Fuel control,Cell Voltage35,470,370,350,0,1,0x389C31,0x1,0x36,mV,0,2,2,2,-1,-1,-1,1,0,0,0,,1,0,0,"[{'no': 1, 'up_bound': 0, 'low_bound': 0, 'range_id': 0, 'range_label': None}]"
Freeze Frame Data,Fuel control,Cell Voltage36,480,380,351,0,1,0x389C31,0x1,0x37,mV,0,2,2,2,-1,-1,-1,1,0,0,0,,1,0,0,"[{'no': 1, 'up_bound': 0, 'low_bound': 0, 'range_id': 0, 'range_label': None}]"
Freeze Frame Data,Fuel control,Cell Voltage37,490,390,352,0,1,0x389C31,0x1,0x38,mV,0,2,2,2,-1,-1,-1,1,0,0,0,,1,0,0,"[{'no': 1, 'up_bound': 0, 'low_bound': 0, 'range_id': 0, 'range_label': None}]"
Freeze Frame Data,Fuel control,Cell Voltage38,500,400,353,0,1,0x389C31,0x1,0x39,mV,0,2,2,2,-1,-1,-1,1,0,0,0,,1,0,0,"[{'no': 1, 'up_bound': 0, 'low_bound': 0, 'range_id': 0, 'range_label': None}]"
Freeze Frame Data,Fuel control,Cell Voltage39,510,410,354,0,1,0x389C31,0x1,0x3A,mV,0,2,2,2,-1,-1,-1,1,0,0,0,,1,0,0,"[{'no': 1, 'up_bound': 0, 'low_bound': 0, 'range_id': 0, 'range_label': None}]"
Freeze Frame Data,Fuel control,Cell Voltage40,520,430,355,0,1,0x389C31,0x1,0x3B,mV,0,2,2,2,-1,-1,-1,1,0,0,0,,1,0,0,"[{'no': 1, 'up_bound': 0, 'low_bound': 0, 'range_id': 0, 'range_label': None}]"
Freeze Frame Data,Fuel control,Cell Voltage41,530,440,356,0,1,0x389C31,0x1,0x3C,mV,0,2,2,2,-1,-1,-1,1,0,0,0,,1,0,0,"[{'no': 1, 'up_bound': 0, 'low_bound': 0, 'range_id': 0, 'range_label': None}]"
Freeze Frame Data,Fuel control,Cell Voltage42,540,450,357,0,1,0x389C31,0x1,0x3D,mV,0,2,2,2,-1,-1,-1,1,0,0,0,,1,0,0,"[{'no': 1, 'up_bound': 0, 'low_bound': 0, 'range_id': 0, 'range_label': None}]"
Freeze Frame Data,Fuel control,Cell Voltage43,550,460,358,0,1,0x389C31,0x1,0x3E,mV,0,2,2,2,-1,-1,-1,1,0,0,0,,1,0,0,"[{'no': 1, 'up_bound': 0, 'low_bound': 0, 'range_id': 0, 'range_label': None}]"
Freeze Frame Data,Fuel control,Cell Voltage44,560,470,359,0,1,0x389C31,0x1,0x3F,mV,0,2,2,2,-1,-1,-1,1,0,0,0,,1,0,0,"[{'no': 1, 'up_bound': 0, 'low_bound': 0, 'range_id': 0, 'range_label': None}]"
Freeze Frame Data,Fuel control,Cell Voltage45,570,480,360,0,1,0x389C31,0x1,0x40,mV,0,2,2,2,-1,-1,-1,1,0,0,0,,1,0,0,"[{'no': 1, 'up_bound': 0, 'low_bound': 0, 'range_id': 0, 'range_label': None}]"
Freeze Frame Data,Fuel control,Cell Voltage46,580,490,361,0,1,0x389C31,0x1,0x41,mV,0,2,2,2,-1,-1,-1,1,0,0,0,,1,0,0,"[{'no': 1, 'up_bound': 0, 'low_bound': 0, 'range_id': 0, 'range_label': None}]"
Freeze Frame Data,Fuel control,Cell Voltage47,590,500,362,0,1,0x389C31,0x1,0x42,mV,0,2,2,2,-1,-1,-1,1,0,0,0,,1,0,0,"[{'no': 1, 'up_bound': 0, 'low_bound': 0, 'range_id': 0, 'range_label': None}]"
Freeze Frame Data,Fuel control,Cell Voltage48,600,510,363,0,1,0x389C31,0x1,0x43,mV,0,2,2,2,-1,-1,-1,1,0,0,0,,1,0,0,"[{'no': 1, 'up_bound': 0, 'low_bound': 0, 'range_id': 0, 'range_label': None}]"
Freeze Frame Data,Fuel control,Cell Voltage49,610,520,364,0,1,0x389C31,0x1,0x44,mV,0,2,2,2,-1,-1,-1,1,0,0,0,,1,0,0,"[{'no': 1, 'up_bound': 0, 'low_bound': 0, 'range_id': 0, 'range_label': None}]"
Freeze Frame Data,Fuel control,Cell Voltage50,620,540,365,0,1,0x389C31,0x1,0x45,mV,0,2,2,2,-1,-1,-1,1,0,0,0,,1,0,0,"[{'no': 1, 'up_bound': 0, 'low_bound': 0, 'range_id': 0, 'range_label': None}]"
Freeze Frame Data,Fuel control,Cell Voltage51,630,550,366,0,1,0x389C31,0x1,0x46,mV,0,2,2,2,-1,-1,-1,1,0,0,0,,1,0,0,"[{'no': 1, 'up_bound': 0, 'low_bound': 0, 'range_id': 0, 'range_label': None}]"
Freeze Frame Data,Fuel control,Cell Voltage52,640,560,367,0,1,0x389C31,0x1,0x47,mV,0,2,2,2,-1,-1,-1,1,0,0,0,,1,0,0,"[{'no': 1, 'up_bound': 0, 'low_bound': 0, 'range_id': 0, 'range_label': None}]"
Freeze Frame Data,Fuel control,Cell Voltage53,650,570,368,0,1,0x389C31,0x1,0x48,mV,0,2,2,2,-1,-1,-1,1,0,0,0,,1,0,0,"[{'no': 1, 'up_bound': 0, 'low_bound': 0, 'range_id': 0, 'range_label': None}]"
Freeze Frame Data,Fuel control,Cell Voltage54,660,580,369,0,1,0x389C31,0x1,0x49,mV,0,2,2,2,-1,-1,-1,1,0,0,0,,1,0,0,"[{'no': 1, 'up_bound': 0, 'low_bound': 0, 'range_id': 0, 'range_label': None}]"
Freeze Frame Data,Fuel control,Cell Voltage55,670,590,370,0,1,0x389C31,0x1,0x4A,mV,0,2,2,2,-1,-1,-1,1,0,0,0,,1,0,0,"[{'no': 1, 'up_bound': 0, 'low_bound': 0, 'range_id': 0, 'range_label': None}]"
Freeze Frame Data,Fuel control,Cell Voltage56,680,600,371,0,1,0x389C31,0x1,0x4B,mV,0,2,2,2,-1,-1,-1,1,0,0,0,,1,0,0,"[{'no': 1, 'up_bound': 0, 'low_bound': 0, 'range_id': 0, 'range_label': None}]"
Freeze Frame Data,Fuel control,Cell Voltage57,690,610,372,0,1,0x389C31,0x1,0x4C,mV,0,2,2,2,-1,-1,-1,1,0,0,0,,1,0,0,"[{'no': 1, 'up_bound': 0, 'low_bound': 0, 'range_id': 0, 'range_label': None}]"
Freeze Frame Data,Fuel control,Cell Voltage58,700,620,373,0,1,0x389C31,0x1,0x4D,mV,0,2,2,2,-1,-1,-1,1,0,0,0,,1,0,0,"[{'no': 1, 'up_bound': 0, 'low_bound': 0, 'range_id': 0, 'range_label': None}]"
Freeze Frame Data,Fuel control,Cell Voltage59,710,630,374,0,1,0x389C31,0x1,0x4E,mV,0,2,2,2,-1,-1,-1,1,0,0,0,,1,0,0,"[{'no': 1, 'up_bound': 0, 'low_bound': 0, 'range_id': 0, 'range_label': None}]"
Freeze Frame Data,Fuel control,Cell Voltage60,720,650,375,0,1,0x389C31,0x1,0x4F,mV,0,2,2,2,-1,-1,-1,1,0,0,0,,1,0,0,"[{'no': 1, 'up_bound': 0, 'low_bound': 0, 'range_id': 0, 'range_label': None}]"
Freeze Frame Data,Fuel control,Cell Voltage61,730,660,376,0,1,0x389C31,0x1,0x50,mV,0,2,2,2,-1,-1,-1,1,0,0,0,,1,0,0,"[{'no': 1, 'up_bound': 0, 'low_bound': 0, 'range_id': 0, 'range_label': None}]"
Freeze Frame Data,Fuel control,Cell Voltage62,740,670,377,0,1,0x389C31,0x1,0x51,mV,0,2,2,2,-1,-1,-1,1,0,0,0,,1,0,0,"[{'no': 1, 'up_bound': 0, 'low_bound': 0, 'range_id': 0, 'range_label': None}]"
Freeze Frame Data,Fuel control,Cell Voltage63,750,680,378,0,1,0x389C31,0x1,0x52,mV,0,2,2,2,-1,-1,-1,1,0,0,0,,1,0,0,"[{'no': 1, 'up_bound': 0, 'low_bound': 0, 'range_id': 0, 'range_label': None}]"
Freeze Frame Data,Fuel control,Cell Voltage64,760,690,379,0,1,0x389C31,0x1,0x53,mV,0,2,2,2,-1,-1,-1,1,0,0,0,,1,0,0,"[{'no': 1, 'up_bound': 0, 'low_bound': 0, 'range_id': 0, 'range_label': None}]"
Freeze Frame Data,Fuel control,Cell Voltage65,770,700,380,0,1,0x389C31,0x1,0x54,mV,0,2,2,2,-1,-1,-1,1,0,0,0,,1,0,0,"[{'no': 1, 'up_bound': 0, 'low_bound': 0, 'range_id': 0, 'range_label': None}]"
Freeze Frame Data,Fuel control,Cell Voltage66,780,710,381,0,1,0x389C31,0x1,0x55,mV,0,2,2,2,-1,-1,-1,1,0,0,0,,1,0,0,"[{'no': 1, 'up_bound': 0, 'low_bound': 0, 'range_id': 0, 'range_label': None}]"
Freeze Frame Data,Fuel control,Cell Voltage67,790,720,382,0,1,0x389C31,0x1,0x56,mV,0,2,2,2,-1,-1,-1,1,0,0,0,,1,0,0,"[{'no': 1, 'up_bound': 0, 'low_bound': 0, 'range_id': 0, 'range_label': None}]"
Freeze Frame Data,Fuel control,Cell Voltage68,800,730,383,0,1,0x389C31,0x1,0x57,mV,0,2,2,2,-1,-1,-1,1,0,0,0,,1,0,0,"[{'no': 1, 'up_bound': 0, 'low_bound': 0, 'range_id': 0, 'range_label': None}]"
Freeze Frame Data,Fuel control,Cell Voltage69,810,740,384,0,1,0x389C31,0x1,0x58,mV,0,2,2,2,-1,-1,-1,1,0,0,0,,1,0,0,"[{'no': 1, 'up_bound': 0, 'low_bound': 0, 'range_id': 0, 'range_label': None}]"
Freeze Frame Data,Fuel control,Cell Voltage70,820,760,385,0,1,0x389C31,0x1,0x59,mV,0,2,2,2,-1,-1,-1,1,0,0,0,,1,0,0,"[{'no': 1, 'up_bound': 0, 'low_bound': 0, 'range_id': 0, 'range_label': None}]"
Freeze Frame Data,Fuel control,Cell Voltage71,830,770,386,0,1,0x389C31,0x1,0x5A,mV,0,2,2,2,-1,-1,-1,1,0,0,0,,1,0,0,"[{'no': 1, 'up_bound': 0, 'low_bound': 0, 'range_id': 0, 'range_label': None}]"
Freeze Frame Data,Fuel control,Cell Voltage72,840,780,387,0,1,0x389C31,0x1,0x5B,mV,0,2,2,2,-1,-1,-1,1,0,0,0,,1,0,0,"[{'no': 1, 'up_bound': 0, 'low_bound': 0, 'range_id': 0, 'range_label': None}]"
Freeze Frame Data,Fuel control,Cell Voltage73,850,790,388,0,1,0x389C31,0x1,0x5C,mV,0,2,2,2,-1,-1,-1,1,0,0,0,,1,0,0,"[{'no': 1, 'up_bound': 0, 'low_bound': 0, 'range_id': 0, 'range_label': None}]"
Freeze Frame Data,Fuel control,Cell Voltage74,860,800,389,0,1,0x389C31,0x1,0x5D,mV,0,2,2,2,-1,-1,-1,1,0,0,0,,1,0,0,"[{'no': 1, 'up_bound': 0, 'low_bound': 0, 'range_id': 0, 'range_label': None}]"
Freeze Frame Data,Fuel control,Cell Voltage75,870,810,390,0,1,0x389C31,0x1,0x5E,mV,0,2,2,2,-1,-1,-1,1,0,0,0,,1,0,0,"[{'no': 1, 'up_bound': 0, 'low_bound': 0, 'range_id': 0, 'range_label': None}]"
Freeze Frame Data,Fuel control,Cell Voltage76,880,820,391,0,1,0x389C31,0x1,0x5F,mV,0,2,2,2,-1,-1,-1,1,0,0,0,,1,0,0,"[{'no': 1, 'up_bound': 0, 'low_bound': 0, 'range_id': 0, 'range_label': None}]"
Freeze Frame Data,Fuel control,Cell Voltage77,890,830,392,0,1,0x389C31,0x1,0x60,mV,0,2,2,2,-1,-1,-1,1,0,0,0,,1,0,0,"[{'no': 1, 'up_bound': 0, 'low_bound': 0, 'range_id': 0, 'range_label': None}]"
Freeze Frame Data,Fuel control,Cell Voltage78,900,840,393,0,1,0x389C31,0x1,0x61,mV,0,2,2,2,-1,-1,-1,1,0,0,0,,1,0,0,"[{'no': 1, 'up_bound': 0, 'low_bound': 0, 'range_id': 0, 'range_label': None}]"
Freeze Frame Data,Fuel control,Cell Voltage79,910,850,394,0,1,0x389C31,0x1,0x62,mV,0,2,2,2,-1,-1,-1,1,0,0,0,,1,0,0,"[{'no': 1, 'up_bound': 0, 'low_bound': 0, 'range_id': 0, 'range_label': None}]"
Freeze Frame Data,Fuel control,Cell Voltage80,920,870,395,0,1,0x389C31,0x1,0x63,mV,0,2,2,2,-1,-1,-1,1,0,0,0,,1,0,0,"[{'no': 1, 'up_bound': 0, 'low_bound': 0, 'range_id': 0, 'range_label': None}]"
Freeze Frame Data,Fuel control,Cell Voltage81,930,880,396,0,1,0x389C31,0x1,0x64,mV,0,2,2,2,-1,-1,-1,1,0,0,0,,1,0,0,"[{'no': 1, 'up_bound': 0, 'low_bound': 0, 'range_id': 0, 'range_label': None}]"
Freeze Frame Data,Fuel control,Cell Voltage82,940,890,397,0,1,0x389C31,0x1,0x65,mV,0,2,2,2,-1,-1,-1,1,0,0,0,,1,0,0,"[{'no': 1, 'up_bound': 0, 'low_bound': 0, 'range_id': 0, 'range_label': None}]"
Freeze Frame Data,Fuel control,Cell Voltage83,950,900,398,0,1,0x389C31,0x1,0x66,mV,0,2,2,2,-1,-1,-1,1,0,0,0,,1,0,0,"[{'no': 1, 'up_bound': 0, 'low_bound': 0, 'range_id': 0, 'range_label': None}]"
Freeze Frame Data,Fuel control,Cell Voltage84,960,910,399,0,1,0x389C31,0x1,0x67,mV,0,2,2,2,-1,-1,-1,1,0,0,0,,1,0,0,"[{'no': 1, 'up_bound': 0, 'low_bound': 0, 'range_id': 0, 'range_label': None}]"
Freeze Frame Data,Fuel control,Cell Voltage85,970,920,400,0,1,0x389C31,0x1,0x68,mV,0,2,2,2,-1,-1,-1,1,0,0,0,,1,0,0,"[{'no': 1, 'up_bound': 0, 'low_bound': 0, 'range_id': 0, 'range_label': None}]"
Freeze Frame Data,Fuel control,Cell Voltage86,980,930,401,0,1,0x389C31,0x1,0x69,mV,0,2,2,2,-1,-1,-1,1,0,0,0,,1,0,0,"[{'no': 1, 'up_bound': 0, 'low_bound': 0, 'range_id': 0, 'range_label': None}]"
Freeze Frame Data,Fuel control,Cell Voltage87,990,940,402,0,1,0x389C31,0x1,0x6A,mV,0,2,2,2,-1,-1,-1,1,0,0,0,,1,0,0,"[{'no': 1, 'up_bound': 0, 'low_bound': 0, 'range_id': 0, 'range_label': None}]"
Freeze Frame Data,Fuel control,Cell Voltage88,1000,950,403,0,1,0x389C31,0x1,0x6B,mV,0,2,2,2,-1,-1,-1,1,0,0,0,,1,0,0,"[{'no': 1, 'up_bound': 0, 'low_bound': 0, 'range_id': 0, 'range_label': None}]"
Freeze Frame Data,Fuel control,Cell Voltage89,1010,960,404,0,1,0x389C31,0x1,0x6C,mV,0,2,2,2,-1,-1,-1,1,0,0,0,,1,0,0,"[{'no': 1, 'up_bound': 0, 'low_bound': 0, 'range_id': 0, 'range_label': None}]"
Freeze Frame Data,Fuel control,Cell Voltage90,1020,980,405,0,1,0x389C31,0x1,0x6D,mV,0,2,2,2,-1,-1,-1,1,0,0,0,,1,0,0,"[{'no': 1, 'up_bound': 0, 'low_bound': 0, 'range_id': 0, 'range_label': None}]"
Freeze Frame Data,Fuel control,Cell Voltage91,1030,990,406,0,1,0x389C31,0x1,0x6E,mV,0,2,2,2,-1,-1,-1,1,0,0,0,,1,0,0,"[{'no': 1, 'up_bound': 0, 'low_bound': 0, 'range_id': 0, 'range_label': None}]"
Freeze Frame Data,Fuel control,Cell Voltage92,1040,1000,407,0,1,0x389C31,0x1,0x6F,mV,0,2,2,2,-1,-1,-1,1,0,0,0,,1,0,0,"[{'no': 1, 'up_bound': 0, 'low_bound': 0, 'range_id': 0, 'range_label': None}]"
Freeze Frame Data,Fuel control,Cell Voltage93,1050,1010,408,0,1,0x389C31,0x1,0x70,mV,0,2,2,2,-1,-1,-1,1,0,0,0,,1,0,0,"[{'no': 1, 'up_bound': 0, 'low_bound': 0, 'range_id': 0, 'range_label': None}]"
Freeze Frame Data,Fuel control,Cell Voltage94,1060,1020,409,0,1,0x389C31,0x1,0x71,mV,0,2,2,2,-1,-1,-1,1,0,0,0,,1,0,0,"[{'no': 1, 'up_bound': 0, 'low_bound': 0, 'range_id': 0, 'range_label': None}]"
Freeze Frame Data,Fuel control,Cell Voltage95,1070,1030,410,0,1,0x389C31,0x1,0x72,mV,0,2,2,2,-1,-1,-1,1,0,0,0,,1,0,0,"[{'no': 1, 'up_bound': 0, 'low_bound': 0, 'range_id': 0, 'range_label': None}]"
Freeze Frame Data,Fuel control,Cell Voltage96,1080,1040,411,0,1,0x389C31,0x1,0x73,mV,0,2,2,2,-1,-1,-1,1,0,0,0,,1,0,0,"[{'no': 1, 'up_bound': 0, 'low_bound': 0, 'range_id': 0, 'range_label': None}]"
Freeze Frame Data,Fuel control,Total Voltage of Battery,1090,1280,412,0,1,0x389C31,0x1,0x74,V,0,2,2,2,-1,-1,-1,1,0,0,0,,0.01,0,2,"[{'no': 1, 'up_bound': 0, 'low_bound': 0, 'range_id': 0, 'range_label': None}]"
Freeze Frame Data,Fuel control,IR Sensor NG compilation flag,1100,1190,413,0,1,0x389C31,0x1,0x82,,0,2,1,2,-1,-1,-1,1,0,0,9100094,Normal,0,0,0,"[{'no': 1, 'up_bound': 0, 'low_bound': 0, 'range_id': 9100094, 'range_label': 'Normal'}, {'no': 2, 'up_bound': 1, 'low_bound': 1, 'range_id': 1001681, 'range_label': 'Malfunction'}]"
Freeze Frame Data,Fuel control,Battery Temperature1,1110,50,414,0,1,0x389C31,0x1,0x84,°C,0,2,1,2,-1,-1,-1,1,0,0,0,,1,0,0,"[{'no': 1, 'up_bound': 0, 'low_bound': 0, 'range_id': 0, 'range_label': None}]"
Freeze Frame Data,Fuel control,Battery Temperature2,1120,60,415,0,1,0x389C31,0x1,0x86,°C,0,2,1,2,-1,-1,-1,1,0,0,0,,1,0,0,"[{'no': 1, 'up_bound': 0, 'low_bound': 0, 'range_id': 0, 'range_label': None}]"
Freeze Frame Data,Fuel control,Battery Temperature3,1130,70,416,0,1,0x389C31,0x1,0x88,°C,0,2,1,2,-1,-1,-1,1,0,0,0,,1,0,0,"[{'no': 1, 'up_bound': 0, 'low_bound': 0, 'range_id': 0, 'range_label': None}]"
Freeze Frame Data,Fuel control,Battery Temperature4,1140,80,417,0,1,0x389C31,0x1,0x8A,°C,0,2,1,2,-1,-1,-1,1,0,0,0,,1,0,0,"[{'no': 1, 'up_bound': 0, 'low_bound': 0, 'range_id': 0, 'range_label': None}]"
Freeze Frame Data,Fuel control,Charge Request from Master controller,1150,1050,418,0,1,0x389C31,0x1,0xD2,,0,2,1,2,-1,-1,-1,1,0,0,8001888,Run,0,0,0,"[{'no': 1, 'up_bound': 0, 'low_bound': 0, 'range_id': 8001888, 'range_label': 'Run'}, {'no': 2, 'up_bound': 1, 'low_bound': 1, 'range_id': 8001890, 'range_label': 'Normal charge'}, {'no': 3, 'up_bound': 2, 'low_bound': 2, 'range_id': 8001887, 'range_label': 'Quick charge'}, {'no': 4, 'up_bound': 3, 'low_bound': 3, 'range_id': 8001889, 'range_label': 'Stop request'}]"
Freeze Frame Data,Fuel control,Electric Current of narrow range Battery,1160,1150,419,0,1,0x389C31,0x1,0x11,A,0,2,4,2,-1,-1,-1,1,0,0,0,,0.001,0,3,"[{'no': 1, 'up_bound': 0, 'low_bound': 0, 'range_id': 0, 'range_label': None}]"
Freeze Frame Data,Fuel control,Electric Current of wide range Battery,1170,1160,420,0,1,0x389C31,0x1,0x12,A,0,2,4,2,-1,-1,-1,1,0,0,0,,0.001,0,3,"[{'no': 1, 'up_bound': 0, 'low_bound': 0, 'range_id': 0, 'range_label': None}]"
Freeze Frame Data,Fuel control,AD value of AVCC Voltage,1180,30,421,0,1,0x389C31,0x1,0x92,mV,0,2,2,2,-1,-1,-1,1,0,0,0,,4.88,0,2,"[{'no': 1, 'up_bound': 0, 'low_bound': 0, 'range_id': 0, 'range_label': None}]"
Freeze Frame Data,Fuel control,AD value of GND Voltage,1190,40,422,0,1,0x389C31,0x1,0xDA,mV,0,2,2,2,-1,-1,-1,1,0,0,0,,4.88,0,2,"[{'no': 1, 'up_bound': 0, 'low_bound': 0, 'range_id': 0, 'range_label': None}]"
Freeze Frame Data,Fuel control,Coolant temp (Outlet),1200,1060,423,0,1,0x389C31,0x1,0x8C,°C,0,2,1,2,-1,-1,-1,1,0,0,0,,0.5,0,0,"[{'no': 1, 'up_bound': 0, 'low_bound': 0, 'range_id': 0, 'range_label': None}]"
Freeze Frame Data,Fuel control,Coolant Thermo Sensor (Outlet) AD Value,1210,1080,424,0,1,0x389C31,0x1,0x8D,mV,0,2,2,2,-1,-1,-1,1,0,0,0,,4.88,0,2,"[{'no': 1, 'up_bound': 0, 'low_bound': 0, 'range_id': 0, 'range_label': None}]"
Freeze Frame Data,Fuel control,Coolant temp2 (Inlet),1220,1070,425,0,1,0x389C31,0x1,0x8E,°C,0,2,1,2,-1,-1,-1,1,0,0,0,,0.5,0,0,"[{'no': 1, 'up_bound': 0, 'low_bound': 0, 'range_id': 0, 'range_label': None}]"
Freeze Frame Data,Fuel control,Coolant Thermo Sensor2 (Inlet) AD Value,1230,1090,426,0,1,0x389C31,0x1,0x8F,mV,0,2,2,2,-1,-1,-1,1,0,0,0,,4.88,0,2,"[{'no': 1, 'up_bound': 0, 'low_bound': 0, 'range_id': 0, 'range_label': None}]"
Freeze Frame Data,Fuel control,Engine speed (RPM),1240,1170,1326,0,1,0x389C31,0x2,0xAC,r/min,0,2,2,2,-1,-1,-1,1,0,0,0,,0.25,0,2,"[{'no': 1, 'up_bound': 0, 'low_bound': 0, 'range_id': 0, 'range_label': None}]"
Freeze Frame Data,Fuel control,Vehicle speed,1250,1290,1327,0,1,0x389C31,0x2,0xAD,km/h,0,2,2,2,-1,-1,-1,1,0,0,0,,0.01,0,2,"[{'no': 1, 'up_bound': 0, 'low_bound': 0, 'range_id': 0, 'range_label': None}]"
Freeze Frame Data,Fuel control,Accelerator Pedal Position D,1260,20,1328,0,1,0x389C31,0x2,0xAE,%,0,2,1,2,-1,-1,-1,1,0,0,0,,0.3921569,0,2,"[{'no': 1, 'up_bound': 0, 'low_bound': 0, 'range_id': 0, 'range_label': None}]"
Freeze Frame Data,Fuel control,Time elapsed since engine start,1270,1270,1329,0,1,0x389C31,0x2,0xB2,sec,0,2,2,2,-1,-1,-1,1,0,0,0,,1,0,0,"[{'no': 1, 'up_bound': 0, 'low_bound': 0, 'range_id': 0, 'range_label': None}]"
Freeze Frame Data,Fuel control,Supplier fault code,1280,1260,427,0,1,0x389C31,0xEF,0x1,,0,2,10,2,-1,-1,-1,,,,,,,,,[]
Freeze Frame Data,Fuel control,DTC count,1290,1130,428,0,1,0x389C31,0xF0,0xD1,,0,2,1,2,-1,-1,-1,1,0,0,0,,1,0,0,"[{'no': 1, 'up_bound': 0, 'low_bound': 0, 'range_id': 0, 'range_label': None}]"
ECU Information,Fuel control,ECU PART NUMBER,1,1,430,0,1,0x389C31,0x22,0xF012,,0,3,10,2,-1,-1,-1,,,,,,,,,[]
ECU Information,ECU information (items to be sent to the server),Software part number,1,1,117081,0,1,0x389C31,0x22,0xF012,,0,3,10,2,-1,-1,-1,,,,,,,,,[]
ECU Information,ECU information (items to be sent to the server),Hardware part number,2,2,117082,0,1,0x389C31,0x22,0xF1A1,,0,3,10,2,-1,-1,-1,,,,,,,,,[]
ECU Information,ECU information (items to be sent to the server),ECU serial number,3,3,117083,0,1,0x389C31,0x22,0xF18C,,0,3,-1,2,-1,-1,-1,,,,,,,,,[]
SAVING DATA,Func ID：70088の書込み用グループ,-1,1,1,501,0,1,0x389C31,0x2E,0x10A,,0,3,2,2,-1,-1,-1,,,,,,,,,[]
SAVING DATA,Func ID：70088の書込み用グループ,-1,2,2,502,0,1,0x389C31,0x2E,0x10C,,0,3,4,2,-1,-1,-1,,,,,,,,,[]
SAVING DATA,Func ID：70088の書込み用グループ,-1,3,3,503,0,1,0x389C31,0x2E,0x17A,,0,3,1,2,-1,-1,-1,,,,,,,,,[]
SAVING DATA,Func ID：70088の書込み用グループ,-1,4,4,504,0,1,0x389C31,0x2E,0x1E0,,0,3,2,2,-1,-1,-1,,,,,,,,,[]
SAVING DATA,Func ID：70088の書込み用グループ,-1,5,5,505,0,1,0x389C31,0x2E,0x1E1,,0,3,1,2,-1,-1,-1,,,,,,,,,[]
SAVING DATA,Func ID：70088の書込み用グループ,-1,6,6,506,0,1,0x389C31,0x2E,0x1E2,,0,3,4,2,-1,-1,-1,,,,,,,,,[]
SAVING DATA,Func ID：70088の書込み用グループ,-1,7,7,507,0,1,0x389C31,0x2E,0x1E3,,0,3,1,2,-1,-1,-1,,,,,,,,,[]
SAVING DATA,Func ID：70088の書込み用グループ,-1,8,8,508,0,1,0x389C31,0x2E,0x1E5,,0,3,4,2,-1,-1,-1,,,,,,,,,[]
SAVING DATA,Func ID：70088の書込み用グループ,-1,9,9,509,0,1,0x389C31,0x2E,0x1E6,,0,3,2,2,-1,-1,-1,,,,,,,,,[]
SAVING DATA,Func ID：70088の書込み用グループ,-1,10,10,510,0,1,0x389C31,0x2E,0x1E7,,0,3,2,2,-1,-1,-1,,,,,,,,,[]
SAVING DATA,Func ID：70088の書込み用グループ,-1,11,11,511,0,1,0x389C31,0x2E,0x1E8,,0,3,2,2,-1,-1,-1,,,,,,,,,[]
SAVING DATA,Func ID：70088の書込み用グループ,-1,12,12,512,0,1,0x389C31,0x2E,0x1E9,,0,3,2,2,-1,-1,-1,,,,,,,,,[]
SAVING DATA,Func ID：70088の書込み用グループ,-1,13,13,513,0,1,0x389C31,0x2E,0x1EA,,0,3,2,2,-1,-1,-1,,,,,,,,,[]
SAVING DATA,Func ID：70088の書込み用グループ,-1,14,14,514,0,1,0x389C31,0x2E,0x1EB,,0,3,2,2,-1,-1,-1,,,,,,,,,[]
SAVING DATA,Func ID：70088の書込み用グループ,-1,15,15,515,0,1,0x389C31,0x2E,0x1EC,,0,3,2,2,-1,-1,-1,,,,,,,,,[]
SAVING DATA,Func ID：70088の書込み用グループ,-1,16,16,516,0,1,0x389C31,0x2E,0x1ED,,0,3,2,2,-1,-1,-1,,,,,,,,,[]
SAVING DATA,Func ID：70088の書込み用グループ,-1,17,17,517,0,1,0x389C31,0x2E,0x1EE,,0,3,2,2,-1,-1,-1,,,,,,,,,[]
SAVING DATA,Func ID：70088の書込み用グループ,-1,18,18,518,0,1,0x389C31,0x2E,0x1EF,,0,3,2,2,-1,-1,-1,,,,,,,,,[]
SAVING DATA,Func ID：70088の書込み用グループ,-1,19,19,519,0,1,0x389C31,0x2E,0x1F0,,0,3,2,2,-1,-1,-1,,,,,,,,,[]
SAVING DATA,Func ID：70088の書込み用グループ,-1,20,20,520,0,1,0x389C31,0x2E,0x1F1,,0,3,2,2,-1,-1,-1,,,,,,,,,[]
SAVING DATA,Func ID：70088の書込み用グループ,-1,21,21,521,0,1,0x389C31,0x2E,0x1F2,,0,3,2,2,-1,-1,-1,,,,,,,,,[]
SAVING DATA,Func ID：70088の書込み用グループ,-1,22,22,522,0,1,0x389C31,0x2E,0x1F3,,0,3,2,2,-1,-1,-1,,,,,,,,,[]
SAVING DATA,Func ID：70088の書込み用グループ,-1,23,23,523,0,1,0x389C31,0x2E,0x1F4,,0,3,2,2,-1,-1,-1,,,,,,,,,[]
SAVING DATA,Func ID：70088の書込み用グループ,-1,24,24,524,0,1,0x389C31,0x2E,0x1F5,,0,3,2,2,-1,-1,-1,,,,,,,,,[]
SAVING DATA,Func ID：70088の書込み用グループ,-1,25,25,525,0,1,0x389C31,0x2E,0x1F6,,0,3,2,2,-1,-1,-1,,,,,,,,,[]
SAVING DATA,Func ID：70088の書込み用グループ,-1,26,26,526,0,1,0x389C31,0x2E,0x1F7,,0,3,2,2,-1,-1,-1,,,,,,,,,[]
SAVING DATA,Func ID：70088の書込み用グループ,-1,27,27,527,0,1,0x389C31,0x2E,0x1F8,,0,3,2,2,-1,-1,-1,,,,,,,,,[]
SAVING DATA,Func ID：70088の書込み用グループ,-1,28,28,528,0,1,0x389C31,0x2E,0x1F9,,0,3,2,2,-1,-1,-1,,,,,,,,,[]
SAVING DATA,Func ID：70088の書込み用グループ,-1,29,29,529,0,1,0x389C31,0x2E,0x1FA,,0,3,2,2,-1,-1,-1,,,,,,,,,[]
SAVING DATA,Func ID：70088の書込み用グループ,-1,30,30,530,0,1,0x389C31,0x2E,0x1FB,,0,3,2,2,-1,-1,-1,,,,,,,,,[]
SAVING DATA,Func ID：70088の書込み用グループ,-1,31,31,531,0,1,0x389C31,0x2E,0x1FC,,0,3,2,2,-1,-1,-1,,,,,,,,,[]
SAVING DATA,Func ID：70088の書込み用グループ,-1,32,32,532,0,1,0x389C31,0x2E,0x1FD,,0,3,2,2,-1,-1,-1,,,,,,,,,[]
SAVING DATA,Func ID：70088の書込み用グループ,-1,33,33,533,0,1,0x389C31,0x2E,0x1FE,,0,3,2,2,-1,-1,-1,,,,,,,,,[]
SAVING DATA,Func ID：70088の書込み用グループ,-1,34,34,534,0,1,0x389C31,0x2E,0x1FF,,0,3,2,2,-1,-1,-1,,,,,,,,,[]
SAVING DATA,Func ID：70088の書込み用グループ,-1,35,35,535,0,1,0x389C31,0x2E,0x200,,0,3,2,2,-1,-1,-1,,,,,,,,,[]
SAVING DATA,Func ID：70088の書込み用グループ,-1,36,36,536,0,1,0x389C31,0x2E,0x201,,0,3,2,2,-1,-1,-1,,,,,,,,,[]
SAVING DATA,Func ID：70088の書込み用グループ,-1,37,37,537,0,1,0x389C31,0x2E,0x202,,0,3,2,2,-1,-1,-1,,,,,,,,,[]
SAVING DATA,Func ID：70088の書込み用グループ,-1,38,38,538,0,1,0x389C31,0x2E,0x203,,0,3,2,2,-1,-1,-1,,,,,,,,,[]
SAVING DATA,Func ID：70088の書込み用グループ,-1,39,39,539,0,1,0x389C31,0x2E,0x204,,0,3,2,2,-1,-1,-1,,,,,,,,,[]
SAVING DATA,Func ID：70088の書込み用グループ,-1,40,40,540,0,1,0x389C31,0x2E,0x205,,0,3,2,2,-1,-1,-1,,,,,,,,,[]
SAVING DATA,Func ID：70088の書込み用グループ,-1,41,41,541,0,1,0x389C31,0x2E,0x206,,0,3,2,2,-1,-1,-1,,,,,,,,,[]
SAVING DATA,Func ID：70088の書込み用グループ,-1,42,42,542,0,1,0x389C31,0x2E,0x207,,0,3,2,2,-1,-1,-1,,,,,,,,,[]
SAVING DATA,Func ID：70088の書込み用グループ,-1,43,43,543,0,1,0x389C31,0x2E,0x208,,0,3,2,2,-1,-1,-1,,,,,,,,,[]
SAVING DATA,Func ID：70088の書込み用グループ,-1,44,44,544,0,1,0x389C31,0x2E,0x209,,0,3,2,2,-1,-1,-1,,,,,,,,,[]
SAVING DATA,Func ID：70088の書込み用グループ,-1,45,45,545,0,1,0x389C31,0x2E,0x20A,,0,3,2,2,-1,-1,-1,,,,,,,,,[]
SAVING DATA,Func ID：70088の書込み用グループ,-1,46,46,546,0,1,0x389C31,0x2E,0x20B,,0,3,2,2,-1,-1,-1,,,,,,,,,[]
SAVING DATA,Func ID：70088の書込み用グループ,-1,47,47,547,0,1,0x389C31,0x2E,0x20C,,0,3,2,2,-1,-1,-1,,,,,,,,,[]
SAVING DATA,Func ID：70088の書込み用グループ,-1,48,48,548,0,1,0x389C31,0x2E,0x20D,,0,3,2,2,-1,-1,-1,,,,,,,,,[]
SAVING DATA,Func ID：70088の書込み用グループ,-1,49,49,549,0,1,0x389C31,0x2E,0x20E,,0,3,2,2,-1,-1,-1,,,,,,,,,[]
SAVING DATA,Func ID：70088の書込み用グループ,-1,50,50,550,0,1,0x389C31,0x2E,0x20F,,0,3,2,2,-1,-1,-1,,,,,,,,,[]
SAVING DATA,Func ID：70088の書込み用グループ,-1,51,51,551,0,1,0x389C31,0x2E,0x210,,0,3,2,2,-1,-1,-1,,,,,,,,,[]
SAVING DATA,Func ID：70088の書込み用グループ,-1,52,52,552,0,1,0x389C31,0x2E,0x211,,0,3,2,2,-1,-1,-1,,,,,,,,,[]
SAVING DATA,Func ID：70088の書込み用グループ,-1,53,53,553,0,1,0x389C31,0x2E,0x212,,0,3,2,2,-1,-1,-1,,,,,,,,,[]
SAVING DATA,Func ID：70088の書込み用グループ,-1,54,54,554,0,1,0x389C31,0x2E,0x213,,0,3,2,2,-1,-1,-1,,,,,,,,,[]
SAVING DATA,Func ID：70088の書込み用グループ,-1,55,55,555,0,1,0x389C31,0x2E,0x214,,0,3,2,2,-1,-1,-1,,,,,,,,,[]
SAVING DATA,Func ID：70088の書込み用グループ,-1,56,56,556,0,1,0x389C31,0x2E,0x215,,0,3,2,2,-1,-1,-1,,,,,,,,,[]
SAVING DATA,Func ID：70088の書込み用グループ,-1,57,57,557,0,1,0x389C31,0x2E,0x216,,0,3,2,2,-1,-1,-1,,,,,,,,,[]
SAVING DATA,Func ID：70088の書込み用グループ,-1,58,58,558,0,1,0x389C31,0x2E,0x217,,0,3,2,2,-1,-1,-1,,,,,,,,,[]
SAVING DATA,Func ID：70088の書込み用グループ,-1,59,59,559,0,1,0x389C31,0x2E,0x218,,0,3,2,2,-1,-1,-1,,,,,,,,,[]
SAVING DATA,Func ID：70088の書込み用グループ,-1,60,60,560,0,1,0x389C31,0x2E,0x219,,0,3,2,2,-1,-1,-1,,,,,,,,,[]
SAVING DATA,Func ID：70088の書込み用グループ,-1,61,61,561,0,1,0x389C31,0x2E,0x21A,,0,3,2,2,-1,-1,-1,,,,,,,,,[]
SAVING DATA,Func ID：70088の書込み用グループ,-1,62,62,562,0,1,0x389C31,0x2E,0x21B,,0,3,2,2,-1,-1,-1,,,,,,,,,[]
SAVING DATA,Func ID：70088の書込み用グループ,-1,63,63,563,0,1,0x389C31,0x2E,0x21C,,0,3,2,2,-1,-1,-1,,,,,,,,,[]
SAVING DATA,Func ID：70088の書込み用グループ,-1,64,64,564,0,1,0x389C31,0x2E,0x21D,,0,3,2,2,-1,-1,-1,,,,,,,,,[]
SAVING DATA,Func ID：70088の書込み用グループ,-1,65,65,565,0,1,0x389C31,0x2E,0x21E,,0,3,2,2,-1,-1,-1,,,,,,,,,[]
SAVING DATA,Func ID：70088の書込み用グループ,-1,66,66,566,0,1,0x389C31,0x2E,0x21F,,0,3,2,2,-1,-1,-1,,,,,,,,,[]
SAVING DATA,Func ID：70088の書込み用グループ,-1,67,67,567,0,1,0x389C31,0x2E,0x220,,0,3,2,2,-1,-1,-1,,,,,,,,,[]
SAVING DATA,Func ID：70088の書込み用グループ,-1,68,68,568,0,1,0x389C31,0x2E,0x221,,0,3,2,2,-1,-1,-1,,,,,,,,,[]
SAVING DATA,Func ID：70088の書込み用グループ,-1,69,69,569,0,1,0x389C31,0x2E,0x222,,0,3,2,2,-1,-1,-1,,,,,,,,,[]
SAVING DATA,Func ID：70088の書込み用グループ,-1,70,70,570,0,1,0x389C31,0x2E,0x223,,0,3,2,2,-1,-1,-1,,,,,,,,,[]
SAVING DATA,Func ID：70088の書込み用グループ,-1,71,71,571,0,1,0x389C31,0x2E,0x224,,0,3,2,2,-1,-1,-1,,,,,,,,,[]
SAVING DATA,Func ID：70088の書込み用グループ,-1,72,72,572,0,1,0x389C31,0x2E,0x225,,0,3,2,2,-1,-1,-1,,,,,,,,,[]
SAVING DATA,Func ID：70088の書込み用グループ,-1,73,73,573,0,1,0x389C31,0x2E,0x226,,0,3,4,2,-1,-1,-1,,,,,,,,,[]
SAVING DATA,Func ID：70088の書込み用グループ,-1,74,74,574,0,1,0x389C31,0x2E,0x227,,0,3,4,2,-1,-1,-1,,,,,,,,,[]
SAVING DATA,Func ID：70088の書込み用グループ,-1,75,75,575,0,1,0x389C31,0x2E,0x228,,0,3,2,2,-1,-1,-1,,,,,,,,,[]
SAVING DATA,Func ID：70088の書込み用グループ,-1,76,76,576,0,1,0x389C31,0x2E,0x229,,0,3,1,2,-1,-1,-1,,,,,,,,,[]
SAVING DATA,Func ID：70088の書込み用グループ,-1,77,77,577,0,1,0x389C31,0x2E,0x22A,,0,3,4,2,-1,-1,-1,,,,,,,,,[]
SAVING DATA,Func ID：70088の書込み用グループ,-1,78,78,578,0,1,0x389C31,0x2E,0x22B,,0,3,4,2,-1,-1,-1,,,,,,,,,[]
SAVING DATA,Func ID：70088の書込み用グループ,-1,79,79,579,0,1,0x389C31,0x2E,0x22C,,0,3,4,2,-1,-1,-1,,,,,,,,,[]
SAVING DATA,Func ID：70088の書込み用グループ,-1,80,80,580,0,1,0x389C31,0x2E,0x22D,,0,3,4,2,-1,-1,-1,,,,,,,,,[]
SAVING DATA,Func ID：70088の書込み用グループ,-1,81,81,581,0,1,0x389C31,0x2E,0x22E,,0,3,4,2,-1,-1,-1,,,,,,,,,[]
SAVING DATA,Func ID：70088の書込み用グループ,-1,82,82,582,0,1,0x389C31,0x2E,0x22F,,0,3,4,2,-1,-1,-1,,,,,,,,,[]
SAVING DATA,Func ID：70088の書込み用グループ,-1,83,83,583,0,1,0x389C31,0x2E,0x230,,0,3,4,2,-1,-1,-1,,,,,,,,,[]
SAVING DATA,Func ID：70088の書込み用グループ,-1,84,84,584,0,1,0x389C31,0x2E,0x231,,0,3,2,2,-1,-1,-1,,,,,,,,,[]
SAVING DATA,Func ID：70088の書込み用グループ,-1,85,85,585,0,1,0x389C31,0x2E,0x232,,0,3,2,2,-1,-1,-1,,,,,,,,,[]
SAVING DATA,Func ID：70088の書込み用グループ,-1,86,86,586,0,1,0x389C31,0x2E,0x233,,0,3,2,2,-1,-1,-1,,,,,,,,,[]
SAVING DATA,Func ID：70088の書込み用グループ,-1,87,87,587,0,1,0x389C31,0x2E,0x234,,0,3,2,2,-1,-1,-1,,,,,,,,,[]
SAVING DATA,Func ID：70088の書込み用グループ,-1,88,88,588,0,1,0x389C31,0x2E,0x235,,0,3,2,2,-1,-1,-1,,,,,,,,,[]
SAVING DATA,Func ID：70088の書込み用グループ,-1,89,89,589,0,1,0x389C31,0x2E,0x236,,0,3,2,2,-1,-1,-1,,,,,,,,,[]
SAVING DATA,Func ID：70088の書込み用グループ,-1,90,90,590,0,1,0x389C31,0x2E,0x237,,0,3,2,2,-1,-1,-1,,,,,,,,,[]
SAVING DATA,Func ID：70088の書込み用グループ,-1,91,91,591,0,1,0x389C31,0x2E,0x238,,0,3,2,2,-1,-1,-1,,,,,,,,,[]
SAVING DATA,Func ID：70088の書込み用グループ,-1,92,92,592,0,1,0x389C31,0x2E,0x239,,0,3,2,2,-1,-1,-1,,,,,,,,,[]
SAVING DATA,Func ID：70088の書込み用グループ,-1,93,93,593,0,1,0x389C31,0x2E,0x23A,,0,3,2,2,-1,-1,-1,,,,,,,,,[]
SAVING DATA,Func ID：70088の書込み用グループ,-1,94,94,594,0,1,0x389C31,0x2E,0x23B,,0,3,2,2,-1,-1,-1,,,,,,,,,[]
SAVING DATA,Func ID：70088の書込み用グループ,-1,95,95,595,0,1,0x389C31,0x2E,0x23C,,0,3,2,2,-1,-1,-1,,,,,,,,,[]
SAVING DATA,Func ID：70088の書込み用グループ,-1,96,96,596,0,1,0x389C31,0x2E,0x23D,,0,3,2,2,-1,-1,-1,,,,,,,,,[]
SAVING DATA,Func ID：70088の書込み用グループ,-1,97,97,597,0,1,0x389C31,0x2E,0x23E,,0,3,2,2,-1,-1,-1,,,,,,,,,[]
SAVING DATA,Func ID：70088の書込み用グループ,-1,98,98,598,0,1,0x389C31,0x2E,0x23F,,0,3,2,2,-1,-1,-1,,,,,,,,,[]
SAVING DATA,Func ID：70088の書込み用グループ,-1,99,99,599,0,1,0x389C31,0x2E,0x240,,0,3,2,2,-1,-1,-1,,,,,,,,,[]
SAVING DATA,Func ID：70088の書込み用グループ,-1,100,100,600,0,1,0x389C31,0x2E,0x241,,0,3,2,2,-1,-1,-1,,,,,,,,,[]
SAVING DATA,Func ID：70088の書込み用グループ,-1,101,101,601,0,1,0x389C31,0x2E,0x242,,0,3,2,2,-1,-1,-1,,,,,,,,,[]
SAVING DATA,Func ID：70088の書込み用グループ,-1,102,102,602,0,1,0x389C31,0x2E,0x243,,0,3,2,2,-1,-1,-1,,,,,,,,,[]
SAVING DATA,Func ID：70088の書込み用グループ,-1,103,103,603,0,1,0x389C31,0x2E,0x244,,0,3,2,2,-1,-1,-1,,,,,,,,,[]
SAVING DATA,Func ID：70088の書込み用グループ,-1,104,104,604,0,1,0x389C31,0x2E,0x245,,0,3,2,2,-1,-1,-1,,,,,,,,,[]
SAVING DATA,Func ID：70088の書込み用グループ,-1,105,105,605,0,1,0x389C31,0x2E,0x246,,0,3,2,2,-1,-1,-1,,,,,,,,,[]
SAVING DATA,Func ID：70088の書込み用グループ,-1,106,106,606,0,1,0x389C31,0x2E,0x247,,0,3,2,2,-1,-1,-1,,,,,,,,,[]
SAVING DATA,Func ID：70088の書込み用グループ,-1,107,107,607,0,1,0x389C31,0x2E,0x248,,0,3,2,2,-1,-1,-1,,,,,,,,,[]
SAVING DATA,Func ID：70088の書込み用グループ,-1,108,108,608,0,1,0x389C31,0x2E,0x249,,0,3,2,2,-1,-1,-1,,,,,,,,,[]
SAVING DATA,Func ID：70088の書込み用グループ,-1,109,109,609,0,1,0x389C31,0x2E,0x24A,,0,3,2,2,-1,-1,-1,,,,,,,,,[]
SAVING DATA,Func ID：70088の書込み用グループ,-1,110,110,610,0,1,0x389C31,0x2E,0x24B,,0,3,2,2,-1,-1,-1,,,,,,,,,[]
SAVING DATA,Func ID：70088の書込み用グループ,-1,111,111,611,0,1,0x389C31,0x2E,0x24C,,0,3,2,2,-1,-1,-1,,,,,,,,,[]
SAVING DATA,Func ID：70088の書込み用グループ,-1,112,112,612,0,1,0x389C31,0x2E,0x24D,,0,3,2,2,-1,-1,-1,,,,,,,,,[]
SAVING DATA,Func ID：70088の書込み用グループ,-1,113,113,613,0,1,0x389C31,0x2E,0x24E,,0,3,2,2,-1,-1,-1,,,,,,,,,[]
SAVING DATA,Func ID：70088の書込み用グループ,-1,114,114,614,0,1,0x389C31,0x2E,0x24F,,0,3,2,2,-1,-1,-1,,,,,,,,,[]
SAVING DATA,Func ID：70088の書込み用グループ,-1,115,115,615,0,1,0x389C31,0x2E,0x250,,0,3,2,2,-1,-1,-1,,,,,,,,,[]
SAVING DATA,Func ID：70088の書込み用グループ,-1,116,116,616,0,1,0x389C31,0x2E,0x251,,0,3,2,2,-1,-1,-1,,,,,,,,,[]
SAVING DATA,Func ID：70088の書込み用グループ,-1,117,117,617,0,1,0x389C31,0x2E,0x252,,0,3,2,2,-1,-1,-1,,,,,,,,,[]
SAVING DATA,Func ID：70088の書込み用グループ,-1,118,118,618,0,1,0x389C31,0x2E,0x253,,0,3,2,2,-1,-1,-1,,,,,,,,,[]
SAVING DATA,Func ID：70088の書込み用グループ,-1,119,119,619,0,1,0x389C31,0x2E,0x254,,0,3,2,2,-1,-1,-1,,,,,,,,,[]
SAVING DATA,Func ID：70088の書込み用グループ,-1,120,120,620,0,1,0x389C31,0x2E,0x255,,0,3,2,2,-1,-1,-1,,,,,,,,,[]
SAVING DATA,Func ID：70088の書込み用グループ,-1,121,121,621,0,1,0x389C31,0x2E,0x256,,0,3,2,2,-1,-1,-1,,,,,,,,,[]
SAVING DATA,Func ID：70088の書込み用グループ,-1,122,122,622,0,1,0x389C31,0x2E,0x257,,0,3,2,2,-1,-1,-1,,,,,,,,,[]
SAVING DATA,Func ID：70088の書込み用グループ,-1,123,123,623,0,1,0x389C31,0x2E,0x258,,0,3,2,2,-1,-1,-1,,,,,,,,,[]
SAVING DATA,Func ID：70088の書込み用グループ,-1,124,124,624,0,1,0x389C31,0x2E,0x259,,0,3,2,2,-1,-1,-1,,,,,,,,,[]
SAVING DATA,Func ID：70088の書込み用グループ,-1,125,125,625,0,1,0x389C31,0x2E,0x25A,,0,3,2,2,-1,-1,-1,,,,,,,,,[]
SAVING DATA,Func ID：70088の書込み用グループ,-1,126,126,626,0,1,0x389C31,0x2E,0x25B,,0,3,2,2,-1,-1,-1,,,,,,,,,[]
SAVING DATA,Func ID：70088の書込み用グループ,-1,127,127,627,0,1,0x389C31,0x2E,0x25C,,0,3,2,2,-1,-1,-1,,,,,,,,,[]
SAVING DATA,Func ID：70088の書込み用グループ,-1,128,128,628,0,1,0x389C31,0x2E,0x25D,,0,3,2,2,-1,-1,-1,,,,,,,,,[]
SAVING DATA,Func ID：70088の書込み用グループ,-1,129,129,629,0,1,0x389C31,0x2E,0x25E,,0,3,2,2,-1,-1,-1,,,,,,,,,[]
SAVING DATA,Func ID：70088の書込み用グループ,-1,130,130,630,0,1,0x389C31,0x2E,0x25F,,0,3,2,2,-1,-1,-1,,,,,,,,,[]
SAVING DATA,Func ID：70088の書込み用グループ,-1,131,131,631,0,1,0x389C31,0x2E,0x260,,0,3,2,2,-1,-1,-1,,,,,,,,,[]
SAVING DATA,Func ID：70088の書込み用グループ,-1,132,132,632,0,1,0x389C31,0x2E,0x261,,0,3,2,2,-1,-1,-1,,,,,,,,,[]
SAVING DATA,Func ID：70088の書込み用グループ,-1,133,133,633,0,1,0x389C31,0x2E,0x262,,0,3,2,2,-1,-1,-1,,,,,,,,,[]
SAVING DATA,Func ID：70088の書込み用グループ,-1,134,134,634,0,1,0x389C31,0x2E,0x263,,0,3,2,2,-1,-1,-1,,,,,,,,,[]
SAVING DATA,Func ID：70088の書込み用グループ,-1,135,135,635,0,1,0x389C31,0x2E,0x264,,0,3,2,2,-1,-1,-1,,,,,,,,,[]
SAVING DATA,Func ID：70088の書込み用グループ,-1,136,136,636,0,1,0x389C31,0x2E,0x265,,0,3,2,2,-1,-1,-1,,,,,,,,,[]
SAVING DATA,Func ID：70088の書込み用グループ,-1,137,137,637,0,1,0x389C31,0x2E,0x266,,0,3,2,2,-1,-1,-1,,,,,,,,,[]
SAVING DATA,Func ID：70088の書込み用グループ,-1,138,138,638,0,1,0x389C31,0x2E,0x267,,0,3,2,2,-1,-1,-1,,,,,,,,,[]
SAVING DATA,Func ID：70088の書込み用グループ,-1,139,139,639,0,1,0x389C31,0x2E,0x268,,0,3,2,2,-1,-1,-1,,,,,,,,,[]
SAVING DATA,Func ID：70088の書込み用グループ,-1,140,140,640,0,1,0x389C31,0x2E,0x269,,0,3,2,2,-1,-1,-1,,,,,,,,,[]
SAVING DATA,Func ID：70088の書込み用グループ,-1,141,141,641,0,1,0x389C31,0x2E,0x26A,,0,3,2,2,-1,-1,-1,,,,,,,,,[]
SAVING DATA,Func ID：70088の書込み用グループ,-1,142,142,642,0,1,0x389C31,0x2E,0x26B,,0,3,2,2,-1,-1,-1,,,,,,,,,[]
SAVING DATA,Func ID：70088の書込み用グループ,-1,143,143,643,0,1,0x389C31,0x2E,0x26C,,0,3,2,2,-1,-1,-1,,,,,,,,,[]
SAVING DATA,Func ID：70088の書込み用グループ,-1,144,144,644,0,1,0x389C31,0x2E,0x26D,,0,3,2,2,-1,-1,-1,,,,,,,,,[]
SAVING DATA,Func ID：70088の書込み用グループ,-1,145,145,645,0,1,0x389C31,0x2E,0x26E,,0,3,2,2,-1,-1,-1,,,,,,,,,[]
SAVING DATA,Func ID：70088の書込み用グループ,-1,146,146,646,0,1,0x389C31,0x2E,0x26F,,0,3,2,2,-1,-1,-1,,,,,,,,,[]
SAVING DATA,Func ID：70088の書込み用グループ,-1,147,147,647,0,1,0x389C31,0x2E,0x270,,0,3,2,2,-1,-1,-1,,,,,,,,,[]
SAVING DATA,Func ID：70088の書込み用グループ,-1,148,148,648,0,1,0x389C31,0x2E,0x271,,0,3,2,2,-1,-1,-1,,,,,,,,,[]
SAVING DATA,Func ID：70088の書込み用グループ,-1,149,149,649,0,1,0x389C31,0x2E,0x272,,0,3,2,2,-1,-1,-1,,,,,,,,,[]
SAVING DATA,Func ID：70088の書込み用グループ,-1,150,150,650,0,1,0x389C31,0x2E,0x273,,0,3,2,2,-1,-1,-1,,,,,,,,,[]
SAVING DATA,Func ID：70088の書込み用グループ,-1,151,151,651,0,1,0x389C31,0x2E,0x276,,0,3,1,2,-1,-1,-1,,,,,,,,,[]
SAVING DATA,Func ID：70088の書込み用グループ,-1,152,152,652,0,1,0x389C31,0x2E,0x277,,0,3,4,2,-1,-1,-1,,,,,,,,,[]
SAVING DATA,Func ID：70088の書込み用グループ,-1,153,153,653,0,1,0x389C31,0x2E,0x274,,0,3,2,2,-1,-1,-1,,,,,,,,,[]
SAVING DATA,Func ID：70088の書込み用グループ,-1,154,154,654,0,1,0x389C31,0x2E,0xDA70,,0,3,124,2,-1,-1,-1,,,,,,,,,[]
SAVING DATA,Func ID：70088の書込み用グループ,-1,155,155,655,0,1,0x389C31,0x2E,0xDA71,,0,3,150,2,-1,-1,-1,,,,,,,,,[]
SAVING DATA,Func ID：70088の書込み用グループ,-1,156,156,656,0,1,0x389C31,0x2E,0xDA72,,0,3,120,2,-1,-1,-1,,,,,,,,,[]
SAVING DATA,Func ID：70088の書込み用グループ,-1,157,157,657,0,1,0x389C31,0x2E,0xDA73,,0,3,150,2,-1,-1,-1,,,,,,,,,[]
SAVING DATA,Func ID：70088の書込み用グループ,-1,158,158,658,0,1,0x389C31,0x2E,0xDA74,,0,3,72,2,-1,-1,-1,,,,,,,,,[]
SAVING DATA,Func ID：70088の書込み用グループ,-1,159,159,659,0,1,0x389C31,0x2E,0xDA75,,0,3,45,2,-1,-1,-1,,,,,,,,,[]
SAVING DATA,Func ID：70088の書込み用グループ,-1,160,160,660,0,1,0x389C31,0x2E,0xDA76,,0,3,45,2,-1,-1,-1,,,,,,,,,[]
SAVING DATA,Func ID：70088の書込み用グループ,-1,161,161,661,0,1,0x389C31,0x2E,0xDA77,,0,3,58,2,-1,-1,-1,,,,,,,,,[]
SAVING DATA,Func ID：70088の書込み用グループ,-1,162,162,662,0,1,0x389C31,0x2E,0xDA78,,0,3,40,2,-1,-1,-1,,,,,,,,,[]
SAVING DATA,Func ID：70088の書込み用グループ,-1,163,163,663,0,1,0x389C31,0x2E,0xDA79,,0,3,62,2,-1,-1,-1,,,,,,,,,[]
SAVING DATA,Func ID：70088の書込み用グループ,-1,164,164,664,0,1,0x389C31,0x2E,0xDA7A,,0,3,80,2,-1,-1,-1,,,,,,,,,[]
SAVING DATA,Func ID：70088の書込み用グループ,-1,165,165,665,0,1,0x389C31,0x2E,0x2B6,,0,3,10,2,-1,-1,-1,,,,,,,,,[]
SAVING DATA,Func ID：70088の書込み用グループ,-1,166,166,666,0,1,0x389C31,0x2E,0xDA7B,,0,3,168,2,-1,-1,-1,,,,,,,,,[]
SAVING DATA,Func ID：70088の書込み用グループ,-1,167,167,667,0,1,0x389C31,0x2E,0xDA7C,,0,3,160,2,-1,-1,-1,,,,,,,,,[]
SAVING DATA,Func ID：70088の書込み用グループ,-1,168,168,668,0,1,0x389C31,0x2E,0xDA7D,,0,3,56,2,-1,-1,-1,,,,,,,,,[]
SAVING DATA,Func ID：70088の書込み用グループ,-1,169,169,669,0,1,0x389C31,0x2E,0xDA7E,,0,3,56,2,-1,-1,-1,,,,,,,,,[]
SAVING DATA,Func ID：70088の書込み用グループ,-1,170,170,670,0,1,0x389C31,0x2E,0xDA7F,,0,3,112,2,-1,-1,-1,,,,,,,,,[]
SAVING DATA,Func ID：70088の書込み用グループ,-1,171,171,671,0,1,0x389C31,0x2E,0xDA80,,0,3,80,2,-1,-1,-1,,,,,,,,,[]
SAVING DATA,Func ID：70088の書込み用グループ,-1,172,172,672,0,1,0x389C31,0x2E,0xDA81,,0,3,52,2,-1,-1,-1,,,,,,,,,[]
SAVING DATA,Func ID：70088の書込み用グループ,-1,173,173,673,0,1,0x389C31,0x2E,0xDA82,,0,3,28,2,-1,-1,-1,,,,,,,,,[]
SAVING DATA,Func ID：70088の書込み用グループ,-1,174,174,674,0,1,0x389C31,0x2E,0xDA83,,0,3,40,2,-1,-1,-1,,,,,,,,,[]
SAVING DATA,Func ID：70088の書込み用グループ,-1,175,175,675,0,1,0x389C31,0x2E,0xDA84,,0,3,28,2,-1,-1,-1,,,,,,,,,[]
SAVING DATA,Func ID：70088の書込み用グループ,-1,176,176,676,0,1,0x389C31,0x2E,0xDA85,,0,3,40,2,-1,-1,-1,,,,,,,,,[]
SAVING DATA,Func ID：70088の書込み用グループ,-1,177,177,677,0,1,0x389C31,0x2E,0xDA86,,0,3,40,2,-1,-1,-1,,,,,,,,,[]
SAVING DATA,Func ID：70088の書込み用グループ,-1,178,178,678,0,1,0x389C31,0x2E,0xDA87,,0,3,40,2,-1,-1,-1,,,,,,,,,[]
SAVING DATA,Func ID：70088の書込み用グループ,-1,179,179,679,0,1,0x389C31,0x2E,0x279,,0,3,1,2,-1,-1,-1,,,,,,,,,[]
SAVING DATA,Func ID：70088の書込み用グループ,-1,180,180,680,0,1,0x389C31,0x2E,0x27A,,0,3,1,2,-1,-1,-1,,,,,,,,,[]
SAVING DATA,Func ID：70088の書込み用グループ,-1,181,181,681,0,1,0x389C31,0x2E,0x27B,,0,3,1,2,-1,-1,-1,,,,,,,,,[]
SAVING DATA,Func ID：70088の書込み用グループ,-1,182,182,682,0,1,0x389C31,0x2E,0x27C,,0,3,1,2,-1,-1,-1,,,,,,,,,[]
SAVING DATA,Func ID：70088の書込み用グループ,-1,183,183,683,0,1,0x389C31,0x2E,0x27D,,0,3,1,2,-1,-1,-1,,,,,,,,,[]
SAVING DATA,Func ID：70088の書込み用グループ,-1,184,184,684,0,1,0x389C31,0x2E,0x27E,,0,3,1,2,-1,-1,-1,,,,,,,,,[]
SAVING DATA,Func ID：70088の書込み用グループ,-1,185,185,685,0,1,0x389C31,0x2E,0x27F,,0,3,1,2,-1,-1,-1,,,,,,,,,[]
SAVING DATA,Func ID：70088の書込み用グループ,-1,186,186,686,0,1,0x389C31,0x2E,0x280,,0,3,1,2,-1,-1,-1,,,,,,,,,[]
SAVING DATA,Func ID：70088の書込み用グループ,-1,187,187,687,0,1,0x389C31,0x2E,0x281,,0,3,1,2,-1,-1,-1,,,,,,,,,[]
SAVING DATA,Func ID：70088の書込み用グループ,-1,188,188,688,0,1,0x389C31,0x2E,0x282,,0,3,1,2,-1,-1,-1,,,,,,,,,[]
SAVING DATA,Func ID：70088の書込み用グループ,-1,189,189,689,0,1,0x389C31,0x2E,0x283,,0,3,1,2,-1,-1,-1,,,,,,,,,[]
SAVING DATA,Func ID：70088の書込み用グループ,-1,190,190,690,0,1,0x389C31,0x2E,0x284,,0,3,1,2,-1,-1,-1,,,,,,,,,[]
SAVING DATA,Func ID：70088の書込み用グループ,-1,191,191,691,0,1,0x389C31,0x2E,0x285,,0,3,1,2,-1,-1,-1,,,,,,,,,[]
SAVING DATA,Func ID：70088の書込み用グループ,-1,192,192,692,0,1,0x389C31,0x2E,0x286,,0,3,1,2,-1,-1,-1,,,,,,,,,[]
SAVING DATA,Func ID：70088の書込み用グループ,-1,193,193,693,0,1,0x389C31,0x2E,0x287,,0,3,1,2,-1,-1,-1,,,,,,,,,[]
SAVING DATA,Func ID：70088の書込み用グループ,-1,194,194,694,0,1,0x389C31,0x2E,0x288,,0,3,1,2,-1,-1,-1,,,,,,,,,[]
SAVING DATA,Func ID：70088の書込み用グループ,-1,195,195,695,0,1,0x389C31,0x2E,0xDA88,,0,3,64,2,-1,-1,-1,,,,,,,,,[]
SAVING DATA,Func ID：70088の書込み用グループ,-1,196,196,696,0,1,0x389C31,0x2E,0xDA89,,0,3,64,2,-1,-1,-1,,,,,,,,,[]
SAVING DATA,Func ID：70088の書込み用グループ,-1,197,197,697,0,1,0x389C31,0x2E,0xDA8A,,0,3,2,2,-1,-1,-1,,,,,,,,,[]
SAVING DATA,Func ID：70088の書込み用グループ,-1,198,198,698,0,1,0x389C31,0x2E,0xDA8B,,0,3,2,2,-1,-1,-1,,,,,,,,,[]
SAVING DATA,Func ID：70088の読み出し用グループ,SAVE BATTERY INFORMATION DATA,1,1,901,0,1,0x389C31,0x22,0x10A,,0,3,2,2,-1,-1,-1,,,,,,,,,[]
SAVING DATA,Func ID：70088の読み出し用グループ,-1,2,2,902,0,1,0x389C31,0x22,0x10C,,0,3,4,2,-1,-1,-1,,,,,,,,,[]
SAVING DATA,Func ID：70088の読み出し用グループ,-1,3,3,903,0,1,0x389C31,0x22,0x17A,,0,3,1,2,-1,-1,-1,,,,,,,,,[]
SAVING DATA,Func ID：70088の読み出し用グループ,-1,4,4,904,0,1,0x389C31,0x22,0x1E0,,0,3,2,2,-1,-1,-1,,,,,,,,,[]
SAVING DATA,Func ID：70088の読み出し用グループ,-1,5,5,905,0,1,0x389C31,0x22,0x1E1,,0,3,1,2,-1,-1,-1,,,,,,,,,[]
SAVING DATA,Func ID：70088の読み出し用グループ,-1,6,6,906,0,1,0x389C31,0x22,0x1E2,,0,3,4,2,-1,-1,-1,,,,,,,,,[]
SAVING DATA,Func ID：70088の読み出し用グループ,-1,7,7,907,0,1,0x389C31,0x22,0x1E3,,0,3,1,2,-1,-1,-1,,,,,,,,,[]
SAVING DATA,Func ID：70088の読み出し用グループ,-1,8,8,908,0,1,0x389C31,0x22,0x1E5,,0,3,4,2,-1,-1,-1,,,,,,,,,[]
SAVING DATA,Func ID：70088の読み出し用グループ,-1,9,9,909,0,1,0x389C31,0x22,0x1E6,,0,3,2,2,-1,-1,-1,,,,,,,,,[]
SAVING DATA,Func ID：70088の読み出し用グループ,-1,10,10,910,0,1,0x389C31,0x22,0x1E7,,0,3,2,2,-1,-1,-1,,,,,,,,,[]
SAVING DATA,Func ID：70088の読み出し用グループ,-1,11,11,911,0,1,0x389C31,0x22,0x1E8,,0,3,2,2,-1,-1,-1,,,,,,,,,[]
SAVING DATA,Func ID：70088の読み出し用グループ,-1,12,12,912,0,1,0x389C31,0x22,0x1E9,,0,3,2,2,-1,-1,-1,,,,,,,,,[]
SAVING DATA,Func ID：70088の読み出し用グループ,-1,13,13,913,0,1,0x389C31,0x22,0x1EA,,0,3,2,2,-1,-1,-1,,,,,,,,,[]
SAVING DATA,Func ID：70088の読み出し用グループ,-1,14,14,914,0,1,0x389C31,0x22,0x1EB,,0,3,2,2,-1,-1,-1,,,,,,,,,[]
SAVING DATA,Func ID：70088の読み出し用グループ,-1,15,15,915,0,1,0x389C31,0x22,0x1EC,,0,3,2,2,-1,-1,-1,,,,,,,,,[]
SAVING DATA,Func ID：70088の読み出し用グループ,-1,16,16,916,0,1,0x389C31,0x22,0x1ED,,0,3,2,2,-1,-1,-1,,,,,,,,,[]
SAVING DATA,Func ID：70088の読み出し用グループ,-1,17,17,917,0,1,0x389C31,0x22,0x1EE,,0,3,2,2,-1,-1,-1,,,,,,,,,[]
SAVING DATA,Func ID：70088の読み出し用グループ,-1,18,18,918,0,1,0x389C31,0x22,0x1EF,,0,3,2,2,-1,-1,-1,,,,,,,,,[]
SAVING DATA,Func ID：70088の読み出し用グループ,-1,19,19,919,0,1,0x389C31,0x22,0x1F0,,0,3,2,2,-1,-1,-1,,,,,,,,,[]
SAVING DATA,Func ID：70088の読み出し用グループ,-1,20,20,920,0,1,0x389C31,0x22,0x1F1,,0,3,2,2,-1,-1,-1,,,,,,,,,[]
SAVING DATA,Func ID：70088の読み出し用グループ,-1,21,21,921,0,1,0x389C31,0x22,0x1F2,,0,3,2,2,-1,-1,-1,,,,,,,,,[]
SAVING DATA,Func ID：70088の読み出し用グループ,-1,22,22,922,0,1,0x389C31,0x22,0x1F3,,0,3,2,2,-1,-1,-1,,,,,,,,,[]
SAVING DATA,Func ID：70088の読み出し用グループ,-1,23,23,923,0,1,0x389C31,0x22,0x1F4,,0,3,2,2,-1,-1,-1,,,,,,,,,[]
SAVING DATA,Func ID：70088の読み出し用グループ,-1,24,24,924,0,1,0x389C31,0x22,0x1F5,,0,3,2,2,-1,-1,-1,,,,,,,,,[]
SAVING DATA,Func ID：70088の読み出し用グループ,-1,25,25,925,0,1,0x389C31,0x22,0x1F6,,0,3,2,2,-1,-1,-1,,,,,,,,,[]
SAVING DATA,Func ID：70088の読み出し用グループ,-1,26,26,926,0,1,0x389C31,0x22,0x1F7,,0,3,2,2,-1,-1,-1,,,,,,,,,[]
SAVING DATA,Func ID：70088の読み出し用グループ,-1,27,27,927,0,1,0x389C31,0x22,0x1F8,,0,3,2,2,-1,-1,-1,,,,,,,,,[]
SAVING DATA,Func ID：70088の読み出し用グループ,-1,28,28,928,0,1,0x389C31,0x22,0x1F9,,0,3,2,2,-1,-1,-1,,,,,,,,,[]
SAVING DATA,Func ID：70088の読み出し用グループ,-1,29,29,929,0,1,0x389C31,0x22,0x1FA,,0,3,2,2,-1,-1,-1,,,,,,,,,[]
SAVING DATA,Func ID：70088の読み出し用グループ,-1,30,30,930,0,1,0x389C31,0x22,0x1FB,,0,3,2,2,-1,-1,-1,,,,,,,,,[]
SAVING DATA,Func ID：70088の読み出し用グループ,-1,31,31,931,0,1,0x389C31,0x22,0x1FC,,0,3,2,2,-1,-1,-1,,,,,,,,,[]
SAVING DATA,Func ID：70088の読み出し用グループ,-1,32,32,932,0,1,0x389C31,0x22,0x1FD,,0,3,2,2,-1,-1,-1,,,,,,,,,[]
SAVING DATA,Func ID：70088の読み出し用グループ,-1,33,33,933,0,1,0x389C31,0x22,0x1FE,,0,3,2,2,-1,-1,-1,,,,,,,,,[]
SAVING DATA,Func ID：70088の読み出し用グループ,-1,34,34,934,0,1,0x389C31,0x22,0x1FF,,0,3,2,2,-1,-1,-1,,,,,,,,,[]
SAVING DATA,Func ID：70088の読み出し用グループ,-1,35,35,935,0,1,0x389C31,0x22,0x200,,0,3,2,2,-1,-1,-1,,,,,,,,,[]
SAVING DATA,Func ID：70088の読み出し用グループ,-1,36,36,936,0,1,0x389C31,0x22,0x201,,0,3,2,2,-1,-1,-1,,,,,,,,,[]
SAVING DATA,Func ID：70088の読み出し用グループ,-1,37,37,937,0,1,0x389C31,0x22,0x202,,0,3,2,2,-1,-1,-1,,,,,,,,,[]
SAVING DATA,Func ID：70088の読み出し用グループ,-1,38,38,938,0,1,0x389C31,0x22,0x203,,0,3,2,2,-1,-1,-1,,,,,,,,,[]
SAVING DATA,Func ID：70088の読み出し用グループ,-1,39,39,939,0,1,0x389C31,0x22,0x204,,0,3,2,2,-1,-1,-1,,,,,,,,,[]
SAVING DATA,Func ID：70088の読み出し用グループ,-1,40,40,940,0,1,0x389C31,0x22,0x205,,0,3,2,2,-1,-1,-1,,,,,,,,,[]
SAVING DATA,Func ID：70088の読み出し用グループ,-1,41,41,941,0,1,0x389C31,0x22,0x206,,0,3,2,2,-1,-1,-1,,,,,,,,,[]
SAVING DATA,Func ID：70088の読み出し用グループ,-1,42,42,942,0,1,0x389C31,0x22,0x207,,0,3,2,2,-1,-1,-1,,,,,,,,,[]
SAVING DATA,Func ID：70088の読み出し用グループ,-1,43,43,943,0,1,0x389C31,0x22,0x208,,0,3,2,2,-1,-1,-1,,,,,,,,,[]
SAVING DATA,Func ID：70088の読み出し用グループ,-1,44,44,944,0,1,0x389C31,0x22,0x209,,0,3,2,2,-1,-1,-1,,,,,,,,,[]
SAVING DATA,Func ID：70088の読み出し用グループ,-1,45,45,945,0,1,0x389C31,0x22,0x20A,,0,3,2,2,-1,-1,-1,,,,,,,,,[]
SAVING DATA,Func ID：70088の読み出し用グループ,-1,46,46,946,0,1,0x389C31,0x22,0x20B,,0,3,2,2,-1,-1,-1,,,,,,,,,[]
SAVING DATA,Func ID：70088の読み出し用グループ,-1,47,47,947,0,1,0x389C31,0x22,0x20C,,0,3,2,2,-1,-1,-1,,,,,,,,,[]
SAVING DATA,Func ID：70088の読み出し用グループ,-1,48,48,948,0,1,0x389C31,0x22,0x20D,,0,3,2,2,-1,-1,-1,,,,,,,,,[]
SAVING DATA,Func ID：70088の読み出し用グループ,-1,49,49,949,0,1,0x389C31,0x22,0x20E,,0,3,2,2,-1,-1,-1,,,,,,,,,[]
SAVING DATA,Func ID：70088の読み出し用グループ,-1,50,50,950,0,1,0x389C31,0x22,0x20F,,0,3,2,2,-1,-1,-1,,,,,,,,,[]
SAVING DATA,Func ID：70088の読み出し用グループ,-1,51,51,951,0,1,0x389C31,0x22,0x210,,0,3,2,2,-1,-1,-1,,,,,,,,,[]
SAVING DATA,Func ID：70088の読み出し用グループ,-1,52,52,952,0,1,0x389C31,0x22,0x211,,0,3,2,2,-1,-1,-1,,,,,,,,,[]
SAVING DATA,Func ID：70088の読み出し用グループ,-1,53,53,953,0,1,0x389C31,0x22,0x212,,0,3,2,2,-1,-1,-1,,,,,,,,,[]
SAVING DATA,Func ID：70088の読み出し用グループ,-1,54,54,954,0,1,0x389C31,0x22,0x213,,0,3,2,2,-1,-1,-1,,,,,,,,,[]
SAVING DATA,Func ID：70088の読み出し用グループ,-1,55,55,955,0,1,0x389C31,0x22,0x214,,0,3,2,2,-1,-1,-1,,,,,,,,,[]
SAVING DATA,Func ID：70088の読み出し用グループ,-1,56,56,956,0,1,0x389C31,0x22,0x215,,0,3,2,2,-1,-1,-1,,,,,,,,,[]
SAVING DATA,Func ID：70088の読み出し用グループ,-1,57,57,957,0,1,0x389C31,0x22,0x216,,0,3,2,2,-1,-1,-1,,,,,,,,,[]
SAVING DATA,Func ID：70088の読み出し用グループ,-1,58,58,958,0,1,0x389C31,0x22,0x217,,0,3,2,2,-1,-1,-1,,,,,,,,,[]
SAVING DATA,Func ID：70088の読み出し用グループ,-1,59,59,959,0,1,0x389C31,0x22,0x218,,0,3,2,2,-1,-1,-1,,,,,,,,,[]
SAVING DATA,Func ID：70088の読み出し用グループ,-1,60,60,960,0,1,0x389C31,0x22,0x219,,0,3,2,2,-1,-1,-1,,,,,,,,,[]
SAVING DATA,Func ID：70088の読み出し用グループ,-1,61,61,961,0,1,0x389C31,0x22,0x21A,,0,3,2,2,-1,-1,-1,,,,,,,,,[]
SAVING DATA,Func ID：70088の読み出し用グループ,-1,62,62,962,0,1,0x389C31,0x22,0x21B,,0,3,2,2,-1,-1,-1,,,,,,,,,[]
SAVING DATA,Func ID：70088の読み出し用グループ,-1,63,63,963,0,1,0x389C31,0x22,0x21C,,0,3,2,2,-1,-1,-1,,,,,,,,,[]
SAVING DATA,Func ID：70088の読み出し用グループ,-1,64,64,964,0,1,0x389C31,0x22,0x21D,,0,3,2,2,-1,-1,-1,,,,,,,,,[]
SAVING DATA,Func ID：70088の読み出し用グループ,-1,65,65,965,0,1,0x389C31,0x22,0x21E,,0,3,2,2,-1,-1,-1,,,,,,,,,[]
SAVING DATA,Func ID：70088の読み出し用グループ,-1,66,66,966,0,1,0x389C31,0x22,0x21F,,0,3,2,2,-1,-1,-1,,,,,,,,,[]
SAVING DATA,Func ID：70088の読み出し用グループ,-1,67,67,967,0,1,0x389C31,0x22,0x220,,0,3,2,2,-1,-1,-1,,,,,,,,,[]
SAVING DATA,Func ID：70088の読み出し用グループ,-1,68,68,968,0,1,0x389C31,0x22,0x221,,0,3,2,2,-1,-1,-1,,,,,,,,,[]
SAVING DATA,Func ID：70088の読み出し用グループ,-1,69,69,969,0,1,0x389C31,0x22,0x222,,0,3,2,2,-1,-1,-1,,,,,,,,,[]
SAVING DATA,Func ID：70088の読み出し用グループ,-1,70,70,970,0,1,0x389C31,0x22,0x223,,0,3,2,2,-1,-1,-1,,,,,,,,,[]
SAVING DATA,Func ID：70088の読み出し用グループ,-1,71,71,971,0,1,0x389C31,0x22,0x224,,0,3,2,2,-1,-1,-1,,,,,,,,,[]
SAVING DATA,Func ID：70088の読み出し用グループ,-1,72,72,972,0,1,0x389C31,0x22,0x225,,0,3,2,2,-1,-1,-1,,,,,,,,,[]
SAVING DATA,Func ID：70088の読み出し用グループ,-1,73,73,973,0,1,0x389C31,0x22,0x226,,0,3,4,2,-1,-1,-1,,,,,,,,,[]
SAVING DATA,Func ID：70088の読み出し用グループ,-1,74,74,974,0,1,0x389C31,0x22,0x227,,0,3,4,2,-1,-1,-1,,,,,,,,,[]
SAVING DATA,Func ID：70088の読み出し用グループ,-1,75,75,975,0,1,0x389C31,0x22,0x228,,0,3,2,2,-1,-1,-1,,,,,,,,,[]
SAVING DATA,Func ID：70088の読み出し用グループ,-1,76,76,976,0,1,0x389C31,0x22,0x229,,0,3,1,2,-1,-1,-1,,,,,,,,,[]
SAVING DATA,Func ID：70088の読み出し用グループ,-1,77,77,977,0,1,0x389C31,0x22,0x22A,,0,3,4,2,-1,-1,-1,,,,,,,,,[]
SAVING DATA,Func ID：70088の読み出し用グループ,-1,78,78,978,0,1,0x389C31,0x22,0x22B,,0,3,4,2,-1,-1,-1,,,,,,,,,[]
SAVING DATA,Func ID：70088の読み出し用グループ,-1,79,79,979,0,1,0x389C31,0x22,0x22C,,0,3,4,2,-1,-1,-1,,,,,,,,,[]
SAVING DATA,Func ID：70088の読み出し用グループ,-1,80,80,980,0,1,0x389C31,0x22,0x22D,,0,3,4,2,-1,-1,-1,,,,,,,,,[]
SAVING DATA,Func ID：70088の読み出し用グループ,-1,81,81,981,0,1,0x389C31,0x22,0x22E,,0,3,4,2,-1,-1,-1,,,,,,,,,[]
SAVING DATA,Func ID：70088の読み出し用グループ,-1,82,82,982,0,1,0x389C31,0x22,0x22F,,0,3,4,2,-1,-1,-1,,,,,,,,,[]
SAVING DATA,Func ID：70088の読み出し用グループ,-1,83,83,983,0,1,0x389C31,0x22,0x230,,0,3,4,2,-1,-1,-1,,,,,,,,,[]
SAVING DATA,Func ID：70088の読み出し用グループ,-1,84,84,984,0,1,0x389C31,0x22,0x231,,0,3,2,2,-1,-1,-1,,,,,,,,,[]
SAVING DATA,Func ID：70088の読み出し用グループ,-1,85,85,985,0,1,0x389C31,0x22,0x232,,0,3,2,2,-1,-1,-1,,,,,,,,,[]
SAVING DATA,Func ID：70088の読み出し用グループ,-1,86,86,986,0,1,0x389C31,0x22,0x233,,0,3,2,2,-1,-1,-1,,,,,,,,,[]
SAVING DATA,Func ID：70088の読み出し用グループ,-1,87,87,987,0,1,0x389C31,0x22,0x234,,0,3,2,2,-1,-1,-1,,,,,,,,,[]
SAVING DATA,Func ID：70088の読み出し用グループ,-1,88,88,988,0,1,0x389C31,0x22,0x235,,0,3,2,2,-1,-1,-1,,,,,,,,,[]
SAVING DATA,Func ID：70088の読み出し用グループ,-1,89,89,989,0,1,0x389C31,0x22,0x236,,0,3,2,2,-1,-1,-1,,,,,,,,,[]
SAVING DATA,Func ID：70088の読み出し用グループ,-1,90,90,990,0,1,0x389C31,0x22,0x237,,0,3,2,2,-1,-1,-1,,,,,,,,,[]
SAVING DATA,Func ID：70088の読み出し用グループ,-1,91,91,991,0,1,0x389C31,0x22,0x238,,0,3,2,2,-1,-1,-1,,,,,,,,,[]
SAVING DATA,Func ID：70088の読み出し用グループ,-1,92,92,992,0,1,0x389C31,0x22,0x239,,0,3,2,2,-1,-1,-1,,,,,,,,,[]
SAVING DATA,Func ID：70088の読み出し用グループ,-1,93,93,993,0,1,0x389C31,0x22,0x23A,,0,3,2,2,-1,-1,-1,,,,,,,,,[]
SAVING DATA,Func ID：70088の読み出し用グループ,-1,94,94,994,0,1,0x389C31,0x22,0x23B,,0,3,2,2,-1,-1,-1,,,,,,,,,[]
SAVING DATA,Func ID：70088の読み出し用グループ,-1,95,95,995,0,1,0x389C31,0x22,0x23C,,0,3,2,2,-1,-1,-1,,,,,,,,,[]
SAVING DATA,Func ID：70088の読み出し用グループ,-1,96,96,996,0,1,0x389C31,0x22,0x23D,,0,3,2,2,-1,-1,-1,,,,,,,,,[]
SAVING DATA,Func ID：70088の読み出し用グループ,-1,97,97,997,0,1,0x389C31,0x22,0x23E,,0,3,2,2,-1,-1,-1,,,,,,,,,[]
SAVING DATA,Func ID：70088の読み出し用グループ,-1,98,98,998,0,1,0x389C31,0x22,0x23F,,0,3,2,2,-1,-1,-1,,,,,,,,,[]
SAVING DATA,Func ID：70088の読み出し用グループ,-1,99,99,999,0,1,0x389C31,0x22,0x240,,0,3,2,2,-1,-1,-1,,,,,,,,,[]
SAVING DATA,Func ID：70088の読み出し用グループ,-1,100,100,1000,0,1,0x389C31,0x22,0x241,,0,3,2,2,-1,-1,-1,,,,,,,,,[]
SAVING DATA,Func ID：70088の読み出し用グループ,-1,101,101,1001,0,1,0x389C31,0x22,0x242,,0,3,2,2,-1,-1,-1,,,,,,,,,[]
SAVING DATA,Func ID：70088の読み出し用グループ,-1,102,102,1002,0,1,0x389C31,0x22,0x243,,0,3,2,2,-1,-1,-1,,,,,,,,,[]
SAVING DATA,Func ID：70088の読み出し用グループ,-1,103,103,1003,0,1,0x389C31,0x22,0x244,,0,3,2,2,-1,-1,-1,,,,,,,,,[]
SAVING DATA,Func ID：70088の読み出し用グループ,-1,104,104,1004,0,1,0x389C31,0x22,0x245,,0,3,2,2,-1,-1,-1,,,,,,,,,[]
SAVING DATA,Func ID：70088の読み出し用グループ,-1,105,105,1005,0,1,0x389C31,0x22,0x246,,0,3,2,2,-1,-1,-1,,,,,,,,,[]
SAVING DATA,Func ID：70088の読み出し用グループ,-1,106,106,1006,0,1,0x389C31,0x22,0x247,,0,3,2,2,-1,-1,-1,,,,,,,,,[]
SAVING DATA,Func ID：70088の読み出し用グループ,-1,107,107,1007,0,1,0x389C31,0x22,0x248,,0,3,2,2,-1,-1,-1,,,,,,,,,[]
SAVING DATA,Func ID：70088の読み出し用グループ,-1,108,108,1008,0,1,0x389C31,0x22,0x249,,0,3,2,2,-1,-1,-1,,,,,,,,,[]
SAVING DATA,Func ID：70088の読み出し用グループ,-1,109,109,1009,0,1,0x389C31,0x22,0x24A,,0,3,2,2,-1,-1,-1,,,,,,,,,[]
SAVING DATA,Func ID：70088の読み出し用グループ,-1,110,110,1010,0,1,0x389C31,0x22,0x24B,,0,3,2,2,-1,-1,-1,,,,,,,,,[]
SAVING DATA,Func ID：70088の読み出し用グループ,-1,111,111,1011,0,1,0x389C31,0x22,0x24C,,0,3,2,2,-1,-1,-1,,,,,,,,,[]
SAVING DATA,Func ID：70088の読み出し用グループ,-1,112,112,1012,0,1,0x389C31,0x22,0x24D,,0,3,2,2,-1,-1,-1,,,,,,,,,[]
SAVING DATA,Func ID：70088の読み出し用グループ,-1,113,113,1013,0,1,0x389C31,0x22,0x24E,,0,3,2,2,-1,-1,-1,,,,,,,,,[]
SAVING DATA,Func ID：70088の読み出し用グループ,-1,114,114,1014,0,1,0x389C31,0x22,0x24F,,0,3,2,2,-1,-1,-1,,,,,,,,,[]
SAVING DATA,Func ID：70088の読み出し用グループ,-1,115,115,1015,0,1,0x389C31,0x22,0x250,,0,3,2,2,-1,-1,-1,,,,,,,,,[]
SAVING DATA,Func ID：70088の読み出し用グループ,-1,116,116,1016,0,1,0x389C31,0x22,0x251,,0,3,2,2,-1,-1,-1,,,,,,,,,[]
SAVING DATA,Func ID：70088の読み出し用グループ,-1,117,117,1017,0,1,0x389C31,0x22,0x252,,0,3,2,2,-1,-1,-1,,,,,,,,,[]
SAVING DATA,Func ID：70088の読み出し用グループ,-1,118,118,1018,0,1,0x389C31,0x22,0x253,,0,3,2,2,-1,-1,-1,,,,,,,,,[]
SAVING DATA,Func ID：70088の読み出し用グループ,-1,119,119,1019,0,1,0x389C31,0x22,0x254,,0,3,2,2,-1,-1,-1,,,,,,,,,[]
SAVING DATA,Func ID：70088の読み出し用グループ,-1,120,120,1020,0,1,0x389C31,0x22,0x255,,0,3,2,2,-1,-1,-1,,,,,,,,,[]
SAVING DATA,Func ID：70088の読み出し用グループ,-1,121,121,1021,0,1,0x389C31,0x22,0x256,,0,3,2,2,-1,-1,-1,,,,,,,,,[]
SAVING DATA,Func ID：70088の読み出し用グループ,-1,122,122,1022,0,1,0x389C31,0x22,0x257,,0,3,2,2,-1,-1,-1,,,,,,,,,[]
SAVING DATA,Func ID：70088の読み出し用グループ,-1,123,123,1023,0,1,0x389C31,0x22,0x258,,0,3,2,2,-1,-1,-1,,,,,,,,,[]
SAVING DATA,Func ID：70088の読み出し用グループ,-1,124,124,1024,0,1,0x389C31,0x22,0x259,,0,3,2,2,-1,-1,-1,,,,,,,,,[]
SAVING DATA,Func ID：70088の読み出し用グループ,-1,125,125,1025,0,1,0x389C31,0x22,0x25A,,0,3,2,2,-1,-1,-1,,,,,,,,,[]
SAVING DATA,Func ID：70088の読み出し用グループ,-1,126,126,1026,0,1,0x389C31,0x22,0x25B,,0,3,2,2,-1,-1,-1,,,,,,,,,[]
SAVING DATA,Func ID：70088の読み出し用グループ,-1,127,127,1027,0,1,0x389C31,0x22,0x25C,,0,3,2,2,-1,-1,-1,,,,,,,,,[]
SAVING DATA,Func ID：70088の読み出し用グループ,-1,128,128,1028,0,1,0x389C31,0x22,0x25D,,0,3,2,2,-1,-1,-1,,,,,,,,,[]
SAVING DATA,Func ID：70088の読み出し用グループ,-1,129,129,1029,0,1,0x389C31,0x22,0x25E,,0,3,2,2,-1,-1,-1,,,,,,,,,[]
SAVING DATA,Func ID：70088の読み出し用グループ,-1,130,130,1030,0,1,0x389C31,0x22,0x25F,,0,3,2,2,-1,-1,-1,,,,,,,,,[]
SAVING DATA,Func ID：70088の読み出し用グループ,-1,131,131,1031,0,1,0x389C31,0x22,0x260,,0,3,2,2,-1,-1,-1,,,,,,,,,[]
SAVING DATA,Func ID：70088の読み出し用グループ,-1,132,132,1032,0,1,0x389C31,0x22,0x261,,0,3,2,2,-1,-1,-1,,,,,,,,,[]
SAVING DATA,Func ID：70088の読み出し用グループ,-1,133,133,1033,0,1,0x389C31,0x22,0x262,,0,3,2,2,-1,-1,-1,,,,,,,,,[]
SAVING DATA,Func ID：70088の読み出し用グループ,-1,134,134,1034,0,1,0x389C31,0x22,0x263,,0,3,2,2,-1,-1,-1,,,,,,,,,[]
SAVING DATA,Func ID：70088の読み出し用グループ,-1,135,135,1035,0,1,0x389C31,0x22,0x264,,0,3,2,2,-1,-1,-1,,,,,,,,,[]
SAVING DATA,Func ID：70088の読み出し用グループ,-1,136,136,1036,0,1,0x389C31,0x22,0x265,,0,3,2,2,-1,-1,-1,,,,,,,,,[]
SAVING DATA,Func ID：70088の読み出し用グループ,-1,137,137,1037,0,1,0x389C31,0x22,0x266,,0,3,2,2,-1,-1,-1,,,,,,,,,[]
SAVING DATA,Func ID：70088の読み出し用グループ,-1,138,138,1038,0,1,0x389C31,0x22,0x267,,0,3,2,2,-1,-1,-1,,,,,,,,,[]
SAVING DATA,Func ID：70088の読み出し用グループ,-1,139,139,1039,0,1,0x389C31,0x22,0x268,,0,3,2,2,-1,-1,-1,,,,,,,,,[]
SAVING DATA,Func ID：70088の読み出し用グループ,-1,140,140,1040,0,1,0x389C31,0x22,0x269,,0,3,2,2,-1,-1,-1,,,,,,,,,[]
SAVING DATA,Func ID：70088の読み出し用グループ,-1,141,141,1041,0,1,0x389C31,0x22,0x26A,,0,3,2,2,-1,-1,-1,,,,,,,,,[]
SAVING DATA,Func ID：70088の読み出し用グループ,-1,142,142,1042,0,1,0x389C31,0x22,0x26B,,0,3,2,2,-1,-1,-1,,,,,,,,,[]
SAVING DATA,Func ID：70088の読み出し用グループ,-1,143,143,1043,0,1,0x389C31,0x22,0x26C,,0,3,2,2,-1,-1,-1,,,,,,,,,[]
SAVING DATA,Func ID：70088の読み出し用グループ,-1,144,144,1044,0,1,0x389C31,0x22,0x26D,,0,3,2,2,-1,-1,-1,,,,,,,,,[]
SAVING DATA,Func ID：70088の読み出し用グループ,-1,145,145,1045,0,1,0x389C31,0x22,0x26E,,0,3,2,2,-1,-1,-1,,,,,,,,,[]
SAVING DATA,Func ID：70088の読み出し用グループ,-1,146,146,1046,0,1,0x389C31,0x22,0x26F,,0,3,2,2,-1,-1,-1,,,,,,,,,[]
SAVING DATA,Func ID：70088の読み出し用グループ,-1,147,147,1047,0,1,0x389C31,0x22,0x270,,0,3,2,2,-1,-1,-1,,,,,,,,,[]
SAVING DATA,Func ID：70088の読み出し用グループ,-1,148,148,1048,0,1,0x389C31,0x22,0x271,,0,3,2,2,-1,-1,-1,,,,,,,,,[]
SAVING DATA,Func ID：70088の読み出し用グループ,-1,149,149,1049,0,1,0x389C31,0x22,0x272,,0,3,2,2,-1,-1,-1,,,,,,,,,[]
SAVING DATA,Func ID：70088の読み出し用グループ,-1,150,150,1050,0,1,0x389C31,0x22,0x273,,0,3,2,2,-1,-1,-1,,,,,,,,,[]
SAVING DATA,Func ID：70088の読み出し用グループ,-1,151,151,1051,0,1,0x389C31,0x22,0x276,,0,3,1,2,-1,-1,-1,,,,,,,,,[]
SAVING DATA,Func ID：70088の読み出し用グループ,-1,152,152,1052,0,1,0x389C31,0x22,0x277,,0,3,4,2,-1,-1,-1,,,,,,,,,[]
SAVING DATA,Func ID：70088の読み出し用グループ,-1,153,153,1053,0,1,0x389C31,0x22,0x274,,0,3,2,2,-1,-1,-1,,,,,,,,,[]
SAVING DATA,Func ID：70088の読み出し用グループ,-1,154,154,1054,0,1,0x389C31,0x22,0xDA70,,0,3,124,2,-1,-1,-1,,,,,,,,,[]
SAVING DATA,Func ID：70088の読み出し用グループ,-1,155,155,1055,0,1,0x389C31,0x22,0xDA71,,0,3,150,2,-1,-1,-1,,,,,,,,,[]
SAVING DATA,Func ID：70088の読み出し用グループ,-1,156,156,1056,0,1,0x389C31,0x22,0xDA72,,0,3,120,2,-1,-1,-1,,,,,,,,,[]
SAVING DATA,Func ID：70088の読み出し用グループ,-1,157,157,1057,0,1,0x389C31,0x22,0xDA73,,0,3,150,2,-1,-1,-1,,,,,,,,,[]
SAVING DATA,Func ID：70088の読み出し用グループ,-1,158,158,1058,0,1,0x389C31,0x22,0xDA74,,0,3,72,2,-1,-1,-1,,,,,,,,,[]
SAVING DATA,Func ID：70088の読み出し用グループ,-1,159,159,1059,0,1,0x389C31,0x22,0xDA75,,0,3,45,2,-1,-1,-1,,,,,,,,,[]
SAVING DATA,Func ID：70088の読み出し用グループ,-1,160,160,1060,0,1,0x389C31,0x22,0xDA76,,0,3,45,2,-1,-1,-1,,,,,,,,,[]
SAVING DATA,Func ID：70088の読み出し用グループ,-1,161,161,1061,0,1,0x389C31,0x22,0xDA77,,0,3,58,2,-1,-1,-1,,,,,,,,,[]
SAVING DATA,Func ID：70088の読み出し用グループ,-1,162,162,1062,0,1,0x389C31,0x22,0xDA78,,0,3,40,2,-1,-1,-1,,,,,,,,,[]
SAVING DATA,Func ID：70088の読み出し用グループ,-1,163,163,1063,0,1,0x389C31,0x22,0xDA79,,0,3,62,2,-1,-1,-1,,,,,,,,,[]
SAVING DATA,Func ID：70088の読み出し用グループ,-1,164,164,1064,0,1,0x389C31,0x22,0xDA7A,,0,3,80,2,-1,-1,-1,,,,,,,,,[]
SAVING DATA,Func ID：70088の読み出し用グループ,-1,165,165,1065,0,1,0x389C31,0x22,0x2B6,,0,3,10,2,-1,-1,-1,,,,,,,,,[]
SAVING DATA,Func ID：70088の読み出し用グループ,-1,166,166,1066,0,1,0x389C31,0x22,0xDA7B,,0,3,168,2,-1,-1,-1,,,,,,,,,[]
SAVING DATA,Func ID：70088の読み出し用グループ,-1,167,167,1067,0,1,0x389C31,0x22,0xDA7C,,0,3,160,2,-1,-1,-1,,,,,,,,,[]
SAVING DATA,Func ID：70088の読み出し用グループ,-1,168,168,1068,0,1,0x389C31,0x22,0xDA7D,,0,3,56,2,-1,-1,-1,,,,,,,,,[]
SAVING DATA,Func ID：70088の読み出し用グループ,-1,169,169,1069,0,1,0x389C31,0x22,0xDA7E,,0,3,56,2,-1,-1,-1,,,,,,,,,[]
SAVING DATA,Func ID：70088の読み出し用グループ,-1,170,170,1070,0,1,0x389C31,0x22,0xDA7F,,0,3,112,2,-1,-1,-1,,,,,,,,,[]
SAVING DATA,Func ID：70088の読み出し用グループ,-1,171,171,1071,0,1,0x389C31,0x22,0xDA80,,0,3,80,2,-1,-1,-1,,,,,,,,,[]
SAVING DATA,Func ID：70088の読み出し用グループ,-1,172,172,1072,0,1,0x389C31,0x22,0xDA81,,0,3,52,2,-1,-1,-1,,,,,,,,,[]
SAVING DATA,Func ID：70088の読み出し用グループ,-1,173,173,1073,0,1,0x389C31,0x22,0xDA82,,0,3,28,2,-1,-1,-1,,,,,,,,,[]
SAVING DATA,Func ID：70088の読み出し用グループ,-1,174,174,1074,0,1,0x389C31,0x22,0xDA83,,0,3,40,2,-1,-1,-1,,,,,,,,,[]
SAVING DATA,Func ID：70088の読み出し用グループ,-1,175,175,1075,0,1,0x389C31,0x22,0xDA84,,0,3,28,2,-1,-1,-1,,,,,,,,,[]
SAVING DATA,Func ID：70088の読み出し用グループ,-1,176,176,1076,0,1,0x389C31,0x22,0xDA85,,0,3,40,2,-1,-1,-1,,,,,,,,,[]
SAVING DATA,Func ID：70088の読み出し用グループ,-1,177,177,1077,0,1,0x389C31,0x22,0xDA86,,0,3,40,2,-1,-1,-1,,,,,,,,,[]
SAVING DATA,Func ID：70088の読み出し用グループ,-1,178,178,1078,0,1,0x389C31,0x22,0xDA87,,0,3,40,2,-1,-1,-1,,,,,,,,,[]
SAVING DATA,Func ID：70088の読み出し用グループ,-1,179,179,1079,0,1,0x389C31,0x22,0x279,,0,3,1,2,-1,-1,-1,,,,,,,,,[]
SAVING DATA,Func ID：70088の読み出し用グループ,-1,180,180,1080,0,1,0x389C31,0x22,0x27A,,0,3,1,2,-1,-1,-1,,,,,,,,,[]
SAVING DATA,Func ID：70088の読み出し用グループ,-1,181,181,1081,0,1,0x389C31,0x22,0x27B,,0,3,1,2,-1,-1,-1,,,,,,,,,[]
SAVING DATA,Func ID：70088の読み出し用グループ,-1,182,182,1082,0,1,0x389C31,0x22,0x27C,,0,3,1,2,-1,-1,-1,,,,,,,,,[]
SAVING DATA,Func ID：70088の読み出し用グループ,-1,183,183,1083,0,1,0x389C31,0x22,0x27D,,0,3,1,2,-1,-1,-1,,,,,,,,,[]
SAVING DATA,Func ID：70088の読み出し用グループ,-1,184,184,1084,0,1,0x389C31,0x22,0x27E,,0,3,1,2,-1,-1,-1,,,,,,,,,[]
SAVING DATA,Func ID：70088の読み出し用グループ,-1,185,185,1085,0,1,0x389C31,0x22,0x27F,,0,3,1,2,-1,-1,-1,,,,,,,,,[]
SAVING DATA,Func ID：70088の読み出し用グループ,-1,186,186,1086,0,1,0x389C31,0x22,0x280,,0,3,1,2,-1,-1,-1,,,,,,,,,[]
SAVING DATA,Func ID：70088の読み出し用グループ,-1,187,187,1087,0,1,0x389C31,0x22,0x281,,0,3,1,2,-1,-1,-1,,,,,,,,,[]
SAVING DATA,Func ID：70088の読み出し用グループ,-1,188,188,1088,0,1,0x389C31,0x22,0x282,,0,3,1,2,-1,-1,-1,,,,,,,,,[]
SAVING DATA,Func ID：70088の読み出し用グループ,-1,189,189,1089,0,1,0x389C31,0x22,0x283,,0,3,1,2,-1,-1,-1,,,,,,,,,[]
SAVING DATA,Func ID：70088の読み出し用グループ,-1,190,190,1090,0,1,0x389C31,0x22,0x284,,0,3,1,2,-1,-1,-1,,,,,,,,,[]
SAVING DATA,Func ID：70088の読み出し用グループ,-1,191,191,1091,0,1,0x389C31,0x22,0x285,,0,3,1,2,-1,-1,-1,,,,,,,,,[]
SAVING DATA,Func ID：70088の読み出し用グループ,-1,192,192,1092,0,1,0x389C31,0x22,0x286,,0,3,1,2,-1,-1,-1,,,,,,,,,[]
SAVING DATA,Func ID：70088の読み出し用グループ,-1,193,193,1093,0,1,0x389C31,0x22,0x287,,0,3,1,2,-1,-1,-1,,,,,,,,,[]
SAVING DATA,Func ID：70088の読み出し用グループ,-1,194,194,1094,0,1,0x389C31,0x22,0x288,,0,3,1,2,-1,-1,-1,,,,,,,,,[]
SAVING DATA,Func ID：70088の読み出し用グループ,-1,195,195,1095,0,1,0x389C31,0x22,0xDA88,,0,3,64,2,-1,-1,-1,,,,,,,,,[]
SAVING DATA,Func ID：70088の読み出し用グループ,-1,196,196,1096,0,1,0x389C31,0x22,0xDA89,,0,3,64,2,-1,-1,-1,,,,,,,,,[]
SAVING DATA,Func ID：70088の読み出し用グループ,-1,197,197,1097,0,1,0x389C31,0x22,0xDA8A,,0,3,2,2,-1,-1,-1,,,,,,,,,[]
SAVING DATA,Func ID：70088の読み出し用グループ,-1,198,198,1098,0,1,0x389C31,0x22,0xDA8B,,0,3,2,2,-1,-1,-1,,,,,,,,,[]
WRITING DATA,Func ID：70089の書込み用グループ,-1,1,1,699,0,1,0x389C31,0x2E,0x10A,,0,3,2,2,-1,-1,-1,,,,,,,,,[]
WRITING DATA,Func ID：70089の書込み用グループ,-1,2,2,700,0,1,0x389C31,0x2E,0x10C,,0,3,4,2,-1,-1,-1,,,,,,,,,[]
WRITING DATA,Func ID：70089の書込み用グループ,-1,3,3,701,0,1,0x389C31,0x2E,0x17A,,0,3,1,2,-1,-1,-1,,,,,,,,,[]
WRITING DATA,Func ID：70089の書込み用グループ,-1,4,4,702,0,1,0x389C31,0x2E,0x1E0,,0,3,2,2,-1,-1,-1,,,,,,,,,[]
WRITING DATA,Func ID：70089の書込み用グループ,-1,5,5,703,1302,1,0x389C31,0x2E,0x1E1,,0,3,1,2,-1,-1,-1,,,,,,,,,[]
WRITING DATA,Func ID：70089の書込み用グループ,-1,6,6,704,0,1,0x389C31,0x2E,0x1E2,,0,3,4,2,-1,-1,-1,,,,,,,,,[]
WRITING DATA,Func ID：70089の書込み用グループ,-1,7,7,705,1303,1,0x389C31,0x2E,0x1E3,,0,3,1,2,-1,-1,-1,,,,,,,,,[]
WRITING DATA,Func ID：70089の書込み用グループ,-1,8,8,706,0,1,0x389C31,0x2E,0x1E5,,0,3,4,2,-1,-1,-1,,,,,,,,,[]
WRITING DATA,Func ID：70089の書込み用グループ,-1,9,9,707,0,1,0x389C31,0x2E,0x1E6,,0,3,2,2,-1,-1,-1,,,,,,,,,[]
WRITING DATA,Func ID：70089の書込み用グループ,-1,10,10,708,0,1,0x389C31,0x2E,0x1E7,,0,3,2,2,-1,-1,-1,,,,,,,,,[]
WRITING DATA,Func ID：70089の書込み用グループ,-1,11,11,709,0,1,0x389C31,0x2E,0x1E8,,0,3,2,2,-1,-1,-1,,,,,,,,,[]
WRITING DATA,Func ID：70089の書込み用グループ,-1,12,12,710,0,1,0x389C31,0x2E,0x1E9,,0,3,2,2,-1,-1,-1,,,,,,,,,[]
WRITING DATA,Func ID：70089の書込み用グループ,-1,13,13,711,0,1,0x389C31,0x2E,0x1EA,,0,3,2,2,-1,-1,-1,,,,,,,,,[]
WRITING DATA,Func ID：70089の書込み用グループ,-1,14,14,712,0,1,0x389C31,0x2E,0x1EB,,0,3,2,2,-1,-1,-1,,,,,,,,,[]
WRITING DATA,Func ID：70089の書込み用グループ,-1,15,15,713,0,1,0x389C31,0x2E,0x1EC,,0,3,2,2,-1,-1,-1,,,,,,,,,[]
WRITING DATA,Func ID：70089の書込み用グループ,-1,16,16,714,0,1,0x389C31,0x2E,0x1ED,,0,3,2,2,-1,-1,-1,,,,,,,,,[]
WRITING DATA,Func ID：70089の書込み用グループ,-1,17,17,715,0,1,0x389C31,0x2E,0x1EE,,0,3,2,2,-1,-1,-1,,,,,,,,,[]
WRITING DATA,Func ID：70089の書込み用グループ,-1,18,18,716,0,1,0x389C31,0x2E,0x1EF,,0,3,2,2,-1,-1,-1,,,,,,,,,[]
WRITING DATA,Func ID：70089の書込み用グループ,-1,19,19,717,0,1,0x389C31,0x2E,0x1F0,,0,3,2,2,-1,-1,-1,,,,,,,,,[]
WRITING DATA,Func ID：70089の書込み用グループ,-1,20,20,718,0,1,0x389C31,0x2E,0x1F1,,0,3,2,2,-1,-1,-1,,,,,,,,,[]
WRITING DATA,Func ID：70089の書込み用グループ,-1,21,21,719,0,1,0x389C31,0x2E,0x1F2,,0,3,2,2,-1,-1,-1,,,,,,,,,[]
WRITING DATA,Func ID：70089の書込み用グループ,-1,22,22,720,0,1,0x389C31,0x2E,0x1F3,,0,3,2,2,-1,-1,-1,,,,,,,,,[]
WRITING DATA,Func ID：70089の書込み用グループ,-1,23,23,721,0,1,0x389C31,0x2E,0x1F4,,0,3,2,2,-1,-1,-1,,,,,,,,,[]
WRITING DATA,Func ID：70089の書込み用グループ,-1,24,24,722,0,1,0x389C31,0x2E,0x1F5,,0,3,2,2,-1,-1,-1,,,,,,,,,[]
WRITING DATA,Func ID：70089の書込み用グループ,-1,25,25,723,0,1,0x389C31,0x2E,0x1F6,,0,3,2,2,-1,-1,-1,,,,,,,,,[]
WRITING DATA,Func ID：70089の書込み用グループ,-1,26,26,724,0,1,0x389C31,0x2E,0x1F7,,0,3,2,2,-1,-1,-1,,,,,,,,,[]
WRITING DATA,Func ID：70089の書込み用グループ,-1,27,27,725,0,1,0x389C31,0x2E,0x1F8,,0,3,2,2,-1,-1,-1,,,,,,,,,[]
WRITING DATA,Func ID：70089の書込み用グループ,-1,28,28,726,0,1,0x389C31,0x2E,0x1F9,,0,3,2,2,-1,-1,-1,,,,,,,,,[]
WRITING DATA,Func ID：70089の書込み用グループ,-1,29,29,727,0,1,0x389C31,0x2E,0x1FA,,0,3,2,2,-1,-1,-1,,,,,,,,,[]
WRITING DATA,Func ID：70089の書込み用グループ,-1,30,30,728,0,1,0x389C31,0x2E,0x1FB,,0,3,2,2,-1,-1,-1,,,,,,,,,[]
WRITING DATA,Func ID：70089の書込み用グループ,-1,31,31,729,0,1,0x389C31,0x2E,0x1FC,,0,3,2,2,-1,-1,-1,,,,,,,,,[]
WRITING DATA,Func ID：70089の書込み用グループ,-1,32,32,730,0,1,0x389C31,0x2E,0x1FD,,0,3,2,2,-1,-1,-1,,,,,,,,,[]
WRITING DATA,Func ID：70089の書込み用グループ,-1,33,33,731,0,1,0x389C31,0x2E,0x1FE,,0,3,2,2,-1,-1,-1,,,,,,,,,[]
WRITING DATA,Func ID：70089の書込み用グループ,-1,34,34,732,0,1,0x389C31,0x2E,0x1FF,,0,3,2,2,-1,-1,-1,,,,,,,,,[]
WRITING DATA,Func ID：70089の書込み用グループ,-1,35,35,733,0,1,0x389C31,0x2E,0x200,,0,3,2,2,-1,-1,-1,,,,,,,,,[]
WRITING DATA,Func ID：70089の書込み用グループ,-1,36,36,734,0,1,0x389C31,0x2E,0x201,,0,3,2,2,-1,-1,-1,,,,,,,,,[]
WRITING DATA,Func ID：70089の書込み用グループ,-1,37,37,735,0,1,0x389C31,0x2E,0x202,,0,3,2,2,-1,-1,-1,,,,,,,,,[]
WRITING DATA,Func ID：70089の書込み用グループ,-1,38,38,736,0,1,0x389C31,0x2E,0x203,,0,3,2,2,-1,-1,-1,,,,,,,,,[]
WRITING DATA,Func ID：70089の書込み用グループ,-1,39,39,737,0,1,0x389C31,0x2E,0x204,,0,3,2,2,-1,-1,-1,,,,,,,,,[]
WRITING DATA,Func ID：70089の書込み用グループ,-1,40,40,738,0,1,0x389C31,0x2E,0x205,,0,3,2,2,-1,-1,-1,,,,,,,,,[]
WRITING DATA,Func ID：70089の書込み用グループ,-1,41,41,739,0,1,0x389C31,0x2E,0x206,,0,3,2,2,-1,-1,-1,,,,,,,,,[]
WRITING DATA,Func ID：70089の書込み用グループ,-1,42,42,740,0,1,0x389C31,0x2E,0x207,,0,3,2,2,-1,-1,-1,,,,,,,,,[]
WRITING DATA,Func ID：70089の書込み用グループ,-1,43,43,741,0,1,0x389C31,0x2E,0x208,,0,3,2,2,-1,-1,-1,,,,,,,,,[]
WRITING DATA,Func ID：70089の書込み用グループ,-1,44,44,742,0,1,0x389C31,0x2E,0x209,,0,3,2,2,-1,-1,-1,,,,,,,,,[]
WRITING DATA,Func ID：70089の書込み用グループ,-1,45,45,743,0,1,0x389C31,0x2E,0x20A,,0,3,2,2,-1,-1,-1,,,,,,,,,[]
WRITING DATA,Func ID：70089の書込み用グループ,-1,46,46,744,0,1,0x389C31,0x2E,0x20B,,0,3,2,2,-1,-1,-1,,,,,,,,,[]
WRITING DATA,Func ID：70089の書込み用グループ,-1,47,47,745,0,1,0x389C31,0x2E,0x20C,,0,3,2,2,-1,-1,-1,,,,,,,,,[]
WRITING DATA,Func ID：70089の書込み用グループ,-1,48,48,746,0,1,0x389C31,0x2E,0x20D,,0,3,2,2,-1,-1,-1,,,,,,,,,[]
WRITING DATA,Func ID：70089の書込み用グループ,-1,49,49,747,0,1,0x389C31,0x2E,0x20E,,0,3,2,2,-1,-1,-1,,,,,,,,,[]
WRITING DATA,Func ID：70089の書込み用グループ,-1,50,50,748,0,1,0x389C31,0x2E,0x20F,,0,3,2,2,-1,-1,-1,,,,,,,,,[]
WRITING DATA,Func ID：70089の書込み用グループ,-1,51,51,749,0,1,0x389C31,0x2E,0x210,,0,3,2,2,-1,-1,-1,,,,,,,,,[]
WRITING DATA,Func ID：70089の書込み用グループ,-1,52,52,750,0,1,0x389C31,0x2E,0x211,,0,3,2,2,-1,-1,-1,,,,,,,,,[]
WRITING DATA,Func ID：70089の書込み用グループ,-1,53,53,751,0,1,0x389C31,0x2E,0x212,,0,3,2,2,-1,-1,-1,,,,,,,,,[]
WRITING DATA,Func ID：70089の書込み用グループ,-1,54,54,752,0,1,0x389C31,0x2E,0x213,,0,3,2,2,-1,-1,-1,,,,,,,,,[]
WRITING DATA,Func ID：70089の書込み用グループ,-1,55,55,753,0,1,0x389C31,0x2E,0x214,,0,3,2,2,-1,-1,-1,,,,,,,,,[]
WRITING DATA,Func ID：70089の書込み用グループ,-1,56,56,754,0,1,0x389C31,0x2E,0x215,,0,3,2,2,-1,-1,-1,,,,,,,,,[]
WRITING DATA,Func ID：70089の書込み用グループ,-1,57,57,755,0,1,0x389C31,0x2E,0x216,,0,3,2,2,-1,-1,-1,,,,,,,,,[]
WRITING DATA,Func ID：70089の書込み用グループ,-1,58,58,756,0,1,0x389C31,0x2E,0x217,,0,3,2,2,-1,-1,-1,,,,,,,,,[]
WRITING DATA,Func ID：70089の書込み用グループ,-1,59,59,757,0,1,0x389C31,0x2E,0x218,,0,3,2,2,-1,-1,-1,,,,,,,,,[]
WRITING DATA,Func ID：70089の書込み用グループ,-1,60,60,758,0,1,0x389C31,0x2E,0x219,,0,3,2,2,-1,-1,-1,,,,,,,,,[]
WRITING DATA,Func ID：70089の書込み用グループ,-1,61,61,759,0,1,0x389C31,0x2E,0x21A,,0,3,2,2,-1,-1,-1,,,,,,,,,[]
WRITING DATA,Func ID：70089の書込み用グループ,-1,62,62,760,0,1,0x389C31,0x2E,0x21B,,0,3,2,2,-1,-1,-1,,,,,,,,,[]
WRITING DATA,Func ID：70089の書込み用グループ,-1,63,63,761,0,1,0x389C31,0x2E,0x21C,,0,3,2,2,-1,-1,-1,,,,,,,,,[]
WRITING DATA,Func ID：70089の書込み用グループ,-1,64,64,762,0,1,0x389C31,0x2E,0x21D,,0,3,2,2,-1,-1,-1,,,,,,,,,[]
WRITING DATA,Func ID：70089の書込み用グループ,-1,65,65,763,0,1,0x389C31,0x2E,0x21E,,0,3,2,2,-1,-1,-1,,,,,,,,,[]
WRITING DATA,Func ID：70089の書込み用グループ,-1,66,66,764,0,1,0x389C31,0x2E,0x21F,,0,3,2,2,-1,-1,-1,,,,,,,,,[]
WRITING DATA,Func ID：70089の書込み用グループ,-1,67,67,765,0,1,0x389C31,0x2E,0x220,,0,3,2,2,-1,-1,-1,,,,,,,,,[]
WRITING DATA,Func ID：70089の書込み用グループ,-1,68,68,766,0,1,0x389C31,0x2E,0x221,,0,3,2,2,-1,-1,-1,,,,,,,,,[]
WRITING DATA,Func ID：70089の書込み用グループ,-1,69,69,767,0,1,0x389C31,0x2E,0x222,,0,3,2,2,-1,-1,-1,,,,,,,,,[]
WRITING DATA,Func ID：70089の書込み用グループ,-1,70,70,768,0,1,0x389C31,0x2E,0x223,,0,3,2,2,-1,-1,-1,,,,,,,,,[]
WRITING DATA,Func ID：70089の書込み用グループ,-1,71,71,769,0,1,0x389C31,0x2E,0x224,,0,3,2,2,-1,-1,-1,,,,,,,,,[]
WRITING DATA,Func ID：70089の書込み用グループ,-1,72,72,770,0,1,0x389C31,0x2E,0x225,,0,3,2,2,-1,-1,-1,,,,,,,,,[]
WRITING DATA,Func ID：70089の書込み用グループ,-1,73,73,771,0,1,0x389C31,0x2E,0x226,,0,3,4,2,-1,-1,-1,,,,,,,,,[]
WRITING DATA,Func ID：70089の書込み用グループ,-1,74,74,772,0,1,0x389C31,0x2E,0x227,,0,3,4,2,-1,-1,-1,,,,,,,,,[]
WRITING DATA,Func ID：70089の書込み用グループ,-1,75,75,773,0,1,0x389C31,0x2E,0x228,,0,3,2,2,-1,-1,-1,,,,,,,,,[]
WRITING DATA,Func ID：70089の書込み用グループ,-1,76,76,774,0,1,0x389C31,0x2E,0x229,,0,3,1,2,-1,-1,-1,,,,,,,,,[]
WRITING DATA,Func ID：70089の書込み用グループ,-1,77,77,775,0,1,0x389C31,0x2E,0x22A,,0,3,4,2,-1,-1,-1,,,,,,,,,[]
WRITING DATA,Func ID：70089の書込み用グループ,-1,78,78,776,0,1,0x389C31,0x2E,0x22B,,0,3,4,2,-1,-1,-1,,,,,,,,,[]
WRITING DATA,Func ID：70089の書込み用グループ,-1,79,79,777,0,1,0x389C31,0x2E,0x22C,,0,3,4,2,-1,-1,-1,,,,,,,,,[]
WRITING DATA,Func ID：70089の書込み用グループ,-1,80,80,778,0,1,0x389C31,0x2E,0x22D,,0,3,4,2,-1,-1,-1,,,,,,,,,[]
WRITING DATA,Func ID：70089の書込み用グループ,-1,81,81,779,0,1,0x389C31,0x2E,0x22E,,0,3,4,2,-1,-1,-1,,,,,,,,,[]
WRITING DATA,Func ID：70089の書込み用グループ,-1,82,82,780,0,1,0x389C31,0x2E,0x22F,,0,3,4,2,-1,-1,-1,,,,,,,,,[]
WRITING DATA,Func ID：70089の書込み用グループ,-1,83,83,781,0,1,0x389C31,0x2E,0x230,,0,3,4,2,-1,-1,-1,,,,,,,,,[]
WRITING DATA,Func ID：70089の書込み用グループ,-1,84,84,782,0,1,0x389C31,0x2E,0x231,,0,3,2,2,-1,-1,-1,,,,,,,,,[]
WRITING DATA,Func ID：70089の書込み用グループ,-1,85,85,783,0,1,0x389C31,0x2E,0x232,,0,3,2,2,-1,-1,-1,,,,,,,,,[]
WRITING DATA,Func ID：70089の書込み用グループ,-1,86,86,784,0,1,0x389C31,0x2E,0x233,,0,3,2,2,-1,-1,-1,,,,,,,,,[]
WRITING DATA,Func ID：70089の書込み用グループ,-1,87,87,785,0,1,0x389C31,0x2E,0x234,,0,3,2,2,-1,-1,-1,,,,,,,,,[]
WRITING DATA,Func ID：70089の書込み用グループ,-1,88,88,786,0,1,0x389C31,0x2E,0x235,,0,3,2,2,-1,-1,-1,,,,,,,,,[]
WRITING DATA,Func ID：70089の書込み用グループ,-1,89,89,787,0,1,0x389C31,0x2E,0x236,,0,3,2,2,-1,-1,-1,,,,,,,,,[]
WRITING DATA,Func ID：70089の書込み用グループ,-1,90,90,788,0,1,0x389C31,0x2E,0x237,,0,3,2,2,-1,-1,-1,,,,,,,,,[]
WRITING DATA,Func ID：70089の書込み用グループ,-1,91,91,789,0,1,0x389C31,0x2E,0x238,,0,3,2,2,-1,-1,-1,,,,,,,,,[]
WRITING DATA,Func ID：70089の書込み用グループ,-1,92,92,790,0,1,0x389C31,0x2E,0x239,,0,3,2,2,-1,-1,-1,,,,,,,,,[]
WRITING DATA,Func ID：70089の書込み用グループ,-1,93,93,791,0,1,0x389C31,0x2E,0x23A,,0,3,2,2,-1,-1,-1,,,,,,,,,[]
WRITING DATA,Func ID：70089の書込み用グループ,-1,94,94,792,0,1,0x389C31,0x2E,0x23B,,0,3,2,2,-1,-1,-1,,,,,,,,,[]
WRITING DATA,Func ID：70089の書込み用グループ,-1,95,95,793,0,1,0x389C31,0x2E,0x23C,,0,3,2,2,-1,-1,-1,,,,,,,,,[]
WRITING DATA,Func ID：70089の書込み用グループ,-1,96,96,794,0,1,0x389C31,0x2E,0x23D,,0,3,2,2,-1,-1,-1,,,,,,,,,[]
WRITING DATA,Func ID：70089の書込み用グループ,-1,97,97,795,0,1,0x389C31,0x2E,0x23E,,0,3,2,2,-1,-1,-1,,,,,,,,,[]
WRITING DATA,Func ID：70089の書込み用グループ,-1,98,98,796,0,1,0x389C31,0x2E,0x23F,,0,3,2,2,-1,-1,-1,,,,,,,,,[]
WRITING DATA,Func ID：70089の書込み用グループ,-1,99,99,797,0,1,0x389C31,0x2E,0x240,,0,3,2,2,-1,-1,-1,,,,,,,,,[]
WRITING DATA,Func ID：70089の書込み用グループ,-1,100,100,798,0,1,0x389C31,0x2E,0x241,,0,3,2,2,-1,-1,-1,,,,,,,,,[]
WRITING DATA,Func ID：70089の書込み用グループ,-1,101,101,799,0,1,0x389C31,0x2E,0x242,,0,3,2,2,-1,-1,-1,,,,,,,,,[]
WRITING DATA,Func ID：70089の書込み用グループ,-1,102,102,800,0,1,0x389C31,0x2E,0x243,,0,3,2,2,-1,-1,-1,,,,,,,,,[]
WRITING DATA,Func ID：70089の書込み用グループ,-1,103,103,801,0,1,0x389C31,0x2E,0x244,,0,3,2,2,-1,-1,-1,,,,,,,,,[]
WRITING DATA,Func ID：70089の書込み用グループ,-1,104,104,802,0,1,0x389C31,0x2E,0x245,,0,3,2,2,-1,-1,-1,,,,,,,,,[]
WRITING DATA,Func ID：70089の書込み用グループ,-1,105,105,803,0,1,0x389C31,0x2E,0x246,,0,3,2,2,-1,-1,-1,,,,,,,,,[]
WRITING DATA,Func ID：70089の書込み用グループ,-1,106,106,804,0,1,0x389C31,0x2E,0x247,,0,3,2,2,-1,-1,-1,,,,,,,,,[]
WRITING DATA,Func ID：70089の書込み用グループ,-1,107,107,805,0,1,0x389C31,0x2E,0x248,,0,3,2,2,-1,-1,-1,,,,,,,,,[]
WRITING DATA,Func ID：70089の書込み用グループ,-1,108,108,806,0,1,0x389C31,0x2E,0x249,,0,3,2,2,-1,-1,-1,,,,,,,,,[]
WRITING DATA,Func ID：70089の書込み用グループ,-1,109,109,807,0,1,0x389C31,0x2E,0x24A,,0,3,2,2,-1,-1,-1,,,,,,,,,[]
WRITING DATA,Func ID：70089の書込み用グループ,-1,110,110,808,0,1,0x389C31,0x2E,0x24B,,0,3,2,2,-1,-1,-1,,,,,,,,,[]
WRITING DATA,Func ID：70089の書込み用グループ,-1,111,111,809,0,1,0x389C31,0x2E,0x24C,,0,3,2,2,-1,-1,-1,,,,,,,,,[]
WRITING DATA,Func ID：70089の書込み用グループ,-1,112,112,810,0,1,0x389C31,0x2E,0x24D,,0,3,2,2,-1,-1,-1,,,,,,,,,[]
WRITING DATA,Func ID：70089の書込み用グループ,-1,113,113,811,0,1,0x389C31,0x2E,0x24E,,0,3,2,2,-1,-1,-1,,,,,,,,,[]
WRITING DATA,Func ID：70089の書込み用グループ,-1,114,114,812,0,1,0x389C31,0x2E,0x24F,,0,3,2,2,-1,-1,-1,,,,,,,,,[]
WRITING DATA,Func ID：70089の書込み用グループ,-1,115,115,813,0,1,0x389C31,0x2E,0x250,,0,3,2,2,-1,-1,-1,,,,,,,,,[]
WRITING DATA,Func ID：70089の書込み用グループ,-1,116,116,814,0,1,0x389C31,0x2E,0x251,,0,3,2,2,-1,-1,-1,,,,,,,,,[]
WRITING DATA,Func ID：70089の書込み用グループ,-1,117,117,815,0,1,0x389C31,0x2E,0x252,,0,3,2,2,-1,-1,-1,,,,,,,,,[]
WRITING DATA,Func ID：70089の書込み用グループ,-1,118,118,816,0,1,0x389C31,0x2E,0x253,,0,3,2,2,-1,-1,-1,,,,,,,,,[]
WRITING DATA,Func ID：70089の書込み用グループ,-1,119,119,817,0,1,0x389C31,0x2E,0x254,,0,3,2,2,-1,-1,-1,,,,,,,,,[]
WRITING DATA,Func ID：70089の書込み用グループ,-1,120,120,818,0,1,0x389C31,0x2E,0x255,,0,3,2,2,-1,-1,-1,,,,,,,,,[]
WRITING DATA,Func ID：70089の書込み用グループ,-1,121,121,819,0,1,0x389C31,0x2E,0x256,,0,3,2,2,-1,-1,-1,,,,,,,,,[]
WRITING DATA,Func ID：70089の書込み用グループ,-1,122,122,820,0,1,0x389C31,0x2E,0x257,,0,3,2,2,-1,-1,-1,,,,,,,,,[]
WRITING DATA,Func ID：70089の書込み用グループ,-1,123,123,821,0,1,0x389C31,0x2E,0x258,,0,3,2,2,-1,-1,-1,,,,,,,,,[]
WRITING DATA,Func ID：70089の書込み用グループ,-1,124,124,822,0,1,0x389C31,0x2E,0x259,,0,3,2,2,-1,-1,-1,,,,,,,,,[]
WRITING DATA,Func ID：70089の書込み用グループ,-1,125,125,823,0,1,0x389C31,0x2E,0x25A,,0,3,2,2,-1,-1,-1,,,,,,,,,[]
WRITING DATA,Func ID：70089の書込み用グループ,-1,126,126,824,0,1,0x389C31,0x2E,0x25B,,0,3,2,2,-1,-1,-1,,,,,,,,,[]
WRITING DATA,Func ID：70089の書込み用グループ,-1,127,127,825,0,1,0x389C31,0x2E,0x25C,,0,3,2,2,-1,-1,-1,,,,,,,,,[]
WRITING DATA,Func ID：70089の書込み用グループ,-1,128,128,826,0,1,0x389C31,0x2E,0x25D,,0,3,2,2,-1,-1,-1,,,,,,,,,[]
WRITING DATA,Func ID：70089の書込み用グループ,-1,129,129,827,0,1,0x389C31,0x2E,0x25E,,0,3,2,2,-1,-1,-1,,,,,,,,,[]
WRITING DATA,Func ID：70089の書込み用グループ,-1,130,130,828,0,1,0x389C31,0x2E,0x25F,,0,3,2,2,-1,-1,-1,,,,,,,,,[]
WRITING DATA,Func ID：70089の書込み用グループ,-1,131,131,829,0,1,0x389C31,0x2E,0x260,,0,3,2,2,-1,-1,-1,,,,,,,,,[]
WRITING DATA,Func ID：70089の書込み用グループ,-1,132,132,830,0,1,0x389C31,0x2E,0x261,,0,3,2,2,-1,-1,-1,,,,,,,,,[]
WRITING DATA,Func ID：70089の書込み用グループ,-1,133,133,831,0,1,0x389C31,0x2E,0x262,,0,3,2,2,-1,-1,-1,,,,,,,,,[]
WRITING DATA,Func ID：70089の書込み用グループ,-1,134,134,832,0,1,0x389C31,0x2E,0x263,,0,3,2,2,-1,-1,-1,,,,,,,,,[]
WRITING DATA,Func ID：70089の書込み用グループ,-1,135,135,833,0,1,0x389C31,0x2E,0x264,,0,3,2,2,-1,-1,-1,,,,,,,,,[]
WRITING DATA,Func ID：70089の書込み用グループ,-1,136,136,834,0,1,0x389C31,0x2E,0x265,,0,3,2,2,-1,-1,-1,,,,,,,,,[]
WRITING DATA,Func ID：70089の書込み用グループ,-1,137,137,835,0,1,0x389C31,0x2E,0x266,,0,3,2,2,-1,-1,-1,,,,,,,,,[]
WRITING DATA,Func ID：70089の書込み用グループ,-1,138,138,836,0,1,0x389C31,0x2E,0x267,,0,3,2,2,-1,-1,-1,,,,,,,,,[]
WRITING DATA,Func ID：70089の書込み用グループ,-1,139,139,837,0,1,0x389C31,0x2E,0x268,,0,3,2,2,-1,-1,-1,,,,,,,,,[]
WRITING DATA,Func ID：70089の書込み用グループ,-1,140,140,838,0,1,0x389C31,0x2E,0x269,,0,3,2,2,-1,-1,-1,,,,,,,,,[]
WRITING DATA,Func ID：70089の書込み用グループ,-1,141,141,839,0,1,0x389C31,0x2E,0x26A,,0,3,2,2,-1,-1,-1,,,,,,,,,[]
WRITING DATA,Func ID：70089の書込み用グループ,-1,142,142,840,0,1,0x389C31,0x2E,0x26B,,0,3,2,2,-1,-1,-1,,,,,,,,,[]
WRITING DATA,Func ID：70089の書込み用グループ,-1,143,143,841,0,1,0x389C31,0x2E,0x26C,,0,3,2,2,-1,-1,-1,,,,,,,,,[]
WRITING DATA,Func ID：70089の書込み用グループ,-1,144,144,842,0,1,0x389C31,0x2E,0x26D,,0,3,2,2,-1,-1,-1,,,,,,,,,[]
WRITING DATA,Func ID：70089の書込み用グループ,-1,145,145,843,0,1,0x389C31,0x2E,0x26E,,0,3,2,2,-1,-1,-1,,,,,,,,,[]
WRITING DATA,Func ID：70089の書込み用グループ,-1,146,146,844,0,1,0x389C31,0x2E,0x26F,,0,3,2,2,-1,-1,-1,,,,,,,,,[]
WRITING DATA,Func ID：70089の書込み用グループ,-1,147,147,845,0,1,0x389C31,0x2E,0x270,,0,3,2,2,-1,-1,-1,,,,,,,,,[]
WRITING DATA,Func ID：70089の書込み用グループ,-1,148,148,846,0,1,0x389C31,0x2E,0x271,,0,3,2,2,-1,-1,-1,,,,,,,,,[]
WRITING DATA,Func ID：70089の書込み用グループ,-1,149,149,847,0,1,0x389C31,0x2E,0x272,,0,3,2,2,-1,-1,-1,,,,,,,,,[]
WRITING DATA,Func ID：70089の書込み用グループ,-1,150,150,848,0,1,0x389C31,0x2E,0x273,,0,3,2,2,-1,-1,-1,,,,,,,,,[]
WRITING DATA,Func ID：70089の書込み用グループ,-1,151,151,849,0,1,0x389C31,0x2E,0x276,,0,3,1,2,-1,-1,-1,,,,,,,,,[]
WRITING DATA,Func ID：70089の書込み用グループ,-1,152,152,850,0,1,0x389C31,0x2E,0x277,,0,3,4,2,-1,-1,-1,,,,,,,,,[]
WRITING DATA,Func ID：70089の書込み用グループ,-1,153,153,851,0,1,0x389C31,0x2E,0x274,,0,3,2,2,-1,-1,-1,,,,,,,,,[]
WRITING DATA,Func ID：70089の書込み用グループ,-1,154,154,852,0,1,0x389C31,0x2E,0xDA70,,0,3,124,2,-1,-1,-1,,,,,,,,,[]
WRITING DATA,Func ID：70089の書込み用グループ,-1,155,155,853,0,1,0x389C31,0x2E,0xDA71,,0,3,150,2,-1,-1,-1,,,,,,,,,[]
WRITING DATA,Func ID：70089の書込み用グループ,-1,156,156,854,0,1,0x389C31,0x2E,0xDA72,,0,3,120,2,-1,-1,-1,,,,,,,,,[]
WRITING DATA,Func ID：70089の書込み用グループ,-1,157,157,855,0,1,0x389C31,0x2E,0xDA73,,0,3,150,2,-1,-1,-1,,,,,,,,,[]
WRITING DATA,Func ID：70089の書込み用グループ,-1,158,158,856,0,1,0x389C31,0x2E,0xDA74,,0,3,72,2,-1,-1,-1,,,,,,,,,[]
WRITING DATA,Func ID：70089の書込み用グループ,-1,159,159,857,0,1,0x389C31,0x2E,0xDA75,,0,3,45,2,-1,-1,-1,,,,,,,,,[]
WRITING DATA,Func ID：70089の書込み用グループ,-1,160,160,858,0,1,0x389C31,0x2E,0xDA76,,0,3,45,2,-1,-1,-1,,,,,,,,,[]
WRITING DATA,Func ID：70089の書込み用グループ,-1,161,161,859,0,1,0x389C31,0x2E,0xDA77,,0,3,58,2,-1,-1,-1,,,,,,,,,[]
WRITING DATA,Func ID：70089の書込み用グループ,-1,162,162,860,0,1,0x389C31,0x2E,0xDA78,,0,3,40,2,-1,-1,-1,,,,,,,,,[]
WRITING DATA,Func ID：70089の書込み用グループ,-1,163,163,861,0,1,0x389C31,0x2E,0xDA79,,0,3,62,2,-1,-1,-1,,,,,,,,,[]
WRITING DATA,Func ID：70089の書込み用グループ,-1,164,164,862,0,1,0x389C31,0x2E,0xDA7A,,0,3,80,2,-1,-1,-1,,,,,,,,,[]
WRITING DATA,Func ID：70089の書込み用グループ,-1,165,165,863,0,1,0x389C31,0x2E,0x2B6,,0,3,10,2,-1,-1,-1,,,,,,,,,[]
WRITING DATA,Func ID：70089の書込み用グループ,-1,166,166,864,0,1,0x389C31,0x2E,0xDA7B,,0,3,168,2,-1,-1,-1,,,,,,,,,[]
WRITING DATA,Func ID：70089の書込み用グループ,-1,167,167,865,0,1,0x389C31,0x2E,0xDA7C,,0,3,160,2,-1,-1,-1,,,,,,,,,[]
WRITING DATA,Func ID：70089の書込み用グループ,-1,168,168,866,0,1,0x389C31,0x2E,0xDA7D,,0,3,56,2,-1,-1,-1,,,,,,,,,[]
WRITING DATA,Func ID：70089の書込み用グループ,-1,169,169,867,0,1,0x389C31,0x2E,0xDA7E,,0,3,56,2,-1,-1,-1,,,,,,,,,[]
WRITING DATA,Func ID：70089の書込み用グループ,-1,170,170,868,0,1,0x389C31,0x2E,0xDA7F,,0,3,112,2,-1,-1,-1,,,,,,,,,[]
WRITING DATA,Func ID：70089の書込み用グループ,-1,171,171,869,0,1,0x389C31,0x2E,0xDA80,,0,3,80,2,-1,-1,-1,,,,,,,,,[]
WRITING DATA,Func ID：70089の書込み用グループ,-1,172,172,870,0,1,0x389C31,0x2E,0xDA81,,0,3,52,2,-1,-1,-1,,,,,,,,,[]
WRITING DATA,Func ID：70089の書込み用グループ,-1,173,173,871,0,1,0x389C31,0x2E,0xDA82,,0,3,28,2,-1,-1,-1,,,,,,,,,[]
WRITING DATA,Func ID：70089の書込み用グループ,-1,174,174,872,0,1,0x389C31,0x2E,0xDA83,,0,3,40,2,-1,-1,-1,,,,,,,,,[]
WRITING DATA,Func ID：70089の書込み用グループ,-1,175,175,873,0,1,0x389C31,0x2E,0xDA84,,0,3,28,2,-1,-1,-1,,,,,,,,,[]
WRITING DATA,Func ID：70089の書込み用グループ,-1,176,176,874,0,1,0x389C31,0x2E,0xDA85,,0,3,40,2,-1,-1,-1,,,,,,,,,[]
WRITING DATA,Func ID：70089の書込み用グループ,-1,177,177,875,0,1,0x389C31,0x2E,0xDA86,,0,3,40,2,-1,-1,-1,,,,,,,,,[]
WRITING DATA,Func ID：70089の書込み用グループ,-1,178,178,876,0,1,0x389C31,0x2E,0xDA87,,0,3,40,2,-1,-1,-1,,,,,,,,,[]
WRITING DATA,Func ID：70089の書込み用グループ,-1,179,179,877,0,1,0x389C31,0x2E,0x279,,0,3,1,2,-1,-1,-1,,,,,,,,,[]
WRITING DATA,Func ID：70089の書込み用グループ,-1,180,180,878,0,1,0x389C31,0x2E,0x27A,,0,3,1,2,-1,-1,-1,,,,,,,,,[]
WRITING DATA,Func ID：70089の書込み用グループ,-1,181,181,879,0,1,0x389C31,0x2E,0x27B,,0,3,1,2,-1,-1,-1,,,,,,,,,[]
WRITING DATA,Func ID：70089の書込み用グループ,-1,182,182,880,0,1,0x389C31,0x2E,0x27C,,0,3,1,2,-1,-1,-1,,,,,,,,,[]
WRITING DATA,Func ID：70089の書込み用グループ,-1,183,183,881,0,1,0x389C31,0x2E,0x27D,,0,3,1,2,-1,-1,-1,,,,,,,,,[]
WRITING DATA,Func ID：70089の書込み用グループ,-1,184,184,882,0,1,0x389C31,0x2E,0x27E,,0,3,1,2,-1,-1,-1,,,,,,,,,[]
WRITING DATA,Func ID：70089の書込み用グループ,-1,185,185,883,0,1,0x389C31,0x2E,0x27F,,0,3,1,2,-1,-1,-1,,,,,,,,,[]
WRITING DATA,Func ID：70089の書込み用グループ,-1,186,186,884,0,1,0x389C31,0x2E,0x280,,0,3,1,2,-1,-1,-1,,,,,,,,,[]
WRITING DATA,Func ID：70089の書込み用グループ,-1,187,187,885,0,1,0x389C31,0x2E,0x281,,0,3,1,2,-1,-1,-1,,,,,,,,,[]
WRITING DATA,Func ID：70089の書込み用グループ,-1,188,188,886,0,1,0x389C31,0x2E,0x282,,0,3,1,2,-1,-1,-1,,,,,,,,,[]
WRITING DATA,Func ID：70089の書込み用グループ,-1,189,189,887,0,1,0x389C31,0x2E,0x283,,0,3,1,2,-1,-1,-1,,,,,,,,,[]
WRITING DATA,Func ID：70089の書込み用グループ,-1,190,190,888,0,1,0x389C31,0x2E,0x284,,0,3,1,2,-1,-1,-1,,,,,,,,,[]
WRITING DATA,Func ID：70089の書込み用グループ,-1,191,191,889,0,1,0x389C31,0x2E,0x285,,0,3,1,2,-1,-1,-1,,,,,,,,,[]
WRITING DATA,Func ID：70089の書込み用グループ,-1,192,192,890,0,1,0x389C31,0x2E,0x286,,0,3,1,2,-1,-1,-1,,,,,,,,,[]
WRITING DATA,Func ID：70089の書込み用グループ,-1,193,193,891,0,1,0x389C31,0x2E,0x287,,0,3,1,2,-1,-1,-1,,,,,,,,,[]
WRITING DATA,Func ID：70089の書込み用グループ,-1,194,194,892,0,1,0x389C31,0x2E,0x288,,0,3,1,2,-1,-1,-1,,,,,,,,,[]
WRITING DATA,Func ID：70089の書込み用グループ,-1,195,195,893,0,1,0x389C31,0x2E,0xDA88,,0,3,64,2,-1,-1,-1,,,,,,,,,[]
WRITING DATA,Func ID：70089の書込み用グループ,-1,196,196,894,0,1,0x389C31,0x2E,0xDA89,,0,3,64,2,-1,-1,-1,,,,,,,,,[]
WRITING DATA,Func ID：70089の書込み用グループ,-1,197,197,895,0,1,0x389C31,0x2E,0xDA8A,,0,3,2,2,-1,-1,-1,,,,,,,,,[]
WRITING DATA,Func ID：70089の書込み用グループ,-1,198,198,896,0,1,0x389C31,0x2E,0xDA8B,,0,3,2,2,-1,-1,-1,,,,,,,,,[]
WRITING DATA,Func ID：70089の読み出し用グループ,Write the BAT INFO,1,1,1099,0,1,0x389C31,0x22,0x10A,,0,3,2,2,-1,-1,-1,,,,,,,,,[]
WRITING DATA,Func ID：70089の読み出し用グループ,-1,2,2,1100,0,1,0x389C31,0x22,0x10C,,0,3,4,2,-1,-1,-1,,,,,,,,,[]
WRITING DATA,Func ID：70089の読み出し用グループ,-1,3,3,1101,0,1,0x389C31,0x22,0x17A,,0,3,1,2,-1,-1,-1,,,,,,,,,[]
WRITING DATA,Func ID：70089の読み出し用グループ,-1,4,4,1102,0,1,0x389C31,0x22,0x1E0,,0,3,2,2,-1,-1,-1,,,,,,,,,[]
WRITING DATA,Func ID：70089の読み出し用グループ,-1,5,5,1103,0,1,0x389C31,0x22,0x1E1,,0,3,1,2,-1,-1,-1,,,,,,,,,[]
WRITING DATA,Func ID：70089の読み出し用グループ,-1,6,6,1104,0,1,0x389C31,0x22,0x1E2,,0,3,4,2,-1,-1,-1,,,,,,,,,[]
WRITING DATA,Func ID：70089の読み出し用グループ,-1,7,7,1105,0,1,0x389C31,0x22,0x1E3,,0,3,1,2,-1,-1,-1,,,,,,,,,[]
WRITING DATA,Func ID：70089の読み出し用グループ,-1,8,8,1106,0,1,0x389C31,0x22,0x1E5,,0,3,4,2,-1,-1,-1,,,,,,,,,[]
WRITING DATA,Func ID：70089の読み出し用グループ,-1,9,9,1107,0,1,0x389C31,0x22,0x1E6,,0,3,2,2,-1,-1,-1,,,,,,,,,[]
WRITING DATA,Func ID：70089の読み出し用グループ,-1,10,10,1108,0,1,0x389C31,0x22,0x1E7,,0,3,2,2,-1,-1,-1,,,,,,,,,[]
WRITING DATA,Func ID：70089の読み出し用グループ,-1,11,11,1109,0,1,0x389C31,0x22,0x1E8,,0,3,2,2,-1,-1,-1,,,,,,,,,[]
WRITING DATA,Func ID：70089の読み出し用グループ,-1,12,12,1110,0,1,0x389C31,0x22,0x1E9,,0,3,2,2,-1,-1,-1,,,,,,,,,[]
WRITING DATA,Func ID：70089の読み出し用グループ,-1,13,13,1111,0,1,0x389C31,0x22,0x1EA,,0,3,2,2,-1,-1,-1,,,,,,,,,[]
WRITING DATA,Func ID：70089の読み出し用グループ,-1,14,14,1112,0,1,0x389C31,0x22,0x1EB,,0,3,2,2,-1,-1,-1,,,,,,,,,[]
WRITING DATA,Func ID：70089の読み出し用グループ,-1,15,15,1113,0,1,0x389C31,0x22,0x1EC,,0,3,2,2,-1,-1,-1,,,,,,,,,[]
WRITING DATA,Func ID：70089の読み出し用グループ,-1,16,16,1114,0,1,0x389C31,0x22,0x1ED,,0,3,2,2,-1,-1,-1,,,,,,,,,[]
WRITING DATA,Func ID：70089の読み出し用グループ,-1,17,17,1115,0,1,0x389C31,0x22,0x1EE,,0,3,2,2,-1,-1,-1,,,,,,,,,[]
WRITING DATA,Func ID：70089の読み出し用グループ,-1,18,18,1116,0,1,0x389C31,0x22,0x1EF,,0,3,2,2,-1,-1,-1,,,,,,,,,[]
WRITING DATA,Func ID：70089の読み出し用グループ,-1,19,19,1117,0,1,0x389C31,0x22,0x1F0,,0,3,2,2,-1,-1,-1,,,,,,,,,[]
WRITING DATA,Func ID：70089の読み出し用グループ,-1,20,20,1118,0,1,0x389C31,0x22,0x1F1,,0,3,2,2,-1,-1,-1,,,,,,,,,[]
WRITING DATA,Func ID：70089の読み出し用グループ,-1,21,21,1119,0,1,0x389C31,0x22,0x1F2,,0,3,2,2,-1,-1,-1,,,,,,,,,[]
WRITING DATA,Func ID：70089の読み出し用グループ,-1,22,22,1120,0,1,0x389C31,0x22,0x1F3,,0,3,2,2,-1,-1,-1,,,,,,,,,[]
WRITING DATA,Func ID：70089の読み出し用グループ,-1,23,23,1121,0,1,0x389C31,0x22,0x1F4,,0,3,2,2,-1,-1,-1,,,,,,,,,[]
WRITING DATA,Func ID：70089の読み出し用グループ,-1,24,24,1122,0,1,0x389C31,0x22,0x1F5,,0,3,2,2,-1,-1,-1,,,,,,,,,[]
WRITING DATA,Func ID：70089の読み出し用グループ,-1,25,25,1123,0,1,0x389C31,0x22,0x1F6,,0,3,2,2,-1,-1,-1,,,,,,,,,[]
WRITING DATA,Func ID：70089の読み出し用グループ,-1,26,26,1124,0,1,0x389C31,0x22,0x1F7,,0,3,2,2,-1,-1,-1,,,,,,,,,[]
WRITING DATA,Func ID：70089の読み出し用グループ,-1,27,27,1125,0,1,0x389C31,0x22,0x1F8,,0,3,2,2,-1,-1,-1,,,,,,,,,[]
WRITING DATA,Func ID：70089の読み出し用グループ,-1,28,28,1126,0,1,0x389C31,0x22,0x1F9,,0,3,2,2,-1,-1,-1,,,,,,,,,[]
WRITING DATA,Func ID：70089の読み出し用グループ,-1,29,29,1127,0,1,0x389C31,0x22,0x1FA,,0,3,2,2,-1,-1,-1,,,,,,,,,[]
WRITING DATA,Func ID：70089の読み出し用グループ,-1,30,30,1128,0,1,0x389C31,0x22,0x1FB,,0,3,2,2,-1,-1,-1,,,,,,,,,[]
WRITING DATA,Func ID：70089の読み出し用グループ,-1,31,31,1129,0,1,0x389C31,0x22,0x1FC,,0,3,2,2,-1,-1,-1,,,,,,,,,[]
WRITING DATA,Func ID：70089の読み出し用グループ,-1,32,32,1130,0,1,0x389C31,0x22,0x1FD,,0,3,2,2,-1,-1,-1,,,,,,,,,[]
WRITING DATA,Func ID：70089の読み出し用グループ,-1,33,33,1131,0,1,0x389C31,0x22,0x1FE,,0,3,2,2,-1,-1,-1,,,,,,,,,[]
WRITING DATA,Func ID：70089の読み出し用グループ,-1,34,34,1132,0,1,0x389C31,0x22,0x1FF,,0,3,2,2,-1,-1,-1,,,,,,,,,[]
WRITING DATA,Func ID：70089の読み出し用グループ,-1,35,35,1133,0,1,0x389C31,0x22,0x200,,0,3,2,2,-1,-1,-1,,,,,,,,,[]
WRITING DATA,Func ID：70089の読み出し用グループ,-1,36,36,1134,0,1,0x389C31,0x22,0x201,,0,3,2,2,-1,-1,-1,,,,,,,,,[]
WRITING DATA,Func ID：70089の読み出し用グループ,-1,37,37,1135,0,1,0x389C31,0x22,0x202,,0,3,2,2,-1,-1,-1,,,,,,,,,[]
WRITING DATA,Func ID：70089の読み出し用グループ,-1,38,38,1136,0,1,0x389C31,0x22,0x203,,0,3,2,2,-1,-1,-1,,,,,,,,,[]
WRITING DATA,Func ID：70089の読み出し用グループ,-1,39,39,1137,0,1,0x389C31,0x22,0x204,,0,3,2,2,-1,-1,-1,,,,,,,,,[]
WRITING DATA,Func ID：70089の読み出し用グループ,-1,40,40,1138,0,1,0x389C31,0x22,0x205,,0,3,2,2,-1,-1,-1,,,,,,,,,[]
WRITING DATA,Func ID：70089の読み出し用グループ,-1,41,41,1139,0,1,0x389C31,0x22,0x206,,0,3,2,2,-1,-1,-1,,,,,,,,,[]
WRITING DATA,Func ID：70089の読み出し用グループ,-1,42,42,1140,0,1,0x389C31,0x22,0x207,,0,3,2,2,-1,-1,-1,,,,,,,,,[]
WRITING DATA,Func ID：70089の読み出し用グループ,-1,43,43,1141,0,1,0x389C31,0x22,0x208,,0,3,2,2,-1,-1,-1,,,,,,,,,[]
WRITING DATA,Func ID：70089の読み出し用グループ,-1,44,44,1142,0,1,0x389C31,0x22,0x209,,0,3,2,2,-1,-1,-1,,,,,,,,,[]
WRITING DATA,Func ID：70089の読み出し用グループ,-1,45,45,1143,0,1,0x389C31,0x22,0x20A,,0,3,2,2,-1,-1,-1,,,,,,,,,[]
WRITING DATA,Func ID：70089の読み出し用グループ,-1,46,46,1144,0,1,0x389C31,0x22,0x20B,,0,3,2,2,-1,-1,-1,,,,,,,,,[]
WRITING DATA,Func ID：70089の読み出し用グループ,-1,47,47,1145,0,1,0x389C31,0x22,0x20C,,0,3,2,2,-1,-1,-1,,,,,,,,,[]
WRITING DATA,Func ID：70089の読み出し用グループ,-1,48,48,1146,0,1,0x389C31,0x22,0x20D,,0,3,2,2,-1,-1,-1,,,,,,,,,[]
WRITING DATA,Func ID：70089の読み出し用グループ,-1,49,49,1147,0,1,0x389C31,0x22,0x20E,,0,3,2,2,-1,-1,-1,,,,,,,,,[]
WRITING DATA,Func ID：70089の読み出し用グループ,-1,50,50,1148,0,1,0x389C31,0x22,0x20F,,0,3,2,2,-1,-1,-1,,,,,,,,,[]
WRITING DATA,Func ID：70089の読み出し用グループ,-1,51,51,1149,0,1,0x389C31,0x22,0x210,,0,3,2,2,-1,-1,-1,,,,,,,,,[]
WRITING DATA,Func ID：70089の読み出し用グループ,-1,52,52,1150,0,1,0x389C31,0x22,0x211,,0,3,2,2,-1,-1,-1,,,,,,,,,[]
WRITING DATA,Func ID：70089の読み出し用グループ,-1,53,53,1151,0,1,0x389C31,0x22,0x212,,0,3,2,2,-1,-1,-1,,,,,,,,,[]
WRITING DATA,Func ID：70089の読み出し用グループ,-1,54,54,1152,0,1,0x389C31,0x22,0x213,,0,3,2,2,-1,-1,-1,,,,,,,,,[]
WRITING DATA,Func ID：70089の読み出し用グループ,-1,55,55,1153,0,1,0x389C31,0x22,0x214,,0,3,2,2,-1,-1,-1,,,,,,,,,[]
WRITING DATA,Func ID：70089の読み出し用グループ,-1,56,56,1154,0,1,0x389C31,0x22,0x215,,0,3,2,2,-1,-1,-1,,,,,,,,,[]
WRITING DATA,Func ID：70089の読み出し用グループ,-1,57,57,1155,0,1,0x389C31,0x22,0x216,,0,3,2,2,-1,-1,-1,,,,,,,,,[]
WRITING DATA,Func ID：70089の読み出し用グループ,-1,58,58,1156,0,1,0x389C31,0x22,0x217,,0,3,2,2,-1,-1,-1,,,,,,,,,[]
WRITING DATA,Func ID：70089の読み出し用グループ,-1,59,59,1157,0,1,0x389C31,0x22,0x218,,0,3,2,2,-1,-1,-1,,,,,,,,,[]
WRITING DATA,Func ID：70089の読み出し用グループ,-1,60,60,1158,0,1,0x389C31,0x22,0x219,,0,3,2,2,-1,-1,-1,,,,,,,,,[]
WRITING DATA,Func ID：70089の読み出し用グループ,-1,61,61,1159,0,1,0x389C31,0x22,0x21A,,0,3,2,2,-1,-1,-1,,,,,,,,,[]
WRITING DATA,Func ID：70089の読み出し用グループ,-1,62,62,1160,0,1,0x389C31,0x22,0x21B,,0,3,2,2,-1,-1,-1,,,,,,,,,[]
WRITING DATA,Func ID：70089の読み出し用グループ,-1,63,63,1161,0,1,0x389C31,0x22,0x21C,,0,3,2,2,-1,-1,-1,,,,,,,,,[]
WRITING DATA,Func ID：70089の読み出し用グループ,-1,64,64,1162,0,1,0x389C31,0x22,0x21D,,0,3,2,2,-1,-1,-1,,,,,,,,,[]
WRITING DATA,Func ID：70089の読み出し用グループ,-1,65,65,1163,0,1,0x389C31,0x22,0x21E,,0,3,2,2,-1,-1,-1,,,,,,,,,[]
WRITING DATA,Func ID：70089の読み出し用グループ,-1,66,66,1164,0,1,0x389C31,0x22,0x21F,,0,3,2,2,-1,-1,-1,,,,,,,,,[]
WRITING DATA,Func ID：70089の読み出し用グループ,-1,67,67,1165,0,1,0x389C31,0x22,0x220,,0,3,2,2,-1,-1,-1,,,,,,,,,[]
WRITING DATA,Func ID：70089の読み出し用グループ,-1,68,68,1166,0,1,0x389C31,0x22,0x221,,0,3,2,2,-1,-1,-1,,,,,,,,,[]
WRITING DATA,Func ID：70089の読み出し用グループ,-1,69,69,1167,0,1,0x389C31,0x22,0x222,,0,3,2,2,-1,-1,-1,,,,,,,,,[]
WRITING DATA,Func ID：70089の読み出し用グループ,-1,70,70,1168,0,1,0x389C31,0x22,0x223,,0,3,2,2,-1,-1,-1,,,,,,,,,[]
WRITING DATA,Func ID：70089の読み出し用グループ,-1,71,71,1169,0,1,0x389C31,0x22,0x224,,0,3,2,2,-1,-1,-1,,,,,,,,,[]
WRITING DATA,Func ID：70089の読み出し用グループ,-1,72,72,1170,0,1,0x389C31,0x22,0x225,,0,3,2,2,-1,-1,-1,,,,,,,,,[]
WRITING DATA,Func ID：70089の読み出し用グループ,-1,73,73,1171,0,1,0x389C31,0x22,0x226,,0,3,4,2,-1,-1,-1,,,,,,,,,[]
WRITING DATA,Func ID：70089の読み出し用グループ,-1,74,74,1172,0,1,0x389C31,0x22,0x227,,0,3,4,2,-1,-1,-1,,,,,,,,,[]
WRITING DATA,Func ID：70089の読み出し用グループ,-1,75,75,1173,0,1,0x389C31,0x22,0x228,,0,3,2,2,-1,-1,-1,,,,,,,,,[]
WRITING DATA,Func ID：70089の読み出し用グループ,-1,76,76,1174,0,1,0x389C31,0x22,0x229,,0,3,1,2,-1,-1,-1,,,,,,,,,[]
WRITING DATA,Func ID：70089の読み出し用グループ,-1,77,77,1175,0,1,0x389C31,0x22,0x22A,,0,3,4,2,-1,-1,-1,,,,,,,,,[]
WRITING DATA,Func ID：70089の読み出し用グループ,-1,78,78,1176,0,1,0x389C31,0x22,0x22B,,0,3,4,2,-1,-1,-1,,,,,,,,,[]
WRITING DATA,Func ID：70089の読み出し用グループ,-1,79,79,1177,0,1,0x389C31,0x22,0x22C,,0,3,4,2,-1,-1,-1,,,,,,,,,[]
WRITING DATA,Func ID：70089の読み出し用グループ,-1,80,80,1178,0,1,0x389C31,0x22,0x22D,,0,3,4,2,-1,-1,-1,,,,,,,,,[]
WRITING DATA,Func ID：70089の読み出し用グループ,-1,81,81,1179,0,1,0x389C31,0x22,0x22E,,0,3,4,2,-1,-1,-1,,,,,,,,,[]
WRITING DATA,Func ID：70089の読み出し用グループ,-1,82,82,1180,0,1,0x389C31,0x22,0x22F,,0,3,4,2,-1,-1,-1,,,,,,,,,[]
WRITING DATA,Func ID：70089の読み出し用グループ,-1,83,83,1181,0,1,0x389C31,0x22,0x230,,0,3,4,2,-1,-1,-1,,,,,,,,,[]
WRITING DATA,Func ID：70089の読み出し用グループ,-1,84,84,1182,0,1,0x389C31,0x22,0x231,,0,3,2,2,-1,-1,-1,,,,,,,,,[]
WRITING DATA,Func ID：70089の読み出し用グループ,-1,85,85,1183,0,1,0x389C31,0x22,0x232,,0,3,2,2,-1,-1,-1,,,,,,,,,[]
WRITING DATA,Func ID：70089の読み出し用グループ,-1,86,86,1184,0,1,0x389C31,0x22,0x233,,0,3,2,2,-1,-1,-1,,,,,,,,,[]
WRITING DATA,Func ID：70089の読み出し用グループ,-1,87,87,1185,0,1,0x389C31,0x22,0x234,,0,3,2,2,-1,-1,-1,,,,,,,,,[]
WRITING DATA,Func ID：70089の読み出し用グループ,-1,88,88,1186,0,1,0x389C31,0x22,0x235,,0,3,2,2,-1,-1,-1,,,,,,,,,[]
WRITING DATA,Func ID：70089の読み出し用グループ,-1,89,89,1187,0,1,0x389C31,0x22,0x236,,0,3,2,2,-1,-1,-1,,,,,,,,,[]
WRITING DATA,Func ID：70089の読み出し用グループ,-1,90,90,1188,0,1,0x389C31,0x22,0x237,,0,3,2,2,-1,-1,-1,,,,,,,,,[]
WRITING DATA,Func ID：70089の読み出し用グループ,-1,91,91,1189,0,1,0x389C31,0x22,0x238,,0,3,2,2,-1,-1,-1,,,,,,,,,[]
WRITING DATA,Func ID：70089の読み出し用グループ,-1,92,92,1190,0,1,0x389C31,0x22,0x239,,0,3,2,2,-1,-1,-1,,,,,,,,,[]
WRITING DATA,Func ID：70089の読み出し用グループ,-1,93,93,1191,0,1,0x389C31,0x22,0x23A,,0,3,2,2,-1,-1,-1,,,,,,,,,[]
WRITING DATA,Func ID：70089の読み出し用グループ,-1,94,94,1192,0,1,0x389C31,0x22,0x23B,,0,3,2,2,-1,-1,-1,,,,,,,,,[]
WRITING DATA,Func ID：70089の読み出し用グループ,-1,95,95,1193,0,1,0x389C31,0x22,0x23C,,0,3,2,2,-1,-1,-1,,,,,,,,,[]
WRITING DATA,Func ID：70089の読み出し用グループ,-1,96,96,1194,0,1,0x389C31,0x22,0x23D,,0,3,2,2,-1,-1,-1,,,,,,,,,[]
WRITING DATA,Func ID：70089の読み出し用グループ,-1,97,97,1195,0,1,0x389C31,0x22,0x23E,,0,3,2,2,-1,-1,-1,,,,,,,,,[]
WRITING DATA,Func ID：70089の読み出し用グループ,-1,98,98,1196,0,1,0x389C31,0x22,0x23F,,0,3,2,2,-1,-1,-1,,,,,,,,,[]
WRITING DATA,Func ID：70089の読み出し用グループ,-1,99,99,1197,0,1,0x389C31,0x22,0x240,,0,3,2,2,-1,-1,-1,,,,,,,,,[]
WRITING DATA,Func ID：70089の読み出し用グループ,-1,100,100,1198,0,1,0x389C31,0x22,0x241,,0,3,2,2,-1,-1,-1,,,,,,,,,[]
WRITING DATA,Func ID：70089の読み出し用グループ,-1,101,101,1199,0,1,0x389C31,0x22,0x242,,0,3,2,2,-1,-1,-1,,,,,,,,,[]
WRITING DATA,Func ID：70089の読み出し用グループ,-1,102,102,1200,0,1,0x389C31,0x22,0x243,,0,3,2,2,-1,-1,-1,,,,,,,,,[]
WRITING DATA,Func ID：70089の読み出し用グループ,-1,103,103,1201,0,1,0x389C31,0x22,0x244,,0,3,2,2,-1,-1,-1,,,,,,,,,[]
WRITING DATA,Func ID：70089の読み出し用グループ,-1,104,104,1202,0,1,0x389C31,0x22,0x245,,0,3,2,2,-1,-1,-1,,,,,,,,,[]
WRITING DATA,Func ID：70089の読み出し用グループ,-1,105,105,1203,0,1,0x389C31,0x22,0x246,,0,3,2,2,-1,-1,-1,,,,,,,,,[]
WRITING DATA,Func ID：70089の読み出し用グループ,-1,106,106,1204,0,1,0x389C31,0x22,0x247,,0,3,2,2,-1,-1,-1,,,,,,,,,[]
WRITING DATA,Func ID：70089の読み出し用グループ,-1,107,107,1205,0,1,0x389C31,0x22,0x248,,0,3,2,2,-1,-1,-1,,,,,,,,,[]
WRITING DATA,Func ID：70089の読み出し用グループ,-1,108,108,1206,0,1,0x389C31,0x22,0x249,,0,3,2,2,-1,-1,-1,,,,,,,,,[]
WRITING DATA,Func ID：70089の読み出し用グループ,-1,109,109,1207,0,1,0x389C31,0x22,0x24A,,0,3,2,2,-1,-1,-1,,,,,,,,,[]
WRITING DATA,Func ID：70089の読み出し用グループ,-1,110,110,1208,0,1,0x389C31,0x22,0x24B,,0,3,2,2,-1,-1,-1,,,,,,,,,[]
WRITING DATA,Func ID：70089の読み出し用グループ,-1,111,111,1209,0,1,0x389C31,0x22,0x24C,,0,3,2,2,-1,-1,-1,,,,,,,,,[]
WRITING DATA,Func ID：70089の読み出し用グループ,-1,112,112,1210,0,1,0x389C31,0x22,0x24D,,0,3,2,2,-1,-1,-1,,,,,,,,,[]
WRITING DATA,Func ID：70089の読み出し用グループ,-1,113,113,1211,0,1,0x389C31,0x22,0x24E,,0,3,2,2,-1,-1,-1,,,,,,,,,[]
WRITING DATA,Func ID：70089の読み出し用グループ,-1,114,114,1212,0,1,0x389C31,0x22,0x24F,,0,3,2,2,-1,-1,-1,,,,,,,,,[]
WRITING DATA,Func ID：70089の読み出し用グループ,-1,115,115,1213,0,1,0x389C31,0x22,0x250,,0,3,2,2,-1,-1,-1,,,,,,,,,[]
WRITING DATA,Func ID：70089の読み出し用グループ,-1,116,116,1214,0,1,0x389C31,0x22,0x251,,0,3,2,2,-1,-1,-1,,,,,,,,,[]
WRITING DATA,Func ID：70089の読み出し用グループ,-1,117,117,1215,0,1,0x389C31,0x22,0x252,,0,3,2,2,-1,-1,-1,,,,,,,,,[]
WRITING DATA,Func ID：70089の読み出し用グループ,-1,118,118,1216,0,1,0x389C31,0x22,0x253,,0,3,2,2,-1,-1,-1,,,,,,,,,[]
WRITING DATA,Func ID：70089の読み出し用グループ,-1,119,119,1217,0,1,0x389C31,0x22,0x254,,0,3,2,2,-1,-1,-1,,,,,,,,,[]
WRITING DATA,Func ID：70089の読み出し用グループ,-1,120,120,1218,0,1,0x389C31,0x22,0x255,,0,3,2,2,-1,-1,-1,,,,,,,,,[]
WRITING DATA,Func ID：70089の読み出し用グループ,-1,121,121,1219,0,1,0x389C31,0x22,0x256,,0,3,2,2,-1,-1,-1,,,,,,,,,[]
WRITING DATA,Func ID：70089の読み出し用グループ,-1,122,122,1220,0,1,0x389C31,0x22,0x257,,0,3,2,2,-1,-1,-1,,,,,,,,,[]
WRITING DATA,Func ID：70089の読み出し用グループ,-1,123,123,1221,0,1,0x389C31,0x22,0x258,,0,3,2,2,-1,-1,-1,,,,,,,,,[]
WRITING DATA,Func ID：70089の読み出し用グループ,-1,124,124,1222,0,1,0x389C31,0x22,0x259,,0,3,2,2,-1,-1,-1,,,,,,,,,[]
WRITING DATA,Func ID：70089の読み出し用グループ,-1,125,125,1223,0,1,0x389C31,0x22,0x25A,,0,3,2,2,-1,-1,-1,,,,,,,,,[]
WRITING DATA,Func ID：70089の読み出し用グループ,-1,126,126,1224,0,1,0x389C31,0x22,0x25B,,0,3,2,2,-1,-1,-1,,,,,,,,,[]
WRITING DATA,Func ID：70089の読み出し用グループ,-1,127,127,1225,0,1,0x389C31,0x22,0x25C,,0,3,2,2,-1,-1,-1,,,,,,,,,[]
WRITING DATA,Func ID：70089の読み出し用グループ,-1,128,128,1226,0,1,0x389C31,0x22,0x25D,,0,3,2,2,-1,-1,-1,,,,,,,,,[]
WRITING DATA,Func ID：70089の読み出し用グループ,-1,129,129,1227,0,1,0x389C31,0x22,0x25E,,0,3,2,2,-1,-1,-1,,,,,,,,,[]
WRITING DATA,Func ID：70089の読み出し用グループ,-1,130,130,1228,0,1,0x389C31,0x22,0x25F,,0,3,2,2,-1,-1,-1,,,,,,,,,[]
WRITING DATA,Func ID：70089の読み出し用グループ,-1,131,131,1229,0,1,0x389C31,0x22,0x260,,0,3,2,2,-1,-1,-1,,,,,,,,,[]
WRITING DATA,Func ID：70089の読み出し用グループ,-1,132,132,1230,0,1,0x389C31,0x22,0x261,,0,3,2,2,-1,-1,-1,,,,,,,,,[]
WRITING DATA,Func ID：70089の読み出し用グループ,-1,133,133,1231,0,1,0x389C31,0x22,0x262,,0,3,2,2,-1,-1,-1,,,,,,,,,[]
WRITING DATA,Func ID：70089の読み出し用グループ,-1,134,134,1232,0,1,0x389C31,0x22,0x263,,0,3,2,2,-1,-1,-1,,,,,,,,,[]
WRITING DATA,Func ID：70089の読み出し用グループ,-1,135,135,1233,0,1,0x389C31,0x22,0x264,,0,3,2,2,-1,-1,-1,,,,,,,,,[]
WRITING DATA,Func ID：70089の読み出し用グループ,-1,136,136,1234,0,1,0x389C31,0x22,0x265,,0,3,2,2,-1,-1,-1,,,,,,,,,[]
WRITING DATA,Func ID：70089の読み出し用グループ,-1,137,137,1235,0,1,0x389C31,0x22,0x266,,0,3,2,2,-1,-1,-1,,,,,,,,,[]
WRITING DATA,Func ID：70089の読み出し用グループ,-1,138,138,1236,0,1,0x389C31,0x22,0x267,,0,3,2,2,-1,-1,-1,,,,,,,,,[]
WRITING DATA,Func ID：70089の読み出し用グループ,-1,139,139,1237,0,1,0x389C31,0x22,0x268,,0,3,2,2,-1,-1,-1,,,,,,,,,[]
WRITING DATA,Func ID：70089の読み出し用グループ,-1,140,140,1238,0,1,0x389C31,0x22,0x269,,0,3,2,2,-1,-1,-1,,,,,,,,,[]
WRITING DATA,Func ID：70089の読み出し用グループ,-1,141,141,1239,0,1,0x389C31,0x22,0x26A,,0,3,2,2,-1,-1,-1,,,,,,,,,[]
WRITING DATA,Func ID：70089の読み出し用グループ,-1,142,142,1240,0,1,0x389C31,0x22,0x26B,,0,3,2,2,-1,-1,-1,,,,,,,,,[]
WRITING DATA,Func ID：70089の読み出し用グループ,-1,143,143,1241,0,1,0x389C31,0x22,0x26C,,0,3,2,2,-1,-1,-1,,,,,,,,,[]
WRITING DATA,Func ID：70089の読み出し用グループ,-1,144,144,1242,0,1,0x389C31,0x22,0x26D,,0,3,2,2,-1,-1,-1,,,,,,,,,[]
WRITING DATA,Func ID：70089の読み出し用グループ,-1,145,145,1243,0,1,0x389C31,0x22,0x26E,,0,3,2,2,-1,-1,-1,,,,,,,,,[]
WRITING DATA,Func ID：70089の読み出し用グループ,-1,146,146,1244,0,1,0x389C31,0x22,0x26F,,0,3,2,2,-1,-1,-1,,,,,,,,,[]
WRITING DATA,Func ID：70089の読み出し用グループ,-1,147,147,1245,0,1,0x389C31,0x22,0x270,,0,3,2,2,-1,-1,-1,,,,,,,,,[]
WRITING DATA,Func ID：70089の読み出し用グループ,-1,148,148,1246,0,1,0x389C31,0x22,0x271,,0,3,2,2,-1,-1,-1,,,,,,,,,[]
WRITING DATA,Func ID：70089の読み出し用グループ,-1,149,149,1247,0,1,0x389C31,0x22,0x272,,0,3,2,2,-1,-1,-1,,,,,,,,,[]
WRITING DATA,Func ID：70089の読み出し用グループ,-1,150,150,1248,0,1,0x389C31,0x22,0x273,,0,3,2,2,-1,-1,-1,,,,,,,,,[]
WRITING DATA,Func ID：70089の読み出し用グループ,-1,151,151,1249,0,1,0x389C31,0x22,0x276,,0,3,1,2,-1,-1,-1,,,,,,,,,[]
WRITING DATA,Func ID：70089の読み出し用グループ,-1,152,152,1250,0,1,0x389C31,0x22,0x277,,0,3,4,2,-1,-1,-1,,,,,,,,,[]
WRITING DATA,Func ID：70089の読み出し用グループ,-1,153,153,1251,0,1,0x389C31,0x22,0x274,,0,3,2,2,-1,-1,-1,,,,,,,,,[]
WRITING DATA,Func ID：70089の読み出し用グループ,-1,154,154,1252,0,1,0x389C31,0x22,0xDA70,,0,3,124,2,-1,-1,-1,,,,,,,,,[]
WRITING DATA,Func ID：70089の読み出し用グループ,-1,155,155,1253,0,1,0x389C31,0x22,0xDA71,,0,3,150,2,-1,-1,-1,,,,,,,,,[]
WRITING DATA,Func ID：70089の読み出し用グループ,-1,156,156,1254,0,1,0x389C31,0x22,0xDA72,,0,3,120,2,-1,-1,-1,,,,,,,,,[]
WRITING DATA,Func ID：70089の読み出し用グループ,-1,157,157,1255,0,1,0x389C31,0x22,0xDA73,,0,3,150,2,-1,-1,-1,,,,,,,,,[]
WRITING DATA,Func ID：70089の読み出し用グループ,-1,158,158,1256,0,1,0x389C31,0x22,0xDA74,,0,3,72,2,-1,-1,-1,,,,,,,,,[]
WRITING DATA,Func ID：70089の読み出し用グループ,-1,159,159,1257,0,1,0x389C31,0x22,0xDA75,,0,3,45,2,-1,-1,-1,,,,,,,,,[]
WRITING DATA,Func ID：70089の読み出し用グループ,-1,160,160,1258,0,1,0x389C31,0x22,0xDA76,,0,3,45,2,-1,-1,-1,,,,,,,,,[]
WRITING DATA,Func ID：70089の読み出し用グループ,-1,161,161,1259,0,1,0x389C31,0x22,0xDA77,,0,3,58,2,-1,-1,-1,,,,,,,,,[]
WRITING DATA,Func ID：70089の読み出し用グループ,-1,162,162,1260,0,1,0x389C31,0x22,0xDA78,,0,3,40,2,-1,-1,-1,,,,,,,,,[]
WRITING DATA,Func ID：70089の読み出し用グループ,-1,163,163,1261,0,1,0x389C31,0x22,0xDA79,,0,3,62,2,-1,-1,-1,,,,,,,,,[]
WRITING DATA,Func ID：70089の読み出し用グループ,-1,164,164,1262,0,1,0x389C31,0x22,0xDA7A,,0,3,80,2,-1,-1,-1,,,,,,,,,[]
WRITING DATA,Func ID：70089の読み出し用グループ,-1,165,165,1263,0,1,0x389C31,0x22,0x2B6,,0,3,10,2,-1,-1,-1,,,,,,,,,[]
WRITING DATA,Func ID：70089の読み出し用グループ,-1,166,166,1264,0,1,0x389C31,0x22,0xDA7B,,0,3,168,2,-1,-1,-1,,,,,,,,,[]
WRITING DATA,Func ID：70089の読み出し用グループ,-1,167,167,1265,0,1,0x389C31,0x22,0xDA7C,,0,3,160,2,-1,-1,-1,,,,,,,,,[]
WRITING DATA,Func ID：70089の読み出し用グループ,-1,168,168,1266,0,1,0x389C31,0x22,0xDA7D,,0,3,56,2,-1,-1,-1,,,,,,,,,[]
WRITING DATA,Func ID：70089の読み出し用グループ,-1,169,169,1267,0,1,0x389C31,0x22,0xDA7E,,0,3,56,2,-1,-1,-1,,,,,,,,,[]
WRITING DATA,Func ID：70089の読み出し用グループ,-1,170,170,1268,0,1,0x389C31,0x22,0xDA7F,,0,3,112,2,-1,-1,-1,,,,,,,,,[]
WRITING DATA,Func ID：70089の読み出し用グループ,-1,171,171,1269,0,1,0x389C31,0x22,0xDA80,,0,3,80,2,-1,-1,-1,,,,,,,,,[]
WRITING DATA,Func ID：70089の読み出し用グループ,-1,172,172,1270,0,1,0x389C31,0x22,0xDA81,,0,3,52,2,-1,-1,-1,,,,,,,,,[]
WRITING DATA,Func ID：70089の読み出し用グループ,-1,173,173,1271,0,1,0x389C31,0x22,0xDA82,,0,3,28,2,-1,-1,-1,,,,,,,,,[]
WRITING DATA,Func ID：70089の読み出し用グループ,-1,174,174,1272,0,1,0x389C31,0x22,0xDA83,,0,3,40,2,-1,-1,-1,,,,,,,,,[]
WRITING DATA,Func ID：70089の読み出し用グループ,-1,175,175,1273,0,1,0x389C31,0x22,0xDA84,,0,3,28,2,-1,-1,-1,,,,,,,,,[]
WRITING DATA,Func ID：70089の読み出し用グループ,-1,176,176,1274,0,1,0x389C31,0x22,0xDA85,,0,3,40,2,-1,-1,-1,,,,,,,,,[]
WRITING DATA,Func ID：70089の読み出し用グループ,-1,177,177,1275,0,1,0x389C31,0x22,0xDA86,,0,3,40,2,-1,-1,-1,,,,,,,,,[]
WRITING DATA,Func ID：70089の読み出し用グループ,-1,178,178,1276,0,1,0x389C31,0x22,0xDA87,,0,3,40,2,-1,-1,-1,,,,,,,,,[]
WRITING DATA,Func ID：70089の読み出し用グループ,-1,179,179,1277,0,1,0x389C31,0x22,0x279,,0,3,1,2,-1,-1,-1,,,,,,,,,[]
WRITING DATA,Func ID：70089の読み出し用グループ,-1,180,180,1278,0,1,0x389C31,0x22,0x27A,,0,3,1,2,-1,-1,-1,,,,,,,,,[]
WRITING DATA,Func ID：70089の読み出し用グループ,-1,181,181,1279,0,1,0x389C31,0x22,0x27B,,0,3,1,2,-1,-1,-1,,,,,,,,,[]
WRITING DATA,Func ID：70089の読み出し用グループ,-1,182,182,1280,0,1,0x389C31,0x22,0x27C,,0,3,1,2,-1,-1,-1,,,,,,,,,[]
WRITING DATA,Func ID：70089の読み出し用グループ,-1,183,183,1281,0,1,0x389C31,0x22,0x27D,,0,3,1,2,-1,-1,-1,,,,,,,,,[]
WRITING DATA,Func ID：70089の読み出し用グループ,-1,184,184,1282,0,1,0x389C31,0x22,0x27E,,0,3,1,2,-1,-1,-1,,,,,,,,,[]
WRITING DATA,Func ID：70089の読み出し用グループ,-1,185,185,1283,0,1,0x389C31,0x22,0x27F,,0,3,1,2,-1,-1,-1,,,,,,,,,[]
WRITING DATA,Func ID：70089の読み出し用グループ,-1,186,186,1284,0,1,0x389C31,0x22,0x280,,0,3,1,2,-1,-1,-1,,,,,,,,,[]
WRITING DATA,Func ID：70089の読み出し用グループ,-1,187,187,1285,0,1,0x389C31,0x22,0x281,,0,3,1,2,-1,-1,-1,,,,,,,,,[]
WRITING DATA,Func ID：70089の読み出し用グループ,-1,188,188,1286,0,1,0x389C31,0x22,0x282,,0,3,1,2,-1,-1,-1,,,,,,,,,[]
WRITING DATA,Func ID：70089の読み出し用グループ,-1,189,189,1287,0,1,0x389C31,0x22,0x283,,0,3,1,2,-1,-1,-1,,,,,,,,,[]
WRITING DATA,Func ID：70089の読み出し用グループ,-1,190,190,1288,0,1,0x389C31,0x22,0x284,,0,3,1,2,-1,-1,-1,,,,,,,,,[]
WRITING DATA,Func ID：70089の読み出し用グループ,-1,191,191,1289,0,1,0x389C31,0x22,0x285,,0,3,1,2,-1,-1,-1,,,,,,,,,[]
WRITING DATA,Func ID：70089の読み出し用グループ,-1,192,192,1290,0,1,0x389C31,0x22,0x286,,0,3,1,2,-1,-1,-1,,,,,,,,,[]
WRITING DATA,Func ID：70089の読み出し用グループ,-1,193,193,1291,0,1,0x389C31,0x22,0x287,,0,3,1,2,-1,-1,-1,,,,,,,,,[]
WRITING DATA,Func ID：70089の読み出し用グループ,-1,194,194,1292,0,1,0x389C31,0x22,0x288,,0,3,1,2,-1,-1,-1,,,,,,,,,[]
WRITING DATA,Func ID：70089の読み出し用グループ,-1,195,195,1293,0,1,0x389C31,0x22,0xDA88,,0,3,64,2,-1,-1,-1,,,,,,,,,[]
WRITING DATA,Func ID：70089の読み出し用グループ,-1,196,196,1294,0,1,0x389C31,0x22,0xDA89,,0,3,64,2,-1,-1,-1,,,,,,,,,[]
WRITING DATA,Func ID：70089の読み出し用グループ,-1,197,197,1295,0,1,0x389C31,0x22,0xDA8A,,0,3,2,2,-1,-1,-1,,,,,,,,,[]
WRITING DATA,Func ID：70089の読み出し用グループ,-1,198,198,1296,0,1,0x389C31,0x22,0xDA8B,,0,3,2,2,-1,-1,-1,,,,,,,,,[]
Write the BIN,BIN書き込み,-1,1,1,1331,0,1,0x389C31,0x2E,0x279,,0,3,1,2,-1,-1,-1,,,,,,,,,[]
Write the BIN,BIN書き込み,-1,2,2,1332,0,1,0x389C31,0x2E,0x27A,,0,3,1,2,-1,-1,-1,,,,,,,,,[]
Write the BIN,BIN書き込み,-1,3,3,1333,0,1,0x389C31,0x2E,0x27B,,0,3,1,2,-1,-1,-1,,,,,,,,,[]
Write the BIN,BIN書き込み,-1,4,4,1334,0,1,0x389C31,0x2E,0x27C,,0,3,1,2,-1,-1,-1,,,,,,,,,[]
Write the BIN,BIN書き込み,-1,5,5,1335,0,1,0x389C31,0x2E,0x27D,,0,3,1,2,-1,-1,-1,,,,,,,,,[]
Write the BIN,BIN書き込み,-1,6,6,1336,0,1,0x389C31,0x2E,0x27E,,0,3,1,2,-1,-1,-1,,,,,,,,,[]
Write the BIN,BIN書き込み,-1,7,7,1337,0,1,0x389C31,0x2E,0x27F,,0,3,1,2,-1,-1,-1,,,,,,,,,[]
Write the BIN,BIN書き込み,-1,8,8,1338,0,1,0x389C31,0x2E,0x280,,0,3,1,2,-1,-1,-1,,,,,,,,,[]
Write the BIN,BIN書き込み,-1,9,9,1339,0,1,0x389C31,0x2E,0x281,,0,3,1,2,-1,-1,-1,,,,,,,,,[]
Write the BIN,BIN書き込み,-1,10,10,1340,0,1,0x389C31,0x2E,0x282,,0,3,1,2,-1,-1,-1,,,,,,,,,[]
Write the BIN,BIN書き込み,-1,11,11,1341,0,1,0x389C31,0x2E,0x283,,0,3,1,2,-1,-1,-1,,,,,,,,,[]
Write the BIN,BIN書き込み,-1,12,12,1342,0,1,0x389C31,0x2E,0x284,,0,3,1,2,-1,-1,-1,,,,,,,,,[]
Write the BIN,BIN書き込み,-1,13,13,1343,0,1,0x389C31,0x2E,0x285,,0,3,1,2,-1,-1,-1,,,,,,,,,[]
Write the BIN,BIN書き込み,-1,14,14,1344,0,1,0x389C31,0x2E,0x286,,0,3,1,2,-1,-1,-1,,,,,,,,,[]
Write the BIN,BIN書き込み,-1,15,15,1345,0,1,0x389C31,0x2E,0x287,,0,3,1,2,-1,-1,-1,,,,,,,,,[]
Write the BIN,BIN書き込み,-1,16,16,1346,0,1,0x389C31,0x2E,0x288,,0,3,1,2,-1,-1,-1,,,,,,,,,[]
Write the BIN,BIN読み出し,-1,1,1,1348,0,1,0x389C31,0x22,0x279,,0,3,1,2,-1,-1,-1,,,,,,,,,[]
Write the BIN,BIN読み出し,-1,2,2,1349,0,1,0x389C31,0x22,0x27A,,0,3,1,2,-1,-1,-1,,,,,,,,,[]
Write the BIN,BIN読み出し,-1,3,3,1350,0,1,0x389C31,0x22,0x27B,,0,3,1,2,-1,-1,-1,,,,,,,,,[]
Write the BIN,BIN読み出し,-1,4,4,1351,0,1,0x389C31,0x22,0x27C,,0,3,1,2,-1,-1,-1,,,,,,,,,[]
Write the BIN,BIN読み出し,-1,5,5,1352,0,1,0x389C31,0x22,0x27D,,0,3,1,2,-1,-1,-1,,,,,,,,,[]
Write the BIN,BIN読み出し,-1,6,6,1353,0,1,0x389C31,0x22,0x27E,,0,3,1,2,-1,-1,-1,,,,,,,,,[]
Write the BIN,BIN読み出し,-1,7,7,1354,0,1,0x389C31,0x22,0x27F,,0,3,1,2,-1,-1,-1,,,,,,,,,[]
Write the BIN,BIN読み出し,-1,8,8,1355,0,1,0x389C31,0x22,0x280,,0,3,1,2,-1,-1,-1,,,,,,,,,[]
Write the BIN,BIN読み出し,-1,9,9,1356,0,1,0x389C31,0x22,0x281,,0,3,1,2,-1,-1,-1,,,,,,,,,[]
Write the BIN,BIN読み出し,-1,10,10,1357,0,1,0x389C31,0x22,0x282,,0,3,1,2,-1,-1,-1,,,,,,,,,[]
Write the BIN,BIN読み出し,-1,11,11,1358,0,1,0x389C31,0x22,0x283,,0,3,1,2,-1,-1,-1,,,,,,,,,[]
Write the BIN,BIN読み出し,-1,12,12,1359,0,1,0x389C31,0x22,0x284,,0,3,1,2,-1,-1,-1,,,,,,,,,[]
Write the BIN,BIN読み出し,-1,13,13,1360,0,1,0x389C31,0x22,0x285,,0,3,1,2,-1,-1,-1,,,,,,,,,[]
Write the BIN,BIN読み出し,-1,14,14,1361,0,1,0x389C31,0x22,0x286,,0,3,1,2,-1,-1,-1,,,,,,,,,[]
Write the BIN,BIN読み出し,-1,15,15,1362,0,1,0x389C31,0x22,0x287,,0,3,1,2,-1,-1,-1,,,,,,,,,[]
Write the BIN,BIN読み出し,-1,16,16,1363,0,1,0x389C31,0x22,0x288,,0,3,1,2,-1,-1,-1,,,,,,,,,[]
Saving warranty information,画面表示用アイテム,SOH,1,1,120,0,1,0x389C31,0x22,0x1E1,,0,3,1,2,-1,-1,-1,1,0,0,8001855,SOH 0-16%,0,0,0,"[{'no': 1, 'up_bound': 0, 'low_bound': 0, 'range_id': 8001855, 'range_label': 'SOH 0-16%'}, {'no': 2, 'up_bound': 14, 'low_bound': 1, 'range_id': 8001856, 'range_label': 'SOH 16-20%'}, {'no': 3, 'up_bound': 29, 'low_bound': 15, 'range_id': 8001857, 'range_label': 'SOH 21-25%'}, {'no': 4, 'up_bound': 44, 'low_bound': 30, 'range_id': 8001858, 'range_label': 'SOH 26-30%'}, {'no': 5, 'up_bound': 59, 'low_bound': 45, 'range_id': 8001859, 'range_label': 'SOH 31-35%'}, {'no': 6, 'up_bound': 74, 'low_bound': 60, 'range_id': 8001860, 'range_label': 'SOH 36-40%'}, {'no': 7, 'up_bound': 89, 'low_bound': 75, 'range_id': 8001861, 'range_label': 'SOH 41-45%'}, {'no': 8, 'up_bound': 104, 'low_bound': 90, 'range_id': 8001862, 'range_label': 'SOH 46-50%'}, {'no': 9, 'up_bound': 119, 'low_bound': 105, 'range_id': 8001863, 'range_label': 'SOH 51-55%'}, {'no': 10, 'up_bound': 134, 'low_bound': 120, 'range_id': 8001864, 'range_label': 'SOH 56-60%'}, {'no': 11, 'up_bound': 149, 'low_bound': 135, 'range_id': 8001865, 'range_label': 'SOH 61-65%'}, {'no': 12, 'up_bound': 164, 'low_bound': 150, 'range_id': 8001866, 'range_label': 'SOH 66-70%'}, {'no': 13, 'up_bound': 179, 'low_bound': 165, 'range_id': 8001867, 'range_label': 'SOH 71-75%'}, {'no': 14, 'up_bound': 194, 'low_bound': 180, 'range_id': 8001868, 'range_label': 'SOH 76-80%'}, {'no': 15, 'up_bound': 209, 'low_bound': 195, 'range_id': 8001869, 'range_label': 'SOH 81-85%'}, {'no': 16, 'up_bound': 224, 'low_bound': 210, 'range_id': 8001870, 'range_label': 'SOH 86-90%'}, {'no': 17, 'up_bound': 239, 'low_bound': 225, 'range_id': 8001871, 'range_label': 'SOH 91-95%'}, {'no': 18, 'up_bound': 240, 'low_bound': 240, 'range_id': 8001872, 'range_label': 'SOH 96-100%'}]"
Saving warranty information,画面表示用アイテム,Total distance,2,2,1369,0,1,0x389C31,0x22,0x1D8,km,0,3,4,2,-1,-1,-1,1,0,0,0,,0.01,0,2,"[{'no': 1, 'up_bound': 0, 'low_bound': 0, 'range_id': 0, 'range_label': None}]"
Saving warranty information,画面表示用アイテム,vPack_No[0],3,3,1370,0,1,0x389C31,0x22,0x279,,0,3,1,2,-1,-1,-1,,,,,,,,,[]
Saving warranty information,画面表示用アイテム,vPack_No[1],4,4,1371,0,1,0x389C31,0x22,0x27A,,0,3,1,2,-1,-1,-1,,,,,,,,,[]
Saving warranty information,画面表示用アイテム,vPack_No[2],5,5,1372,0,1,0x389C31,0x22,0x27B,,0,3,1,2,-1,-1,-1,,,,,,,,,[]
Saving warranty information,画面表示用アイテム,vPack_No[3],6,6,1373,0,1,0x389C31,0x22,0x27C,,0,3,1,2,-1,-1,-1,,,,,,,,,[]
Saving warranty information,画面表示用アイテム,vPack_No[4],7,7,1374,0,1,0x389C31,0x22,0x27D,,0,3,1,2,-1,-1,-1,,,,,,,,,[]
Saving warranty information,画面表示用アイテム,vPack_No[5],8,8,1375,0,1,0x389C31,0x22,0x27E,,0,3,1,2,-1,-1,-1,,,,,,,,,[]
Saving warranty information,画面表示用アイテム,vPack_No[6],9,9,1376,0,1,0x389C31,0x22,0x27F,,0,3,1,2,-1,-1,-1,,,,,,,,,[]
Saving warranty information,画面表示用アイテム,vPack_No[7],10,10,1377,0,1,0x389C31,0x22,0x280,,0,3,1,2,-1,-1,-1,,,,,,,,,[]
Saving warranty information,画面表示用アイテム,vPack_No[8],11,11,1378,0,1,0x389C31,0x22,0x281,,0,3,1,2,-1,-1,-1,,,,,,,,,[]
Saving warranty information,画面表示用アイテム,vPack_No[9],12,12,1379,0,1,0x389C31,0x22,0x282,,0,3,1,2,-1,-1,-1,,,,,,,,,[]
Saving warranty information,画面表示用アイテム,vPack_No[10],13,13,1380,0,1,0x389C31,0x22,0x283,,0,3,1,2,-1,-1,-1,,,,,,,,,[]
Saving warranty information,画面表示用アイテム,vPack_No[11],14,14,1381,0,1,0x389C31,0x22,0x284,,0,3,1,2,-1,-1,-1,,,,,,,,,[]
Saving warranty information,画面表示用アイテム,vPack_No[12],15,15,1382,0,1,0x389C31,0x22,0x285,,0,3,1,2,-1,-1,-1,,,,,,,,,[]
Saving warranty information,画面表示用アイテム,vPack_No[13],16,16,1383,0,1,0x389C31,0x22,0x286,,0,3,1,2,-1,-1,-1,,,,,,,,,[]
Saving warranty information,画面表示用アイテム,vPack_No[14],17,17,1384,0,1,0x389C31,0x22,0x287,,0,3,1,2,-1,-1,-1,,,,,,,,,[]
Saving warranty information,画面表示用アイテム,vPack_No[15],18,18,1385,0,1,0x389C31,0x22,0x288,,0,3,1,2,-1,-1,-1,,,,,,,,,[]
Saving warranty information,データ保存用アイテム,SOH,1,1,1387,0,1,0x389C31,0x22,0x1E1,,0,3,1,2,-1,-1,-1,1,0,0,0,,0.00416667,0,2,"[{'no': 1, 'up_bound': 0, 'low_bound': 0, 'range_id': 0, 'range_label': None}]"
Saving warranty information,データ保存用アイテム,Total distance,2,2,1388,0,1,0x389C31,0x22,0x1D8,km,0,3,4,2,-1,-1,-1,1,0,0,0,,0.01,0,2,"[{'no': 1, 'up_bound': 0, 'low_bound': 0, 'range_id': 0, 'range_label': None}]"
Saving warranty information,データ保存用アイテム,vPack_No[0],3,3,1389,0,1,0x389C31,0x22,0x279,,0,3,1,2,-1,-1,-1,,,,,,,,,[]
Saving warranty information,データ保存用アイテム,vPack_No[1],4,4,1390,0,1,0x389C31,0x22,0x27A,,0,3,1,2,-1,-1,-1,,,,,,,,,[]
Saving warranty information,データ保存用アイテム,vPack_No[2],5,5,1391,0,1,0x389C31,0x22,0x27B,,0,3,1,2,-1,-1,-1,,,,,,,,,[]
Saving warranty information,データ保存用アイテム,vPack_No[3],6,6,1392,0,1,0x389C31,0x22,0x27C,,0,3,1,2,-1,-1,-1,,,,,,,,,[]
Saving warranty information,データ保存用アイテム,vPack_No[4],7,7,1393,0,1,0x389C31,0x22,0x27D,,0,3,1,2,-1,-1,-1,,,,,,,,,[]
Saving warranty information,データ保存用アイテム,vPack_No[5],8,8,1394,0,1,0x389C31,0x22,0x27E,,0,3,1,2,-1,-1,-1,,,,,,,,,[]
Saving warranty information,データ保存用アイテム,vPack_No[6],9,9,1395,0,1,0x389C31,0x22,0x27F,,0,3,1,2,-1,-1,-1,,,,,,,,,[]
Saving warranty information,データ保存用アイテム,vPack_No[7],10,10,1396,0,1,0x389C31,0x22,0x280,,0,3,1,2,-1,-1,-1,,,,,,,,,[]
Saving warranty information,データ保存用アイテム,vPack_No[8],11,11,1397,0,1,0x389C31,0x22,0x281,,0,3,1,2,-1,-1,-1,,,,,,,,,[]
Saving warranty information,データ保存用アイテム,vPack_No[9],12,12,1398,0,1,0x389C31,0x22,0x282,,0,3,1,2,-1,-1,-1,,,,,,,,,[]
Saving warranty information,データ保存用アイテム,vPack_No[10],13,13,1399,0,1,0x389C31,0x22,0x283,,0,3,1,2,-1,-1,-1,,,,,,,,,[]
Saving warranty information,データ保存用アイテム,vPack_No[11],14,14,1400,0,1,0x389C31,0x22,0x284,,0,3,1,2,-1,-1,-1,,,,,,,,,[]
Saving warranty information,データ保存用アイテム,vPack_No[12],15,15,1401,0,1,0x389C31,0x22,0x285,,0,3,1,2,-1,-1,-1,,,,,,,,,[]
Saving warranty information,データ保存用アイテム,vPack_No[13],16,16,1402,0,1,0x389C31,0x22,0x286,,0,3,1,2,-1,-1,-1,,,,,,,,,[]
Saving warranty information,データ保存用アイテム,vPack_No[14],17,17,1403,0,1,0x389C31,0x22,0x287,,0,3,1,2,-1,-1,-1,,,,,,,,,[]
Saving warranty information,データ保存用アイテム,vPack_No[15],18,18,1404,0,1,0x389C31,0x22,0x288,,0,3,1,2,-1,-1,-1,,,,,,,,,[]
Saving warranty information,データ保存用アイテム,vKCAPM,19,19,1405,0,1,0x389C31,0x22,0x10A,,0,3,2,2,-1,-1,-1,1,0,0,0,,0.0001,0,2,"[{'no': 1, 'up_bound': 0, 'low_bound': 0, 'range_id': 0, 'range_label': None}]"
Saving warranty information,データ保存用アイテム,vCAPAF,20,20,1406,0,1,0x389C31,0x22,0x10C,Ah,0,3,4,2,-1,-1,-1,1,0,0,0,,0.0001,0,2,"[{'no': 1, 'up_bound': 0, 'low_bound': 0, 'range_id': 0, 'range_label': None}]"
Saving warranty information,データ保存用アイテム,cAVCCNG_NUM,21,21,1407,0,1,0x389C31,0x22,0x17A,,0,3,1,2,-1,-1,-1,1,0,0,0,,1,0,0,"[{'no': 1, 'up_bound': 0, 'low_bound': 0, 'range_id': 0, 'range_label': None}]"
Saving warranty information,データ保存用アイテム,vKCAPL,22,22,1408,0,1,0x389C31,0x22,0x1E0,,0,3,2,2,-1,-1,-1,1,0,0,0,,0.0001,0,2,"[{'no': 1, 'up_bound': 0, 'low_bound': 0, 'range_id': 0, 'range_label': None}]"
Saving warranty information,データ保存用アイテム,vFULLSEGDUTY,23,23,1409,0,1,0x389C31,0x22,0x1E1,,0,3,1,2,-1,-1,-1,1,0,0,0,,0.00416667,0,2,"[{'no': 1, 'up_bound': 0, 'low_bound': 0, 'range_id': 0, 'range_label': None}]"
Saving warranty information,データ保存用アイテム,vKCAPM_TEMP,24,24,1410,0,1,0x389C31,0x22,0x1E2,,0,3,4,2,-1,-1,-1,1,0,0,0,,0.0000000976563,0,2,"[{'no': 1, 'up_bound': 0, 'low_bound': 0, 'range_id': 0, 'range_label': None}]"
Saving warranty information,データ保存用アイテム,fKCAPMINIFIN,25,25,1411,0,1,0x389C31,0x22,0x1E3,,0,3,1,2,-1,-1,-1,1,0,0,0,,1,0,0,"[{'no': 1, 'up_bound': 0, 'low_bound': 0, 'range_id': 0, 'range_label': None}]"
Saving warranty information,データ保存用アイテム,vCAPAF_MIN,26,26,1412,0,1,0x389C31,0x22,0x1E5,Ah,0,3,4,2,-1,-1,-1,1,0,0,0,,0.0001,0,2,"[{'no': 1, 'up_bound': 0, 'low_bound': 0, 'range_id': 0, 'range_label': None}]"
Saving warranty information,データ保存用アイテム,vTCELLOCV[0],27,27,1413,0,1,0x389C31,0x22,0x1E6,mV,0,3,2,2,-1,-1,-1,1,0,0,0,,1,0,0,"[{'no': 1, 'up_bound': 0, 'low_bound': 0, 'range_id': 0, 'range_label': None}]"
Saving warranty information,データ保存用アイテム,vTCELLOCV[1],28,28,1414,0,1,0x389C31,0x22,0x1E7,mV,0,3,2,2,-1,-1,-1,1,0,0,0,,1,0,0,"[{'no': 1, 'up_bound': 0, 'low_bound': 0, 'range_id': 0, 'range_label': None}]"
Saving warranty information,データ保存用アイテム,vTCELLOCV[2],29,29,1415,0,1,0x389C31,0x22,0x1E8,mV,0,3,2,2,-1,-1,-1,1,0,0,0,,1,0,0,"[{'no': 1, 'up_bound': 0, 'low_bound': 0, 'range_id': 0, 'range_label': None}]"
Saving warranty information,データ保存用アイテム,vTCELLOCV[3],30,30,1416,0,1,0x389C31,0x22,0x1E9,mV,0,3,2,2,-1,-1,-1,1,0,0,0,,1,0,0,"[{'no': 1, 'up_bound': 0, 'low_bound': 0, 'range_id': 0, 'range_label': None}]"
Saving warranty information,データ保存用アイテム,vTCELLOCV[4],31,31,1417,0,1,0x389C31,0x22,0x1EA,mV,0,3,2,2,-1,-1,-1,1,0,0,0,,1,0,0,"[{'no': 1, 'up_bound': 0, 'low_bound': 0, 'range_id': 0, 'range_label': None}]"
Saving warranty information,データ保存用アイテム,vTCELLOCV[5],32,32,1418,0,1,0x389C31,0x22,0x1EB,mV,0,3,2,2,-1,-1,-1,1,0,0,0,,1,0,0,"[{'no': 1, 'up_bound': 0, 'low_bound': 0, 'range_id': 0, 'range_label': None}]"
Saving warranty information,データ保存用アイテム,vTCELLOCV[6],33,33,1419,0,1,0x389C31,0x22,0x1EC,mV,0,3,2,2,-1,-1,-1,1,0,0,0,,1,0,0,"[{'no': 1, 'up_bound': 0, 'low_bound': 0, 'range_id': 0, 'range_label': None}]"
Saving warranty information,データ保存用アイテム,vTCELLOCV[7],34,34,1420,0,1,0x389C31,0x22,0x1ED,mV,0,3,2,2,-1,-1,-1,1,0,0,0,,1,0,0,"[{'no': 1, 'up_bound': 0, 'low_bound': 0, 'range_id': 0, 'range_label': None}]"
Saving warranty information,データ保存用アイテム,vTCELLOCV[8],35,35,1421,0,1,0x389C31,0x22,0x1EE,mV,0,3,2,2,-1,-1,-1,1,0,0,0,,1,0,0,"[{'no': 1, 'up_bound': 0, 'low_bound': 0, 'range_id': 0, 'range_label': None}]"
Saving warranty information,データ保存用アイテム,vTCELLOCV[9],36,36,1422,0,1,0x389C31,0x22,0x1EF,mV,0,3,2,2,-1,-1,-1,1,0,0,0,,1,0,0,"[{'no': 1, 'up_bound': 0, 'low_bound': 0, 'range_id': 0, 'range_label': None}]"
Saving warranty information,データ保存用アイテム,vTCELLOCV[10],37,37,1423,0,1,0x389C31,0x22,0x1F0,mV,0,3,2,2,-1,-1,-1,1,0,0,0,,1,0,0,"[{'no': 1, 'up_bound': 0, 'low_bound': 0, 'range_id': 0, 'range_label': None}]"
Saving warranty information,データ保存用アイテム,vTCELLOCV[11],38,38,1424,0,1,0x389C31,0x22,0x1F1,mV,0,3,2,2,-1,-1,-1,1,0,0,0,,1,0,0,"[{'no': 1, 'up_bound': 0, 'low_bound': 0, 'range_id': 0, 'range_label': None}]"
Saving warranty information,データ保存用アイテム,vTCELLOCV[12],39,39,1425,0,1,0x389C31,0x22,0x1F2,mV,0,3,2,2,-1,-1,-1,1,0,0,0,,1,0,0,"[{'no': 1, 'up_bound': 0, 'low_bound': 0, 'range_id': 0, 'range_label': None}]"
Saving warranty information,データ保存用アイテム,vTCELLOCV[13],40,40,1426,0,1,0x389C31,0x22,0x1F3,mV,0,3,2,2,-1,-1,-1,1,0,0,0,,1,0,0,"[{'no': 1, 'up_bound': 0, 'low_bound': 0, 'range_id': 0, 'range_label': None}]"
Saving warranty information,データ保存用アイテム,vTCELLOCV[14],41,41,1427,0,1,0x389C31,0x22,0x1F4,mV,0,3,2,2,-1,-1,-1,1,0,0,0,,1,0,0,"[{'no': 1, 'up_bound': 0, 'low_bound': 0, 'range_id': 0, 'range_label': None}]"
Saving warranty information,データ保存用アイテム,vTCELLOCV[15],42,42,1428,0,1,0x389C31,0x22,0x1F5,mV,0,3,2,2,-1,-1,-1,1,0,0,0,,1,0,0,"[{'no': 1, 'up_bound': 0, 'low_bound': 0, 'range_id': 0, 'range_label': None}]"
Saving warranty information,データ保存用アイテム,vTCELLOCV[16],43,43,1429,0,1,0x389C31,0x22,0x1F6,mV,0,3,2,2,-1,-1,-1,1,0,0,0,,1,0,0,"[{'no': 1, 'up_bound': 0, 'low_bound': 0, 'range_id': 0, 'range_label': None}]"
Saving warranty information,データ保存用アイテム,vTCELLOCV[17],44,44,1430,0,1,0x389C31,0x22,0x1F7,mV,0,3,2,2,-1,-1,-1,1,0,0,0,,1,0,0,"[{'no': 1, 'up_bound': 0, 'low_bound': 0, 'range_id': 0, 'range_label': None}]"
Saving warranty information,データ保存用アイテム,vTCELLOCV[18],45,45,1431,0,1,0x389C31,0x22,0x1F8,mV,0,3,2,2,-1,-1,-1,1,0,0,0,,1,0,0,"[{'no': 1, 'up_bound': 0, 'low_bound': 0, 'range_id': 0, 'range_label': None}]"
Saving warranty information,データ保存用アイテム,vTCELLOCV[19],46,46,1432,0,1,0x389C31,0x22,0x1F9,mV,0,3,2,2,-1,-1,-1,1,0,0,0,,1,0,0,"[{'no': 1, 'up_bound': 0, 'low_bound': 0, 'range_id': 0, 'range_label': None}]"
Saving warranty information,データ保存用アイテム,vTCELLOCV[20],47,47,1433,0,1,0x389C31,0x22,0x1FA,mV,0,3,2,2,-1,-1,-1,1,0,0,0,,1,0,0,"[{'no': 1, 'up_bound': 0, 'low_bound': 0, 'range_id': 0, 'range_label': None}]"
Saving warranty information,データ保存用アイテム,vTCELLOCV[21],48,48,1434,0,1,0x389C31,0x22,0x1FB,mV,0,3,2,2,-1,-1,-1,1,0,0,0,,1,0,0,"[{'no': 1, 'up_bound': 0, 'low_bound': 0, 'range_id': 0, 'range_label': None}]"
Saving warranty information,データ保存用アイテム,vTCELLOCV[22],49,49,1435,0,1,0x389C31,0x22,0x1FC,mV,0,3,2,2,-1,-1,-1,1,0,0,0,,1,0,0,"[{'no': 1, 'up_bound': 0, 'low_bound': 0, 'range_id': 0, 'range_label': None}]"
Saving warranty information,データ保存用アイテム,vTCELLOCV[23],50,50,1436,0,1,0x389C31,0x22,0x1FD,mV,0,3,2,2,-1,-1,-1,1,0,0,0,,1,0,0,"[{'no': 1, 'up_bound': 0, 'low_bound': 0, 'range_id': 0, 'range_label': None}]"
Saving warranty information,データ保存用アイテム,vTCELLOCV[24],51,51,1437,0,1,0x389C31,0x22,0x1FE,mV,0,3,2,2,-1,-1,-1,1,0,0,0,,1,0,0,"[{'no': 1, 'up_bound': 0, 'low_bound': 0, 'range_id': 0, 'range_label': None}]"
Saving warranty information,データ保存用アイテム,vTCELLOCV[25],52,52,1438,0,1,0x389C31,0x22,0x1FF,mV,0,3,2,2,-1,-1,-1,1,0,0,0,,1,0,0,"[{'no': 1, 'up_bound': 0, 'low_bound': 0, 'range_id': 0, 'range_label': None}]"
Saving warranty information,データ保存用アイテム,vTCELLOCV[26],53,53,1439,0,1,0x389C31,0x22,0x200,mV,0,3,2,2,-1,-1,-1,1,0,0,0,,1,0,0,"[{'no': 1, 'up_bound': 0, 'low_bound': 0, 'range_id': 0, 'range_label': None}]"
Saving warranty information,データ保存用アイテム,vTCELLOCV[27],54,54,1440,0,1,0x389C31,0x22,0x201,mV,0,3,2,2,-1,-1,-1,1,0,0,0,,1,0,0,"[{'no': 1, 'up_bound': 0, 'low_bound': 0, 'range_id': 0, 'range_label': None}]"
Saving warranty information,データ保存用アイテム,vTCELLOCV[28],55,55,1441,0,1,0x389C31,0x22,0x202,mV,0,3,2,2,-1,-1,-1,1,0,0,0,,1,0,0,"[{'no': 1, 'up_bound': 0, 'low_bound': 0, 'range_id': 0, 'range_label': None}]"
Saving warranty information,データ保存用アイテム,vTCELLOCV[29],56,56,1442,0,1,0x389C31,0x22,0x203,mV,0,3,2,2,-1,-1,-1,1,0,0,0,,1,0,0,"[{'no': 1, 'up_bound': 0, 'low_bound': 0, 'range_id': 0, 'range_label': None}]"
Saving warranty information,データ保存用アイテム,vTCELLOCV[30],57,57,1443,0,1,0x389C31,0x22,0x204,mV,0,3,2,2,-1,-1,-1,1,0,0,0,,1,0,0,"[{'no': 1, 'up_bound': 0, 'low_bound': 0, 'range_id': 0, 'range_label': None}]"
Saving warranty information,データ保存用アイテム,vTCELLOCV[31],58,58,1444,0,1,0x389C31,0x22,0x205,mV,0,3,2,2,-1,-1,-1,1,0,0,0,,1,0,0,"[{'no': 1, 'up_bound': 0, 'low_bound': 0, 'range_id': 0, 'range_label': None}]"
Saving warranty information,データ保存用アイテム,vTCELLOCV[32],59,59,1445,0,1,0x389C31,0x22,0x206,mV,0,3,2,2,-1,-1,-1,1,0,0,0,,1,0,0,"[{'no': 1, 'up_bound': 0, 'low_bound': 0, 'range_id': 0, 'range_label': None}]"
Saving warranty information,データ保存用アイテム,vTCELLOCV[33],60,60,1446,0,1,0x389C31,0x22,0x207,mV,0,3,2,2,-1,-1,-1,1,0,0,0,,1,0,0,"[{'no': 1, 'up_bound': 0, 'low_bound': 0, 'range_id': 0, 'range_label': None}]"
Saving warranty information,データ保存用アイテム,vTCELLOCV[34],61,61,1447,0,1,0x389C31,0x22,0x208,mV,0,3,2,2,-1,-1,-1,1,0,0,0,,1,0,0,"[{'no': 1, 'up_bound': 0, 'low_bound': 0, 'range_id': 0, 'range_label': None}]"
Saving warranty information,データ保存用アイテム,vTCELLOCV[35],62,62,1448,0,1,0x389C31,0x22,0x209,mV,0,3,2,2,-1,-1,-1,1,0,0,0,,1,0,0,"[{'no': 1, 'up_bound': 0, 'low_bound': 0, 'range_id': 0, 'range_label': None}]"
Saving warranty information,データ保存用アイテム,vTCELLOCV[36],63,63,1449,0,1,0x389C31,0x22,0x20A,mV,0,3,2,2,-1,-1,-1,1,0,0,0,,1,0,0,"[{'no': 1, 'up_bound': 0, 'low_bound': 0, 'range_id': 0, 'range_label': None}]"
Saving warranty information,データ保存用アイテム,vTCELLOCV[37],64,64,1450,0,1,0x389C31,0x22,0x20B,mV,0,3,2,2,-1,-1,-1,1,0,0,0,,1,0,0,"[{'no': 1, 'up_bound': 0, 'low_bound': 0, 'range_id': 0, 'range_label': None}]"
Saving warranty information,データ保存用アイテム,vTCELLOCV[38],65,65,1451,0,1,0x389C31,0x22,0x20C,mV,0,3,2,2,-1,-1,-1,1,0,0,0,,1,0,0,"[{'no': 1, 'up_bound': 0, 'low_bound': 0, 'range_id': 0, 'range_label': None}]"
Saving warranty information,データ保存用アイテム,vTCELLOCV[39],66,66,1452,0,1,0x389C31,0x22,0x20D,mV,0,3,2,2,-1,-1,-1,1,0,0,0,,1,0,0,"[{'no': 1, 'up_bound': 0, 'low_bound': 0, 'range_id': 0, 'range_label': None}]"
Saving warranty information,データ保存用アイテム,vTCELLOCV[40],67,67,1453,0,1,0x389C31,0x22,0x20E,mV,0,3,2,2,-1,-1,-1,1,0,0,0,,1,0,0,"[{'no': 1, 'up_bound': 0, 'low_bound': 0, 'range_id': 0, 'range_label': None}]"
Saving warranty information,データ保存用アイテム,vTCELLOCV[41],68,68,1454,0,1,0x389C31,0x22,0x20F,mV,0,3,2,2,-1,-1,-1,1,0,0,0,,1,0,0,"[{'no': 1, 'up_bound': 0, 'low_bound': 0, 'range_id': 0, 'range_label': None}]"
Saving warranty information,データ保存用アイテム,vTCELLOCV[42],69,69,1455,0,1,0x389C31,0x22,0x210,mV,0,3,2,2,-1,-1,-1,1,0,0,0,,1,0,0,"[{'no': 1, 'up_bound': 0, 'low_bound': 0, 'range_id': 0, 'range_label': None}]"
Saving warranty information,データ保存用アイテム,vTCELLOCV[43],70,70,1456,0,1,0x389C31,0x22,0x211,mV,0,3,2,2,-1,-1,-1,1,0,0,0,,1,0,0,"[{'no': 1, 'up_bound': 0, 'low_bound': 0, 'range_id': 0, 'range_label': None}]"
Saving warranty information,データ保存用アイテム,vTCELLOCV[44],71,71,1457,0,1,0x389C31,0x22,0x212,mV,0,3,2,2,-1,-1,-1,1,0,0,0,,1,0,0,"[{'no': 1, 'up_bound': 0, 'low_bound': 0, 'range_id': 0, 'range_label': None}]"
Saving warranty information,データ保存用アイテム,vTCELLOCV[45],72,72,1458,0,1,0x389C31,0x22,0x213,mV,0,3,2,2,-1,-1,-1,1,0,0,0,,1,0,0,"[{'no': 1, 'up_bound': 0, 'low_bound': 0, 'range_id': 0, 'range_label': None}]"
Saving warranty information,データ保存用アイテム,vTCELLOCV[46],73,73,1459,0,1,0x389C31,0x22,0x214,mV,0,3,2,2,-1,-1,-1,1,0,0,0,,1,0,0,"[{'no': 1, 'up_bound': 0, 'low_bound': 0, 'range_id': 0, 'range_label': None}]"
Saving warranty information,データ保存用アイテム,vTCELLOCV[47],74,74,1460,0,1,0x389C31,0x22,0x215,mV,0,3,2,2,-1,-1,-1,1,0,0,0,,1,0,0,"[{'no': 1, 'up_bound': 0, 'low_bound': 0, 'range_id': 0, 'range_label': None}]"
Saving warranty information,データ保存用アイテム,vTCELLOCV[48],75,75,1461,0,1,0x389C31,0x22,0x216,mV,0,3,2,2,-1,-1,-1,1,0,0,0,,1,0,0,"[{'no': 1, 'up_bound': 0, 'low_bound': 0, 'range_id': 0, 'range_label': None}]"
Saving warranty information,データ保存用アイテム,vTCELLOCV[49],76,76,1462,0,1,0x389C31,0x22,0x217,mV,0,3,2,2,-1,-1,-1,1,0,0,0,,1,0,0,"[{'no': 1, 'up_bound': 0, 'low_bound': 0, 'range_id': 0, 'range_label': None}]"
Saving warranty information,データ保存用アイテム,vTCELLOCV[50],77,77,1463,0,1,0x389C31,0x22,0x218,mV,0,3,2,2,-1,-1,-1,1,0,0,0,,1,0,0,"[{'no': 1, 'up_bound': 0, 'low_bound': 0, 'range_id': 0, 'range_label': None}]"
Saving warranty information,データ保存用アイテム,vTCELLOCV[51],78,78,1464,0,1,0x389C31,0x22,0x219,mV,0,3,2,2,-1,-1,-1,1,0,0,0,,1,0,0,"[{'no': 1, 'up_bound': 0, 'low_bound': 0, 'range_id': 0, 'range_label': None}]"
Saving warranty information,データ保存用アイテム,vTCELLOCV[52],79,79,1465,0,1,0x389C31,0x22,0x21A,mV,0,3,2,2,-1,-1,-1,1,0,0,0,,1,0,0,"[{'no': 1, 'up_bound': 0, 'low_bound': 0, 'range_id': 0, 'range_label': None}]"
Saving warranty information,データ保存用アイテム,vTCELLOCV[53],80,80,1466,0,1,0x389C31,0x22,0x21B,mV,0,3,2,2,-1,-1,-1,1,0,0,0,,1,0,0,"[{'no': 1, 'up_bound': 0, 'low_bound': 0, 'range_id': 0, 'range_label': None}]"
Saving warranty information,データ保存用アイテム,vTCELLOCV[54],81,81,1467,0,1,0x389C31,0x22,0x21C,mV,0,3,2,2,-1,-1,-1,1,0,0,0,,1,0,0,"[{'no': 1, 'up_bound': 0, 'low_bound': 0, 'range_id': 0, 'range_label': None}]"
Saving warranty information,データ保存用アイテム,vTCELLOCV[55],82,82,1468,0,1,0x389C31,0x22,0x21D,mV,0,3,2,2,-1,-1,-1,1,0,0,0,,1,0,0,"[{'no': 1, 'up_bound': 0, 'low_bound': 0, 'range_id': 0, 'range_label': None}]"
Saving warranty information,データ保存用アイテム,vTCELLOCV[56],83,83,1469,0,1,0x389C31,0x22,0x21E,mV,0,3,2,2,-1,-1,-1,1,0,0,0,,1,0,0,"[{'no': 1, 'up_bound': 0, 'low_bound': 0, 'range_id': 0, 'range_label': None}]"
Saving warranty information,データ保存用アイテム,vTCELLOCV[57],84,84,1470,0,1,0x389C31,0x22,0x21F,mV,0,3,2,2,-1,-1,-1,1,0,0,0,,1,0,0,"[{'no': 1, 'up_bound': 0, 'low_bound': 0, 'range_id': 0, 'range_label': None}]"
Saving warranty information,データ保存用アイテム,vTCELLOCV[58],85,85,1471,0,1,0x389C31,0x22,0x220,mV,0,3,2,2,-1,-1,-1,1,0,0,0,,1,0,0,"[{'no': 1, 'up_bound': 0, 'low_bound': 0, 'range_id': 0, 'range_label': None}]"
Saving warranty information,データ保存用アイテム,vTCELLOCV[59],86,86,1472,0,1,0x389C31,0x22,0x221,mV,0,3,2,2,-1,-1,-1,1,0,0,0,,1,0,0,"[{'no': 1, 'up_bound': 0, 'low_bound': 0, 'range_id': 0, 'range_label': None}]"
Saving warranty information,データ保存用アイテム,vTCELLOCV[60],87,87,1473,0,1,0x389C31,0x22,0x222,mV,0,3,2,2,-1,-1,-1,1,0,0,0,,1,0,0,"[{'no': 1, 'up_bound': 0, 'low_bound': 0, 'range_id': 0, 'range_label': None}]"
Saving warranty information,データ保存用アイテム,vTCELLOCV[61],88,88,1474,0,1,0x389C31,0x22,0x223,mV,0,3,2,2,-1,-1,-1,1,0,0,0,,1,0,0,"[{'no': 1, 'up_bound': 0, 'low_bound': 0, 'range_id': 0, 'range_label': None}]"
Saving warranty information,データ保存用アイテム,vTCELLOCV[62],89,89,1475,0,1,0x389C31,0x22,0x224,mV,0,3,2,2,-1,-1,-1,1,0,0,0,,1,0,0,"[{'no': 1, 'up_bound': 0, 'low_bound': 0, 'range_id': 0, 'range_label': None}]"
Saving warranty information,データ保存用アイテム,vSOH_BASE,90,90,1476,0,1,0x389C31,0x22,0x225,,0,3,2,2,-1,-1,-1,1,0,0,0,,0.0001,0,2,"[{'no': 1, 'up_bound': 0, 'low_bound': 0, 'range_id': 0, 'range_label': None}]"
Saving warranty information,データ保存用アイテム,vSTORAGETIME_LIFE,91,91,1477,0,1,0x389C31,0x22,0x226,sec,0,3,4,2,-1,-1,-1,1,0,0,0,,1,0,0,"[{'no': 1, 'up_bound': 0, 'low_bound': 0, 'range_id': 0, 'range_label': None}]"
Saving warranty information,データ保存用アイテム,vSTORAGETIME_LIFE_OLD,92,92,1478,0,1,0x389C31,0x22,0x227,sec,0,3,4,2,-1,-1,-1,1,0,0,0,,1,0,0,"[{'no': 1, 'up_bound': 0, 'low_bound': 0, 'range_id': 0, 'range_label': None}]"
Saving warranty information,データ保存用アイテム,vSOH_ADJ_OLD,93,93,1479,0,1,0x389C31,0x22,0x228,,0,3,2,2,-1,-1,-1,1,0,0,0,,0.0001,0,2,"[{'no': 1, 'up_bound': 0, 'low_bound': 0, 'range_id': 0, 'range_label': None}]"
Saving warranty information,データ保存用アイテム,vDTB_LATEST,94,94,1480,0,1,0x389C31,0x22,0x229,degC,0,3,1,2,-1,-1,-1,1,0,0,0,,1,0,0,"[{'no': 1, 'up_bound': 0, 'low_bound': 0, 'range_id': 0, 'range_label': None}]"
Saving warranty information,データ保存用アイテム,vCANSOC_LATEST,95,95,1481,0,1,0x389C31,0x22,0x22A,%,0,3,4,2,-1,-1,-1,1,0,0,0,,0.0001,0,2,"[{'no': 1, 'up_bound': 0, 'low_bound': 0, 'range_id': 0, 'range_label': None}]"
Saving warranty information,データ保存用アイテム,vSTORAGETIME_SOC_WEI_LIFE,96,96,1482,0,1,0x389C31,0x22,0x22B,sec,0,3,4,2,-1,-1,-1,1,0,0,0,,1,0,0,"[{'no': 1, 'up_bound': 0, 'low_bound': 0, 'range_id': 0, 'range_label': None}]"
Saving warranty information,データ保存用アイテム,vSTORAGETIME_T_WEI_LIFE,97,97,1483,0,1,0x389C31,0x22,0x22C,sec,0,3,4,2,-1,-1,-1,1,0,0,0,,1,0,0,"[{'no': 1, 'up_bound': 0, 'low_bound': 0, 'range_id': 0, 'range_label': None}]"
Saving warranty information,データ保存用アイテム,vSTORAGETIME_WEI_LIFE,98,98,1484,0,1,0x389C31,0x22,0x22D,sec,0,3,4,2,-1,-1,-1,1,0,0,0,,1,0,0,"[{'no': 1, 'up_bound': 0, 'low_bound': 0, 'range_id': 0, 'range_label': None}]"
Saving warranty information,データ保存用アイテム,vCYCLETIME_LIFE,99,99,1485,0,1,0x389C31,0x22,0x22E,sec,0,3,4,2,-1,-1,-1,1,0,0,0,,1,0,0,"[{'no': 1, 'up_bound': 0, 'low_bound': 0, 'range_id': 0, 'range_label': None}]"
Saving warranty information,データ保存用アイテム,vCYCLETIME_WEI_LIFE,100,100,1486,0,1,0x389C31,0x22,0x22F,sec,0,3,4,2,-1,-1,-1,1,0,0,0,,1,0,0,"[{'no': 1, 'up_bound': 0, 'low_bound': 0, 'range_id': 0, 'range_label': None}]"
Saving warranty information,データ保存用アイテム,vCYCLEAH_LIFE,101,101,1487,0,1,0x389C31,0x22,0x230,Ah,0,3,4,2,-1,-1,-1,1,0,0,0,,0.001,0,2,"[{'no': 1, 'up_bound': 0, 'low_bound': 0, 'range_id': 0, 'range_label': None}]"
Saving warranty information,データ保存用アイテム,vSOH_BASE_CYCLE,102,102,1488,0,1,0x389C31,0x22,0x231,,0,3,2,2,-1,-1,-1,1,0,0,0,,0.0001,0,2,"[{'no': 1, 'up_bound': 0, 'low_bound': 0, 'range_id': 0, 'range_label': None}]"
Saving warranty information,データ保存用アイテム,vSOH_BASE_STORAGE,103,103,1489,0,1,0x389C31,0x22,0x232,,0,3,2,2,-1,-1,-1,1,0,0,0,,0.0001,0,2,"[{'no': 1, 'up_bound': 0, 'low_bound': 0, 'range_id': 0, 'range_label': None}]"
Saving warranty information,データ保存用アイテム,vREV_AVESOH,104,104,1490,0,1,0x389C31,0x22,0x233,,0,3,2,2,-1,-1,-1,1,0,0,0,,0.0001,0,2,"[{'no': 1, 'up_bound': 0, 'low_bound': 0, 'range_id': 0, 'range_label': None}]"
Saving warranty information,データ保存用アイテム,vREV_MINSOH,105,105,1491,0,1,0x389C31,0x22,0x234,,0,3,2,2,-1,-1,-1,1,0,0,0,,0.0001,0,2,"[{'no': 1, 'up_bound': 0, 'low_bound': 0, 'range_id': 0, 'range_label': None}]"
Saving warranty information,データ保存用アイテム,vREL_WT[0],106,106,1492,0,1,0x389C31,0x22,0x235,,0,3,2,2,-1,-1,-1,1,0,0,0,,0.0001,0,2,"[{'no': 1, 'up_bound': 0, 'low_bound': 0, 'range_id': 0, 'range_label': None}]"
Saving warranty information,データ保存用アイテム,vREL_WT[1],107,107,1493,0,1,0x389C31,0x22,0x236,,0,3,2,2,-1,-1,-1,1,0,0,0,,0.0001,0,2,"[{'no': 1, 'up_bound': 0, 'low_bound': 0, 'range_id': 0, 'range_label': None}]"
Saving warranty information,データ保存用アイテム,vREL_WT[2],108,108,1494,0,1,0x389C31,0x22,0x237,,0,3,2,2,-1,-1,-1,1,0,0,0,,0.0001,0,2,"[{'no': 1, 'up_bound': 0, 'low_bound': 0, 'range_id': 0, 'range_label': None}]"
Saving warranty information,データ保存用アイテム,vREL_WT[3],109,109,1495,0,1,0x389C31,0x22,0x238,,0,3,2,2,-1,-1,-1,1,0,0,0,,0.0001,0,2,"[{'no': 1, 'up_bound': 0, 'low_bound': 0, 'range_id': 0, 'range_label': None}]"
Saving warranty information,データ保存用アイテム,vREL_WT[4],110,110,1496,0,1,0x389C31,0x22,0x239,,0,3,2,2,-1,-1,-1,1,0,0,0,,0.0001,0,2,"[{'no': 1, 'up_bound': 0, 'low_bound': 0, 'range_id': 0, 'range_label': None}]"
Saving warranty information,データ保存用アイテム,vREL_WT[5],111,111,1497,0,1,0x389C31,0x22,0x23A,,0,3,2,2,-1,-1,-1,1,0,0,0,,0.0001,0,2,"[{'no': 1, 'up_bound': 0, 'low_bound': 0, 'range_id': 0, 'range_label': None}]"
Saving warranty information,データ保存用アイテム,vREL_WT[6],112,112,1498,0,1,0x389C31,0x22,0x23B,,0,3,2,2,-1,-1,-1,1,0,0,0,,0.0001,0,2,"[{'no': 1, 'up_bound': 0, 'low_bound': 0, 'range_id': 0, 'range_label': None}]"
Saving warranty information,データ保存用アイテム,vREL_WT[7],113,113,1499,0,1,0x389C31,0x22,0x23C,,0,3,2,2,-1,-1,-1,1,0,0,0,,0.0001,0,2,"[{'no': 1, 'up_bound': 0, 'low_bound': 0, 'range_id': 0, 'range_label': None}]"
Saving warranty information,データ保存用アイテム,vREL_WT[8],114,114,1500,0,1,0x389C31,0x22,0x23D,,0,3,2,2,-1,-1,-1,1,0,0,0,,0.0001,0,2,"[{'no': 1, 'up_bound': 0, 'low_bound': 0, 'range_id': 0, 'range_label': None}]"
Saving warranty information,データ保存用アイテム,vREL_WT[9],115,115,1501,0,1,0x389C31,0x22,0x23E,,0,3,2,2,-1,-1,-1,1,0,0,0,,0.0001,0,2,"[{'no': 1, 'up_bound': 0, 'low_bound': 0, 'range_id': 0, 'range_label': None}]"
Saving warranty information,データ保存用アイテム,vREL_WT[10],116,116,1502,0,1,0x389C31,0x22,0x23F,,0,3,2,2,-1,-1,-1,1,0,0,0,,0.0001,0,2,"[{'no': 1, 'up_bound': 0, 'low_bound': 0, 'range_id': 0, 'range_label': None}]"
Saving warranty information,データ保存用アイテム,vREL_WT[11],117,117,1503,0,1,0x389C31,0x22,0x240,,0,3,2,2,-1,-1,-1,1,0,0,0,,0.0001,0,2,"[{'no': 1, 'up_bound': 0, 'low_bound': 0, 'range_id': 0, 'range_label': None}]"
Saving warranty information,データ保存用アイテム,vREL_WT[12],118,118,1504,0,1,0x389C31,0x22,0x241,,0,3,2,2,-1,-1,-1,1,0,0,0,,0.0001,0,2,"[{'no': 1, 'up_bound': 0, 'low_bound': 0, 'range_id': 0, 'range_label': None}]"
Saving warranty information,データ保存用アイテム,vREL_WT[13],119,119,1505,0,1,0x389C31,0x22,0x242,,0,3,2,2,-1,-1,-1,1,0,0,0,,0.0001,0,2,"[{'no': 1, 'up_bound': 0, 'low_bound': 0, 'range_id': 0, 'range_label': None}]"
Saving warranty information,データ保存用アイテム,vREL_WT[14],120,120,1506,0,1,0x389C31,0x22,0x243,,0,3,2,2,-1,-1,-1,1,0,0,0,,0.0001,0,2,"[{'no': 1, 'up_bound': 0, 'low_bound': 0, 'range_id': 0, 'range_label': None}]"
Saving warranty information,データ保存用アイテム,vREL_WT[15],121,121,1507,0,1,0x389C31,0x22,0x244,,0,3,2,2,-1,-1,-1,1,0,0,0,,0.0001,0,2,"[{'no': 1, 'up_bound': 0, 'low_bound': 0, 'range_id': 0, 'range_label': None}]"
Saving warranty information,データ保存用アイテム,vREL_WT[16],122,122,1508,0,1,0x389C31,0x22,0x245,,0,3,2,2,-1,-1,-1,1,0,0,0,,0.0001,0,2,"[{'no': 1, 'up_bound': 0, 'low_bound': 0, 'range_id': 0, 'range_label': None}]"
Saving warranty information,データ保存用アイテム,vREL_WT[17],123,123,1509,0,1,0x389C31,0x22,0x246,,0,3,2,2,-1,-1,-1,1,0,0,0,,0.0001,0,2,"[{'no': 1, 'up_bound': 0, 'low_bound': 0, 'range_id': 0, 'range_label': None}]"
Saving warranty information,データ保存用アイテム,vREL_WT[18],124,124,1510,0,1,0x389C31,0x22,0x247,,0,3,2,2,-1,-1,-1,1,0,0,0,,0.0001,0,2,"[{'no': 1, 'up_bound': 0, 'low_bound': 0, 'range_id': 0, 'range_label': None}]"
Saving warranty information,データ保存用アイテム,vREL_WT[19],125,125,1511,0,1,0x389C31,0x22,0x248,,0,3,2,2,-1,-1,-1,1,0,0,0,,0.0001,0,2,"[{'no': 1, 'up_bound': 0, 'low_bound': 0, 'range_id': 0, 'range_label': None}]"
Saving warranty information,データ保存用アイテム,vSOH_ERR[0],126,126,1512,0,1,0x389C31,0x22,0x249,,0,3,2,2,-1,-1,-1,1,0,0,0,,0.0001,0,2,"[{'no': 1, 'up_bound': 0, 'low_bound': 0, 'range_id': 0, 'range_label': None}]"
Saving warranty information,データ保存用アイテム,vSOH_ERR[1],127,127,1513,0,1,0x389C31,0x22,0x24A,,0,3,2,2,-1,-1,-1,1,0,0,0,,0.0001,0,2,"[{'no': 1, 'up_bound': 0, 'low_bound': 0, 'range_id': 0, 'range_label': None}]"
Saving warranty information,データ保存用アイテム,vSOH_ERR[2],128,128,1514,0,1,0x389C31,0x22,0x24B,,0,3,2,2,-1,-1,-1,1,0,0,0,,0.0001,0,2,"[{'no': 1, 'up_bound': 0, 'low_bound': 0, 'range_id': 0, 'range_label': None}]"
Saving warranty information,データ保存用アイテム,vSOH_ERR[3],129,129,1515,0,1,0x389C31,0x22,0x24C,,0,3,2,2,-1,-1,-1,1,0,0,0,,0.0001,0,2,"[{'no': 1, 'up_bound': 0, 'low_bound': 0, 'range_id': 0, 'range_label': None}]"
Saving warranty information,データ保存用アイテム,vSOH_ERR[4],130,130,1516,0,1,0x389C31,0x22,0x24D,,0,3,2,2,-1,-1,-1,1,0,0,0,,0.0001,0,2,"[{'no': 1, 'up_bound': 0, 'low_bound': 0, 'range_id': 0, 'range_label': None}]"
Saving warranty information,データ保存用アイテム,vSOH_ERR[5],131,131,1517,0,1,0x389C31,0x22,0x24E,,0,3,2,2,-1,-1,-1,1,0,0,0,,0.0001,0,2,"[{'no': 1, 'up_bound': 0, 'low_bound': 0, 'range_id': 0, 'range_label': None}]"
Saving warranty information,データ保存用アイテム,vSOH_ERR[6],132,132,1518,0,1,0x389C31,0x22,0x24F,,0,3,2,2,-1,-1,-1,1,0,0,0,,0.0001,0,2,"[{'no': 1, 'up_bound': 0, 'low_bound': 0, 'range_id': 0, 'range_label': None}]"
Saving warranty information,データ保存用アイテム,vSOH_ERR[7],133,133,1519,0,1,0x389C31,0x22,0x250,,0,3,2,2,-1,-1,-1,1,0,0,0,,0.0001,0,2,"[{'no': 1, 'up_bound': 0, 'low_bound': 0, 'range_id': 0, 'range_label': None}]"
Saving warranty information,データ保存用アイテム,vSOH_ERR[8],134,134,1520,0,1,0x389C31,0x22,0x251,,0,3,2,2,-1,-1,-1,1,0,0,0,,0.0001,0,2,"[{'no': 1, 'up_bound': 0, 'low_bound': 0, 'range_id': 0, 'range_label': None}]"
Saving warranty information,データ保存用アイテム,vSOH_ERR[9],135,135,1521,0,1,0x389C31,0x22,0x252,,0,3,2,2,-1,-1,-1,1,0,0,0,,0.0001,0,2,"[{'no': 1, 'up_bound': 0, 'low_bound': 0, 'range_id': 0, 'range_label': None}]"
Saving warranty information,データ保存用アイテム,vSOH_ERR[10],136,136,1522,0,1,0x389C31,0x22,0x253,,0,3,2,2,-1,-1,-1,1,0,0,0,,0.0001,0,2,"[{'no': 1, 'up_bound': 0, 'low_bound': 0, 'range_id': 0, 'range_label': None}]"
Saving warranty information,データ保存用アイテム,vSOH_ERR[11],137,137,1523,0,1,0x389C31,0x22,0x254,,0,3,2,2,-1,-1,-1,1,0,0,0,,0.0001,0,2,"[{'no': 1, 'up_bound': 0, 'low_bound': 0, 'range_id': 0, 'range_label': None}]"
Saving warranty information,データ保存用アイテム,vSOH_ERR[12],138,138,1524,0,1,0x389C31,0x22,0x255,,0,3,2,2,-1,-1,-1,1,0,0,0,,0.0001,0,2,"[{'no': 1, 'up_bound': 0, 'low_bound': 0, 'range_id': 0, 'range_label': None}]"
Saving warranty information,データ保存用アイテム,vSOH_ERR[13],139,139,1525,0,1,0x389C31,0x22,0x256,,0,3,2,2,-1,-1,-1,1,0,0,0,,0.0001,0,2,"[{'no': 1, 'up_bound': 0, 'low_bound': 0, 'range_id': 0, 'range_label': None}]"
Saving warranty information,データ保存用アイテム,vSOH_ERR[14],140,140,1526,0,1,0x389C31,0x22,0x257,,0,3,2,2,-1,-1,-1,1,0,0,0,,0.0001,0,2,"[{'no': 1, 'up_bound': 0, 'low_bound': 0, 'range_id': 0, 'range_label': None}]"
Saving warranty information,データ保存用アイテム,vSOH_ERR[15],141,141,1527,0,1,0x389C31,0x22,0x258,,0,3,2,2,-1,-1,-1,1,0,0,0,,0.0001,0,2,"[{'no': 1, 'up_bound': 0, 'low_bound': 0, 'range_id': 0, 'range_label': None}]"
Saving warranty information,データ保存用アイテム,vSOH_ERR[16],142,142,1528,0,1,0x389C31,0x22,0x259,,0,3,2,2,-1,-1,-1,1,0,0,0,,0.0001,0,2,"[{'no': 1, 'up_bound': 0, 'low_bound': 0, 'range_id': 0, 'range_label': None}]"
Saving warranty information,データ保存用アイテム,vSOH_ERR[17],143,143,1529,0,1,0x389C31,0x22,0x25A,,0,3,2,2,-1,-1,-1,1,0,0,0,,0.0001,0,2,"[{'no': 1, 'up_bound': 0, 'low_bound': 0, 'range_id': 0, 'range_label': None}]"
Saving warranty information,データ保存用アイテム,vSOH_ERR[18],144,144,1530,0,1,0x389C31,0x22,0x25B,,0,3,2,2,-1,-1,-1,1,0,0,0,,0.0001,0,2,"[{'no': 1, 'up_bound': 0, 'low_bound': 0, 'range_id': 0, 'range_label': None}]"
Saving warranty information,データ保存用アイテム,vSOH_ERR[19],145,145,1531,0,1,0x389C31,0x22,0x25C,,0,3,2,2,-1,-1,-1,1,0,0,0,,0.0001,0,2,"[{'no': 1, 'up_bound': 0, 'low_bound': 0, 'range_id': 0, 'range_label': None}]"
Saving warranty information,データ保存用アイテム,vSOH_DEV[0],146,146,1532,0,1,0x389C31,0x22,0x25D,,0,3,2,2,-1,-1,-1,1,0,0,0,,0.0001,0,2,"[{'no': 1, 'up_bound': 0, 'low_bound': 0, 'range_id': 0, 'range_label': None}]"
Saving warranty information,データ保存用アイテム,vSOH_DEV[1],147,147,1533,0,1,0x389C31,0x22,0x25E,,0,3,2,2,-1,-1,-1,1,0,0,0,,0.0001,0,2,"[{'no': 1, 'up_bound': 0, 'low_bound': 0, 'range_id': 0, 'range_label': None}]"
Saving warranty information,データ保存用アイテム,vSOH_DEV[2],148,148,1534,0,1,0x389C31,0x22,0x25F,,0,3,2,2,-1,-1,-1,1,0,0,0,,0.0001,0,2,"[{'no': 1, 'up_bound': 0, 'low_bound': 0, 'range_id': 0, 'range_label': None}]"
Saving warranty information,データ保存用アイテム,vSOH_DEV[3],149,149,1535,0,1,0x389C31,0x22,0x260,,0,3,2,2,-1,-1,-1,1,0,0,0,,0.0001,0,2,"[{'no': 1, 'up_bound': 0, 'low_bound': 0, 'range_id': 0, 'range_label': None}]"
Saving warranty information,データ保存用アイテム,vSOH_DEV[4],150,150,1536,0,1,0x389C31,0x22,0x261,,0,3,2,2,-1,-1,-1,1,0,0,0,,0.0001,0,2,"[{'no': 1, 'up_bound': 0, 'low_bound': 0, 'range_id': 0, 'range_label': None}]"
Saving warranty information,データ保存用アイテム,vSOH_DEV[5],151,151,1537,0,1,0x389C31,0x22,0x262,,0,3,2,2,-1,-1,-1,1,0,0,0,,0.0001,0,2,"[{'no': 1, 'up_bound': 0, 'low_bound': 0, 'range_id': 0, 'range_label': None}]"
Saving warranty information,データ保存用アイテム,vSOH_DEV[6],152,152,1538,0,1,0x389C31,0x22,0x263,,0,3,2,2,-1,-1,-1,1,0,0,0,,0.0001,0,2,"[{'no': 1, 'up_bound': 0, 'low_bound': 0, 'range_id': 0, 'range_label': None}]"
Saving warranty information,データ保存用アイテム,vSOH_DEV[7],153,153,1539,0,1,0x389C31,0x22,0x264,,0,3,2,2,-1,-1,-1,1,0,0,0,,0.0001,0,2,"[{'no': 1, 'up_bound': 0, 'low_bound': 0, 'range_id': 0, 'range_label': None}]"
Saving warranty information,データ保存用アイテム,vSOH_DEV[8],154,154,1540,0,1,0x389C31,0x22,0x265,,0,3,2,2,-1,-1,-1,1,0,0,0,,0.0001,0,2,"[{'no': 1, 'up_bound': 0, 'low_bound': 0, 'range_id': 0, 'range_label': None}]"
Saving warranty information,データ保存用アイテム,vSOH_DEV[9],155,155,1541,0,1,0x389C31,0x22,0x266,,0,3,2,2,-1,-1,-1,1,0,0,0,,0.0001,0,2,"[{'no': 1, 'up_bound': 0, 'low_bound': 0, 'range_id': 0, 'range_label': None}]"
Saving warranty information,データ保存用アイテム,vSOH_DEV[10],156,156,1542,0,1,0x389C31,0x22,0x267,,0,3,2,2,-1,-1,-1,1,0,0,0,,0.0001,0,2,"[{'no': 1, 'up_bound': 0, 'low_bound': 0, 'range_id': 0, 'range_label': None}]"
Saving warranty information,データ保存用アイテム,vSOH_DEV[11],157,157,1543,0,1,0x389C31,0x22,0x268,,0,3,2,2,-1,-1,-1,1,0,0,0,,0.0001,0,2,"[{'no': 1, 'up_bound': 0, 'low_bound': 0, 'range_id': 0, 'range_label': None}]"
Saving warranty information,データ保存用アイテム,vSOH_DEV[12],158,158,1544,0,1,0x389C31,0x22,0x269,,0,3,2,2,-1,-1,-1,1,0,0,0,,0.0001,0,2,"[{'no': 1, 'up_bound': 0, 'low_bound': 0, 'range_id': 0, 'range_label': None}]"
Saving warranty information,データ保存用アイテム,vSOH_DEV[13],159,159,1545,0,1,0x389C31,0x22,0x26A,,0,3,2,2,-1,-1,-1,1,0,0,0,,0.0001,0,2,"[{'no': 1, 'up_bound': 0, 'low_bound': 0, 'range_id': 0, 'range_label': None}]"
Saving warranty information,データ保存用アイテム,vSOH_DEV[14],160,160,1546,0,1,0x389C31,0x22,0x26B,,0,3,2,2,-1,-1,-1,1,0,0,0,,0.0001,0,2,"[{'no': 1, 'up_bound': 0, 'low_bound': 0, 'range_id': 0, 'range_label': None}]"
Saving warranty information,データ保存用アイテム,vSOH_DEV[15],161,161,1547,0,1,0x389C31,0x22,0x26C,,0,3,2,2,-1,-1,-1,1,0,0,0,,0.0001,0,2,"[{'no': 1, 'up_bound': 0, 'low_bound': 0, 'range_id': 0, 'range_label': None}]"
Saving warranty information,データ保存用アイテム,vSOH_DEV[16],162,162,1548,0,1,0x389C31,0x22,0x26D,,0,3,2,2,-1,-1,-1,1,0,0,0,,0.0001,0,2,"[{'no': 1, 'up_bound': 0, 'low_bound': 0, 'range_id': 0, 'range_label': None}]"
Saving warranty information,データ保存用アイテム,vSOH_DEV[17],163,163,1549,0,1,0x389C31,0x22,0x26E,,0,3,2,2,-1,-1,-1,1,0,0,0,,0.0001,0,2,"[{'no': 1, 'up_bound': 0, 'low_bound': 0, 'range_id': 0, 'range_label': None}]"
Saving warranty information,データ保存用アイテム,vSOH_DEV[18],164,164,1550,0,1,0x389C31,0x22,0x26F,,0,3,2,2,-1,-1,-1,1,0,0,0,,0.0001,0,2,"[{'no': 1, 'up_bound': 0, 'low_bound': 0, 'range_id': 0, 'range_label': None}]"
Saving warranty information,データ保存用アイテム,vSOH_DEV[19],165,165,1551,0,1,0x389C31,0x22,0x270,,0,3,2,2,-1,-1,-1,1,0,0,0,,0.0001,0,2,"[{'no': 1, 'up_bound': 0, 'low_bound': 0, 'range_id': 0, 'range_label': None}]"
Saving warranty information,データ保存用アイテム,vSOH_BASE_MIN,166,166,1552,0,1,0x389C31,0x22,0x271,,0,3,2,2,-1,-1,-1,1,0,0,0,,0.0001,0,2,"[{'no': 1, 'up_bound': 0, 'low_bound': 0, 'range_id': 0, 'range_label': None}]"
Saving warranty information,データ保存用アイテム,vREV_AVESOH_OLD,167,167,1553,0,1,0x389C31,0x22,0x272,,0,3,2,2,-1,-1,-1,1,0,0,0,,0.0001,0,2,"[{'no': 1, 'up_bound': 0, 'low_bound': 0, 'range_id': 0, 'range_label': None}]"
Saving warranty information,データ保存用アイテム,vSOH_ADJ_MIN_OLD,168,168,1554,0,1,0x389C31,0x22,0x273,,0,3,2,2,-1,-1,-1,1,0,0,0,,0.0001,0,2,"[{'no': 1, 'up_bound': 0, 'low_bound': 0, 'range_id': 0, 'range_label': None}]"
Saving warranty information,データ保存用アイテム,cODODEC,169,169,1555,0,1,0x389C31,0x22,0x276,,0,3,1,2,-1,-1,-1,1,0,0,0,,1,0,0,"[{'no': 1, 'up_bound': 0, 'low_bound': 0, 'range_id': 0, 'range_label': None}]"
Saving warranty information,データ保存用アイテム,vODOINTG,170,170,1556,0,1,0x389C31,0x22,0x277,km,0,3,4,2,-1,-1,-1,1,0,0,0,,0.01,0,2,"[{'no': 1, 'up_bound': 0, 'low_bound': 0, 'range_id': 0, 'range_label': None}]"
Saving warranty information,データ保存用アイテム,vENTDATE,171,171,1557,0,1,0x389C31,0x22,0x274,,0,3,2,2,-1,-1,-1,1,0,0,0,,1,0,0,"[{'no': 1, 'up_bound': 0, 'low_bound': 0, 'range_id': 0, 'range_label': None}]"
Saving warranty information,データ保存用アイテム,vACTIME_MIN_BU,172,172,1558,0,1,0x389C31,0x22,0xDA70,min,0,3,4,2,-1,-1,-1,1,0,0,0,,1,0,0,"[{'no': 1, 'up_bound': 0, 'low_bound': 0, 'range_id': 0, 'range_label': None}]"
Saving warranty information,データ保存用アイテム,vMAXSDGAC_BU[0][0],173,173,1559,0,1,0x389C31,0x22,0xDA70,min,0,7,4,2,-1,-1,-1,1,0,0,0,,1,0,0,"[{'no': 1, 'up_bound': 0, 'low_bound': 0, 'range_id': 0, 'range_label': None}]"
Saving warranty information,データ保存用アイテム,vMAXSDGAC_BU[0][1],174,174,1560,0,1,0x389C31,0x22,0xDA70,min,0,11,4,2,-1,-1,-1,1,0,0,0,,1,0,0,"[{'no': 1, 'up_bound': 0, 'low_bound': 0, 'range_id': 0, 'range_label': None}]"
Saving warranty information,データ保存用アイテム,vMAXSDGAC_BU[0][2],175,175,1561,0,1,0x389C31,0x22,0xDA70,min,0,15,4,2,-1,-1,-1,1,0,0,0,,1,0,0,"[{'no': 1, 'up_bound': 0, 'low_bound': 0, 'range_id': 0, 'range_label': None}]"
Saving warranty information,データ保存用アイテム,vMAXSDGAC_BU[1][0],176,176,1562,0,1,0x389C31,0x22,0xDA70,min,0,19,4,2,-1,-1,-1,1,0,0,0,,1,0,0,"[{'no': 1, 'up_bound': 0, 'low_bound': 0, 'range_id': 0, 'range_label': None}]"
Saving warranty information,データ保存用アイテム,vMAXSDGAC_BU[1][1],177,177,1563,0,1,0x389C31,0x22,0xDA70,min,0,23,4,2,-1,-1,-1,1,0,0,0,,1,0,0,"[{'no': 1, 'up_bound': 0, 'low_bound': 0, 'range_id': 0, 'range_label': None}]"
Saving warranty information,データ保存用アイテム,vMAXSDGAC_BU[1][2],178,178,1564,0,1,0x389C31,0x22,0xDA70,min,0,27,4,2,-1,-1,-1,1,0,0,0,,1,0,0,"[{'no': 1, 'up_bound': 0, 'low_bound': 0, 'range_id': 0, 'range_label': None}]"
Saving warranty information,データ保存用アイテム,vMAXSDGAC_BU[2][0],179,179,1565,0,1,0x389C31,0x22,0xDA70,min,0,31,4,2,-1,-1,-1,1,0,0,0,,1,0,0,"[{'no': 1, 'up_bound': 0, 'low_bound': 0, 'range_id': 0, 'range_label': None}]"
Saving warranty information,データ保存用アイテム,vMAXSDGAC_BU[2][1],180,180,1566,0,1,0x389C31,0x22,0xDA70,min,0,35,4,2,-1,-1,-1,1,0,0,0,,1,0,0,"[{'no': 1, 'up_bound': 0, 'low_bound': 0, 'range_id': 0, 'range_label': None}]"
Saving warranty information,データ保存用アイテム,vMAXSDGAC_BU[2][2],181,181,1567,0,1,0x389C31,0x22,0xDA70,min,0,39,4,2,-1,-1,-1,1,0,0,0,,1,0,0,"[{'no': 1, 'up_bound': 0, 'low_bound': 0, 'range_id': 0, 'range_label': None}]"
Saving warranty information,データ保存用アイテム,vMAXSDGAC_BU[3][0],182,182,1568,0,1,0x389C31,0x22,0xDA70,min,0,43,4,2,-1,-1,-1,1,0,0,0,,1,0,0,"[{'no': 1, 'up_bound': 0, 'low_bound': 0, 'range_id': 0, 'range_label': None}]"
Saving warranty information,データ保存用アイテム,vMAXSDGAC_BU[3][1],183,183,1569,0,1,0x389C31,0x22,0xDA70,min,0,47,4,2,-1,-1,-1,1,0,0,0,,1,0,0,"[{'no': 1, 'up_bound': 0, 'low_bound': 0, 'range_id': 0, 'range_label': None}]"
Saving warranty information,データ保存用アイテム,vMAXSDGAC_BU[3][2],184,184,1570,0,1,0x389C31,0x22,0xDA70,min,0,51,4,2,-1,-1,-1,1,0,0,0,,1,0,0,"[{'no': 1, 'up_bound': 0, 'low_bound': 0, 'range_id': 0, 'range_label': None}]"
Saving warranty information,データ保存用アイテム,vMAXSDGAC_BU[4][0],185,185,1571,0,1,0x389C31,0x22,0xDA70,min,0,55,4,2,-1,-1,-1,1,0,0,0,,1,0,0,"[{'no': 1, 'up_bound': 0, 'low_bound': 0, 'range_id': 0, 'range_label': None}]"
Saving warranty information,データ保存用アイテム,vMAXSDGAC_BU[4][1],186,186,1572,0,1,0x389C31,0x22,0xDA70,min,0,59,4,2,-1,-1,-1,1,0,0,0,,1,0,0,"[{'no': 1, 'up_bound': 0, 'low_bound': 0, 'range_id': 0, 'range_label': None}]"
Saving warranty information,データ保存用アイテム,vMAXSDGAC_BU[4][2],187,187,1573,0,1,0x389C31,0x22,0xDA70,min,0,63,4,2,-1,-1,-1,1,0,0,0,,1,0,0,"[{'no': 1, 'up_bound': 0, 'low_bound': 0, 'range_id': 0, 'range_label': None}]"
Saving warranty information,データ保存用アイテム,vMAXSDGAC_BU[5][0],188,188,1574,0,1,0x389C31,0x22,0xDA70,min,0,67,4,2,-1,-1,-1,1,0,0,0,,1,0,0,"[{'no': 1, 'up_bound': 0, 'low_bound': 0, 'range_id': 0, 'range_label': None}]"
Saving warranty information,データ保存用アイテム,vMAXSDGAC_BU[5][1],189,189,1575,0,1,0x389C31,0x22,0xDA70,min,0,71,4,2,-1,-1,-1,1,0,0,0,,1,0,0,"[{'no': 1, 'up_bound': 0, 'low_bound': 0, 'range_id': 0, 'range_label': None}]"
Saving warranty information,データ保存用アイテム,vMAXSDGAC_BU[5][2],190,190,1576,0,1,0x389C31,0x22,0xDA70,min,0,75,4,2,-1,-1,-1,1,0,0,0,,1,0,0,"[{'no': 1, 'up_bound': 0, 'low_bound': 0, 'range_id': 0, 'range_label': None}]"
Saving warranty information,データ保存用アイテム,vMAXSDGAC_BU[6][0],191,191,1577,0,1,0x389C31,0x22,0xDA70,min,0,79,4,2,-1,-1,-1,1,0,0,0,,1,0,0,"[{'no': 1, 'up_bound': 0, 'low_bound': 0, 'range_id': 0, 'range_label': None}]"
Saving warranty information,データ保存用アイテム,vMAXSDGAC_BU[6][1],192,192,1578,0,1,0x389C31,0x22,0xDA70,min,0,83,4,2,-1,-1,-1,1,0,0,0,,1,0,0,"[{'no': 1, 'up_bound': 0, 'low_bound': 0, 'range_id': 0, 'range_label': None}]"
Saving warranty information,データ保存用アイテム,vMAXSDGAC_BU[6][2],193,193,1579,0,1,0x389C31,0x22,0xDA70,min,0,87,4,2,-1,-1,-1,1,0,0,0,,1,0,0,"[{'no': 1, 'up_bound': 0, 'low_bound': 0, 'range_id': 0, 'range_label': None}]"
Saving warranty information,データ保存用アイテム,vMAXSDGAC_BU[7][0],194,194,1580,0,1,0x389C31,0x22,0xDA70,min,0,91,4,2,-1,-1,-1,1,0,0,0,,1,0,0,"[{'no': 1, 'up_bound': 0, 'low_bound': 0, 'range_id': 0, 'range_label': None}]"
Saving warranty information,データ保存用アイテム,vMAXSDGAC_BU[7][1],195,195,1581,0,1,0x389C31,0x22,0xDA70,min,0,95,4,2,-1,-1,-1,1,0,0,0,,1,0,0,"[{'no': 1, 'up_bound': 0, 'low_bound': 0, 'range_id': 0, 'range_label': None}]"
Saving warranty information,データ保存用アイテム,vMAXSDGAC_BU[7][2],196,196,1582,0,1,0x389C31,0x22,0xDA70,min,0,99,4,2,-1,-1,-1,1,0,0,0,,1,0,0,"[{'no': 1, 'up_bound': 0, 'low_bound': 0, 'range_id': 0, 'range_label': None}]"
Saving warranty information,データ保存用アイテム,vMAXSDGAC_BU[8][0],197,197,1583,0,1,0x389C31,0x22,0xDA70,min,0,103,4,2,-1,-1,-1,1,0,0,0,,1,0,0,"[{'no': 1, 'up_bound': 0, 'low_bound': 0, 'range_id': 0, 'range_label': None}]"
Saving warranty information,データ保存用アイテム,vMAXSDGAC_BU[8][1],198,198,1584,0,1,0x389C31,0x22,0xDA70,min,0,107,4,2,-1,-1,-1,1,0,0,0,,1,0,0,"[{'no': 1, 'up_bound': 0, 'low_bound': 0, 'range_id': 0, 'range_label': None}]"
Saving warranty information,データ保存用アイテム,vMAXSDGAC_BU[8][2],199,199,1585,0,1,0x389C31,0x22,0xDA70,min,0,111,4,2,-1,-1,-1,1,0,0,0,,1,0,0,"[{'no': 1, 'up_bound': 0, 'low_bound': 0, 'range_id': 0, 'range_label': None}]"
Saving warranty information,データ保存用アイテム,vMAXSDGAC_BU[9][0],200,200,1586,0,1,0x389C31,0x22,0xDA70,min,0,115,4,2,-1,-1,-1,1,0,0,0,,1,0,0,"[{'no': 1, 'up_bound': 0, 'low_bound': 0, 'range_id': 0, 'range_label': None}]"
Saving warranty information,データ保存用アイテム,vMAXSDGAC_BU[9][1],201,201,1587,0,1,0x389C31,0x22,0xDA70,min,0,119,4,2,-1,-1,-1,1,0,0,0,,1,0,0,"[{'no': 1, 'up_bound': 0, 'low_bound': 0, 'range_id': 0, 'range_label': None}]"
Saving warranty information,データ保存用アイテム,vMAXSDGAC_BU[9][2],202,202,1588,0,1,0x389C31,0x22,0xDA70,min,0,123,4,2,-1,-1,-1,1,0,0,0,,1,0,0,"[{'no': 1, 'up_bound': 0, 'low_bound': 0, 'range_id': 0, 'range_label': None}]"
Saving warranty information,データ保存用アイテム,vMAXSDYEAR_BU[0][0][0],203,203,1589,0,1,0x389C31,0x22,0xDA71,day,0,3,1,2,-1,-1,-1,1,0,0,0,,1,0,0,"[{'no': 1, 'up_bound': 0, 'low_bound': 0, 'range_id': 0, 'range_label': None}]"
Saving warranty information,データ保存用アイテム,vMAXSDYEAR_BU[0][0][1],204,204,1590,0,1,0x389C31,0x22,0xDA71,day,0,4,1,2,-1,-1,-1,1,0,0,0,,1,0,0,"[{'no': 1, 'up_bound': 0, 'low_bound': 0, 'range_id': 0, 'range_label': None}]"
Saving warranty information,データ保存用アイテム,vMAXSDYEAR_BU[0][0][2],205,205,1591,0,1,0x389C31,0x22,0xDA71,day,0,5,1,2,-1,-1,-1,1,0,0,0,,1,0,0,"[{'no': 1, 'up_bound': 0, 'low_bound': 0, 'range_id': 0, 'range_label': None}]"
Saving warranty information,データ保存用アイテム,vMAXSDYEAR_BU[0][1][0],206,206,1592,0,1,0x389C31,0x22,0xDA71,day,0,6,1,2,-1,-1,-1,1,0,0,0,,1,0,0,"[{'no': 1, 'up_bound': 0, 'low_bound': 0, 'range_id': 0, 'range_label': None}]"
Saving warranty information,データ保存用アイテム,vMAXSDYEAR_BU[0][1][1],207,207,1593,0,1,0x389C31,0x22,0xDA71,day,0,7,1,2,-1,-1,-1,1,0,0,0,,1,0,0,"[{'no': 1, 'up_bound': 0, 'low_bound': 0, 'range_id': 0, 'range_label': None}]"
Saving warranty information,データ保存用アイテム,vMAXSDYEAR_BU[0][1][2],208,208,1594,0,1,0x389C31,0x22,0xDA71,day,0,8,1,2,-1,-1,-1,1,0,0,0,,1,0,0,"[{'no': 1, 'up_bound': 0, 'low_bound': 0, 'range_id': 0, 'range_label': None}]"
Saving warranty information,データ保存用アイテム,vMAXSDYEAR_BU[0][2][0],209,209,1595,0,1,0x389C31,0x22,0xDA71,day,0,9,1,2,-1,-1,-1,1,0,0,0,,1,0,0,"[{'no': 1, 'up_bound': 0, 'low_bound': 0, 'range_id': 0, 'range_label': None}]"
Saving warranty information,データ保存用アイテム,vMAXSDYEAR_BU[0][2][1],210,210,1596,0,1,0x389C31,0x22,0xDA71,day,0,10,1,2,-1,-1,-1,1,0,0,0,,1,0,0,"[{'no': 1, 'up_bound': 0, 'low_bound': 0, 'range_id': 0, 'range_label': None}]"
Saving warranty information,データ保存用アイテム,vMAXSDYEAR_BU[0][2][2],211,211,1597,0,1,0x389C31,0x22,0xDA71,day,0,11,1,2,-1,-1,-1,1,0,0,0,,1,0,0,"[{'no': 1, 'up_bound': 0, 'low_bound': 0, 'range_id': 0, 'range_label': None}]"
Saving warranty information,データ保存用アイテム,vMAXSDYEAR_BU[0][3][0],212,212,1598,0,1,0x389C31,0x22,0xDA71,day,0,12,1,2,-1,-1,-1,1,0,0,0,,1,0,0,"[{'no': 1, 'up_bound': 0, 'low_bound': 0, 'range_id': 0, 'range_label': None}]"
Saving warranty information,データ保存用アイテム,vMAXSDYEAR_BU[0][3][1],213,213,1599,0,1,0x389C31,0x22,0xDA71,day,0,13,1,2,-1,-1,-1,1,0,0,0,,1,0,0,"[{'no': 1, 'up_bound': 0, 'low_bound': 0, 'range_id': 0, 'range_label': None}]"
Saving warranty information,データ保存用アイテム,vMAXSDYEAR_BU[0][3][2],214,214,1600,0,1,0x389C31,0x22,0xDA71,day,0,14,1,2,-1,-1,-1,1,0,0,0,,1,0,0,"[{'no': 1, 'up_bound': 0, 'low_bound': 0, 'range_id': 0, 'range_label': None}]"
Saving warranty information,データ保存用アイテム,vMAXSDYEAR_BU[0][4][0],215,215,1601,0,1,0x389C31,0x22,0xDA71,day,0,15,1,2,-1,-1,-1,1,0,0,0,,1,0,0,"[{'no': 1, 'up_bound': 0, 'low_bound': 0, 'range_id': 0, 'range_label': None}]"
Saving warranty information,データ保存用アイテム,vMAXSDYEAR_BU[0][4][1],216,216,1602,0,1,0x389C31,0x22,0xDA71,day,0,16,1,2,-1,-1,-1,1,0,0,0,,1,0,0,"[{'no': 1, 'up_bound': 0, 'low_bound': 0, 'range_id': 0, 'range_label': None}]"
Saving warranty information,データ保存用アイテム,vMAXSDYEAR_BU[0][4][2],217,217,1603,0,1,0x389C31,0x22,0xDA71,day,0,17,1,2,-1,-1,-1,1,0,0,0,,1,0,0,"[{'no': 1, 'up_bound': 0, 'low_bound': 0, 'range_id': 0, 'range_label': None}]"
Saving warranty information,データ保存用アイテム,vMAXSDYEAR_BU[0][5][0],218,218,1604,0,1,0x389C31,0x22,0xDA71,day,0,18,1,2,-1,-1,-1,1,0,0,0,,1,0,0,"[{'no': 1, 'up_bound': 0, 'low_bound': 0, 'range_id': 0, 'range_label': None}]"
Saving warranty information,データ保存用アイテム,vMAXSDYEAR_BU[0][5][1],219,219,1605,0,1,0x389C31,0x22,0xDA71,day,0,19,1,2,-1,-1,-1,1,0,0,0,,1,0,0,"[{'no': 1, 'up_bound': 0, 'low_bound': 0, 'range_id': 0, 'range_label': None}]"
Saving warranty information,データ保存用アイテム,vMAXSDYEAR_BU[0][5][2],220,220,1606,0,1,0x389C31,0x22,0xDA71,day,0,20,1,2,-1,-1,-1,1,0,0,0,,1,0,0,"[{'no': 1, 'up_bound': 0, 'low_bound': 0, 'range_id': 0, 'range_label': None}]"
Saving warranty information,データ保存用アイテム,vMAXSDYEAR_BU[0][6][0],221,221,1607,0,1,0x389C31,0x22,0xDA71,day,0,21,1,2,-1,-1,-1,1,0,0,0,,1,0,0,"[{'no': 1, 'up_bound': 0, 'low_bound': 0, 'range_id': 0, 'range_label': None}]"
Saving warranty information,データ保存用アイテム,vMAXSDYEAR_BU[0][6][1],222,222,1608,0,1,0x389C31,0x22,0xDA71,day,0,22,1,2,-1,-1,-1,1,0,0,0,,1,0,0,"[{'no': 1, 'up_bound': 0, 'low_bound': 0, 'range_id': 0, 'range_label': None}]"
Saving warranty information,データ保存用アイテム,vMAXSDYEAR_BU[0][6][2],223,223,1609,0,1,0x389C31,0x22,0xDA71,day,0,23,1,2,-1,-1,-1,1,0,0,0,,1,0,0,"[{'no': 1, 'up_bound': 0, 'low_bound': 0, 'range_id': 0, 'range_label': None}]"
Saving warranty information,データ保存用アイテム,vMAXSDYEAR_BU[0][7][0],224,224,1610,0,1,0x389C31,0x22,0xDA71,day,0,24,1,2,-1,-1,-1,1,0,0,0,,1,0,0,"[{'no': 1, 'up_bound': 0, 'low_bound': 0, 'range_id': 0, 'range_label': None}]"
Saving warranty information,データ保存用アイテム,vMAXSDYEAR_BU[0][7][1],225,225,1611,0,1,0x389C31,0x22,0xDA71,day,0,25,1,2,-1,-1,-1,1,0,0,0,,1,0,0,"[{'no': 1, 'up_bound': 0, 'low_bound': 0, 'range_id': 0, 'range_label': None}]"
Saving warranty information,データ保存用アイテム,vMAXSDYEAR_BU[0][7][2],226,226,1612,0,1,0x389C31,0x22,0xDA71,day,0,26,1,2,-1,-1,-1,1,0,0,0,,1,0,0,"[{'no': 1, 'up_bound': 0, 'low_bound': 0, 'range_id': 0, 'range_label': None}]"
Saving warranty information,データ保存用アイテム,vMAXSDYEAR_BU[0][8][0],227,227,1613,0,1,0x389C31,0x22,0xDA71,day,0,27,1,2,-1,-1,-1,1,0,0,0,,1,0,0,"[{'no': 1, 'up_bound': 0, 'low_bound': 0, 'range_id': 0, 'range_label': None}]"
Saving warranty information,データ保存用アイテム,vMAXSDYEAR_BU[0][8][1],228,228,1614,0,1,0x389C31,0x22,0xDA71,day,0,28,1,2,-1,-1,-1,1,0,0,0,,1,0,0,"[{'no': 1, 'up_bound': 0, 'low_bound': 0, 'range_id': 0, 'range_label': None}]"
Saving warranty information,データ保存用アイテム,vMAXSDYEAR_BU[0][8][2],229,229,1615,0,1,0x389C31,0x22,0xDA71,day,0,29,1,2,-1,-1,-1,1,0,0,0,,1,0,0,"[{'no': 1, 'up_bound': 0, 'low_bound': 0, 'range_id': 0, 'range_label': None}]"
Saving warranty information,データ保存用アイテム,vMAXSDYEAR_BU[0][9][0],230,230,1616,0,1,0x389C31,0x22,0xDA71,day,0,30,1,2,-1,-1,-1,1,0,0,0,,1,0,0,"[{'no': 1, 'up_bound': 0, 'low_bound': 0, 'range_id': 0, 'range_label': None}]"
Saving warranty information,データ保存用アイテム,vMAXSDYEAR_BU[0][9][1],231,231,1617,0,1,0x389C31,0x22,0xDA71,day,0,31,1,2,-1,-1,-1,1,0,0,0,,1,0,0,"[{'no': 1, 'up_bound': 0, 'low_bound': 0, 'range_id': 0, 'range_label': None}]"
Saving warranty information,データ保存用アイテム,vMAXSDYEAR_BU[0][9][2],232,232,1618,0,1,0x389C31,0x22,0xDA71,day,0,32,1,2,-1,-1,-1,1,0,0,0,,1,0,0,"[{'no': 1, 'up_bound': 0, 'low_bound': 0, 'range_id': 0, 'range_label': None}]"
Saving warranty information,データ保存用アイテム,vMAXSDYEAR_BU[1][0][0],233,233,1619,0,1,0x389C31,0x22,0xDA71,day,0,33,1,2,-1,-1,-1,1,0,0,0,,1,0,0,"[{'no': 1, 'up_bound': 0, 'low_bound': 0, 'range_id': 0, 'range_label': None}]"
Saving warranty information,データ保存用アイテム,vMAXSDYEAR_BU[1][0][1],234,234,1620,0,1,0x389C31,0x22,0xDA71,day,0,34,1,2,-1,-1,-1,1,0,0,0,,1,0,0,"[{'no': 1, 'up_bound': 0, 'low_bound': 0, 'range_id': 0, 'range_label': None}]"
Saving warranty information,データ保存用アイテム,vMAXSDYEAR_BU[1][0][2],235,235,1621,0,1,0x389C31,0x22,0xDA71,day,0,35,1,2,-1,-1,-1,1,0,0,0,,1,0,0,"[{'no': 1, 'up_bound': 0, 'low_bound': 0, 'range_id': 0, 'range_label': None}]"
Saving warranty information,データ保存用アイテム,vMAXSDYEAR_BU[1][1][0],236,236,1622,0,1,0x389C31,0x22,0xDA71,day,0,36,1,2,-1,-1,-1,1,0,0,0,,1,0,0,"[{'no': 1, 'up_bound': 0, 'low_bound': 0, 'range_id': 0, 'range_label': None}]"
Saving warranty information,データ保存用アイテム,vMAXSDYEAR_BU[1][1][1],237,237,1623,0,1,0x389C31,0x22,0xDA71,day,0,37,1,2,-1,-1,-1,1,0,0,0,,1,0,0,"[{'no': 1, 'up_bound': 0, 'low_bound': 0, 'range_id': 0, 'range_label': None}]"
Saving warranty information,データ保存用アイテム,vMAXSDYEAR_BU[1][1][2],238,238,1624,0,1,0x389C31,0x22,0xDA71,day,0,38,1,2,-1,-1,-1,1,0,0,0,,1,0,0,"[{'no': 1, 'up_bound': 0, 'low_bound': 0, 'range_id': 0, 'range_label': None}]"
Saving warranty information,データ保存用アイテム,vMAXSDYEAR_BU[1][2][0],239,239,1625,0,1,0x389C31,0x22,0xDA71,day,0,39,1,2,-1,-1,-1,1,0,0,0,,1,0,0,"[{'no': 1, 'up_bound': 0, 'low_bound': 0, 'range_id': 0, 'range_label': None}]"
Saving warranty information,データ保存用アイテム,vMAXSDYEAR_BU[1][2][1],240,240,1626,0,1,0x389C31,0x22,0xDA71,day,0,40,1,2,-1,-1,-1,1,0,0,0,,1,0,0,"[{'no': 1, 'up_bound': 0, 'low_bound': 0, 'range_id': 0, 'range_label': None}]"
Saving warranty information,データ保存用アイテム,vMAXSDYEAR_BU[1][2][2],241,241,1627,0,1,0x389C31,0x22,0xDA71,day,0,41,1,2,-1,-1,-1,1,0,0,0,,1,0,0,"[{'no': 1, 'up_bound': 0, 'low_bound': 0, 'range_id': 0, 'range_label': None}]"
Saving warranty information,データ保存用アイテム,vMAXSDYEAR_BU[1][3][0],242,242,1628,0,1,0x389C31,0x22,0xDA71,day,0,42,1,2,-1,-1,-1,1,0,0,0,,1,0,0,"[{'no': 1, 'up_bound': 0, 'low_bound': 0, 'range_id': 0, 'range_label': None}]"
Saving warranty information,データ保存用アイテム,vMAXSDYEAR_BU[1][3][1],243,243,1629,0,1,0x389C31,0x22,0xDA71,day,0,43,1,2,-1,-1,-1,1,0,0,0,,1,0,0,"[{'no': 1, 'up_bound': 0, 'low_bound': 0, 'range_id': 0, 'range_label': None}]"
Saving warranty information,データ保存用アイテム,vMAXSDYEAR_BU[1][3][2],244,244,1630,0,1,0x389C31,0x22,0xDA71,day,0,44,1,2,-1,-1,-1,1,0,0,0,,1,0,0,"[{'no': 1, 'up_bound': 0, 'low_bound': 0, 'range_id': 0, 'range_label': None}]"
Saving warranty information,データ保存用アイテム,vMAXSDYEAR_BU[1][4][0],245,245,1631,0,1,0x389C31,0x22,0xDA71,day,0,45,1,2,-1,-1,-1,1,0,0,0,,1,0,0,"[{'no': 1, 'up_bound': 0, 'low_bound': 0, 'range_id': 0, 'range_label': None}]"
Saving warranty information,データ保存用アイテム,vMAXSDYEAR_BU[1][4][1],246,246,1632,0,1,0x389C31,0x22,0xDA71,day,0,46,1,2,-1,-1,-1,1,0,0,0,,1,0,0,"[{'no': 1, 'up_bound': 0, 'low_bound': 0, 'range_id': 0, 'range_label': None}]"
Saving warranty information,データ保存用アイテム,vMAXSDYEAR_BU[1][4][2],247,247,1633,0,1,0x389C31,0x22,0xDA71,day,0,47,1,2,-1,-1,-1,1,0,0,0,,1,0,0,"[{'no': 1, 'up_bound': 0, 'low_bound': 0, 'range_id': 0, 'range_label': None}]"
Saving warranty information,データ保存用アイテム,vMAXSDYEAR_BU[1][5][0],248,248,1634,0,1,0x389C31,0x22,0xDA71,day,0,48,1,2,-1,-1,-1,1,0,0,0,,1,0,0,"[{'no': 1, 'up_bound': 0, 'low_bound': 0, 'range_id': 0, 'range_label': None}]"
Saving warranty information,データ保存用アイテム,vMAXSDYEAR_BU[1][5][1],249,249,1635,0,1,0x389C31,0x22,0xDA71,day,0,49,1,2,-1,-1,-1,1,0,0,0,,1,0,0,"[{'no': 1, 'up_bound': 0, 'low_bound': 0, 'range_id': 0, 'range_label': None}]"
Saving warranty information,データ保存用アイテム,vMAXSDYEAR_BU[1][5][2],250,250,1636,0,1,0x389C31,0x22,0xDA71,day,0,50,1,2,-1,-1,-1,1,0,0,0,,1,0,0,"[{'no': 1, 'up_bound': 0, 'low_bound': 0, 'range_id': 0, 'range_label': None}]"
Saving warranty information,データ保存用アイテム,vMAXSDYEAR_BU[1][6][0],251,251,1637,0,1,0x389C31,0x22,0xDA71,day,0,51,1,2,-1,-1,-1,1,0,0,0,,1,0,0,"[{'no': 1, 'up_bound': 0, 'low_bound': 0, 'range_id': 0, 'range_label': None}]"
Saving warranty information,データ保存用アイテム,vMAXSDYEAR_BU[1][6][1],252,252,1638,0,1,0x389C31,0x22,0xDA71,day,0,52,1,2,-1,-1,-1,1,0,0,0,,1,0,0,"[{'no': 1, 'up_bound': 0, 'low_bound': 0, 'range_id': 0, 'range_label': None}]"
Saving warranty information,データ保存用アイテム,vMAXSDYEAR_BU[1][6][2],253,253,1639,0,1,0x389C31,0x22,0xDA71,day,0,53,1,2,-1,-1,-1,1,0,0,0,,1,0,0,"[{'no': 1, 'up_bound': 0, 'low_bound': 0, 'range_id': 0, 'range_label': None}]"
Saving warranty information,データ保存用アイテム,vMAXSDYEAR_BU[1][7][0],254,254,1640,0,1,0x389C31,0x22,0xDA71,day,0,54,1,2,-1,-1,-1,1,0,0,0,,1,0,0,"[{'no': 1, 'up_bound': 0, 'low_bound': 0, 'range_id': 0, 'range_label': None}]"
Saving warranty information,データ保存用アイテム,vMAXSDYEAR_BU[1][7][1],255,255,1641,0,1,0x389C31,0x22,0xDA71,day,0,55,1,2,-1,-1,-1,1,0,0,0,,1,0,0,"[{'no': 1, 'up_bound': 0, 'low_bound': 0, 'range_id': 0, 'range_label': None}]"
Saving warranty information,データ保存用アイテム,vMAXSDYEAR_BU[1][7][2],256,256,1642,0,1,0x389C31,0x22,0xDA71,day,0,56,1,2,-1,-1,-1,1,0,0,0,,1,0,0,"[{'no': 1, 'up_bound': 0, 'low_bound': 0, 'range_id': 0, 'range_label': None}]"
Saving warranty information,データ保存用アイテム,vMAXSDYEAR_BU[1][8][0],257,257,1643,0,1,0x389C31,0x22,0xDA71,day,0,57,1,2,-1,-1,-1,1,0,0,0,,1,0,0,"[{'no': 1, 'up_bound': 0, 'low_bound': 0, 'range_id': 0, 'range_label': None}]"
Saving warranty information,データ保存用アイテム,vMAXSDYEAR_BU[1][8][1],258,258,1644,0,1,0x389C31,0x22,0xDA71,day,0,58,1,2,-1,-1,-1,1,0,0,0,,1,0,0,"[{'no': 1, 'up_bound': 0, 'low_bound': 0, 'range_id': 0, 'range_label': None}]"
Saving warranty information,データ保存用アイテム,vMAXSDYEAR_BU[1][8][2],259,259,1645,0,1,0x389C31,0x22,0xDA71,day,0,59,1,2,-1,-1,-1,1,0,0,0,,1,0,0,"[{'no': 1, 'up_bound': 0, 'low_bound': 0, 'range_id': 0, 'range_label': None}]"
Saving warranty information,データ保存用アイテム,vMAXSDYEAR_BU[1][9][0],260,260,1646,0,1,0x389C31,0x22,0xDA71,day,0,60,1,2,-1,-1,-1,1,0,0,0,,1,0,0,"[{'no': 1, 'up_bound': 0, 'low_bound': 0, 'range_id': 0, 'range_label': None}]"
Saving warranty information,データ保存用アイテム,vMAXSDYEAR_BU[1][9][1],261,261,1647,0,1,0x389C31,0x22,0xDA71,day,0,61,1,2,-1,-1,-1,1,0,0,0,,1,0,0,"[{'no': 1, 'up_bound': 0, 'low_bound': 0, 'range_id': 0, 'range_label': None}]"
Saving warranty information,データ保存用アイテム,vMAXSDYEAR_BU[1][9][2],262,262,1648,0,1,0x389C31,0x22,0xDA71,day,0,62,1,2,-1,-1,-1,1,0,0,0,,1,0,0,"[{'no': 1, 'up_bound': 0, 'low_bound': 0, 'range_id': 0, 'range_label': None}]"
Saving warranty information,データ保存用アイテム,vMAXSDYEAR_BU[2][0][0],263,263,1649,0,1,0x389C31,0x22,0xDA71,day,0,63,1,2,-1,-1,-1,1,0,0,0,,1,0,0,"[{'no': 1, 'up_bound': 0, 'low_bound': 0, 'range_id': 0, 'range_label': None}]"
Saving warranty information,データ保存用アイテム,vMAXSDYEAR_BU[2][0][1],264,264,1650,0,1,0x389C31,0x22,0xDA71,day,0,64,1,2,-1,-1,-1,1,0,0,0,,1,0,0,"[{'no': 1, 'up_bound': 0, 'low_bound': 0, 'range_id': 0, 'range_label': None}]"
Saving warranty information,データ保存用アイテム,vMAXSDYEAR_BU[2][0][2],265,265,1651,0,1,0x389C31,0x22,0xDA71,day,0,65,1,2,-1,-1,-1,1,0,0,0,,1,0,0,"[{'no': 1, 'up_bound': 0, 'low_bound': 0, 'range_id': 0, 'range_label': None}]"
Saving warranty information,データ保存用アイテム,vMAXSDYEAR_BU[2][1][0],266,266,1652,0,1,0x389C31,0x22,0xDA71,day,0,66,1,2,-1,-1,-1,1,0,0,0,,1,0,0,"[{'no': 1, 'up_bound': 0, 'low_bound': 0, 'range_id': 0, 'range_label': None}]"
Saving warranty information,データ保存用アイテム,vMAXSDYEAR_BU[2][1][1],267,267,1653,0,1,0x389C31,0x22,0xDA71,day,0,67,1,2,-1,-1,-1,1,0,0,0,,1,0,0,"[{'no': 1, 'up_bound': 0, 'low_bound': 0, 'range_id': 0, 'range_label': None}]"
Saving warranty information,データ保存用アイテム,vMAXSDYEAR_BU[2][1][2],268,268,1654,0,1,0x389C31,0x22,0xDA71,day,0,68,1,2,-1,-1,-1,1,0,0,0,,1,0,0,"[{'no': 1, 'up_bound': 0, 'low_bound': 0, 'range_id': 0, 'range_label': None}]"
Saving warranty information,データ保存用アイテム,vMAXSDYEAR_BU[2][2][0],269,269,1655,0,1,0x389C31,0x22,0xDA71,day,0,69,1,2,-1,-1,-1,1,0,0,0,,1,0,0,"[{'no': 1, 'up_bound': 0, 'low_bound': 0, 'range_id': 0, 'range_label': None}]"
Saving warranty information,データ保存用アイテム,vMAXSDYEAR_BU[2][2][1],270,270,1656,0,1,0x389C31,0x22,0xDA71,day,0,70,1,2,-1,-1,-1,1,0,0,0,,1,0,0,"[{'no': 1, 'up_bound': 0, 'low_bound': 0, 'range_id': 0, 'range_label': None}]"
Saving warranty information,データ保存用アイテム,vMAXSDYEAR_BU[2][2][2],271,271,1657,0,1,0x389C31,0x22,0xDA71,day,0,71,1,2,-1,-1,-1,1,0,0,0,,1,0,0,"[{'no': 1, 'up_bound': 0, 'low_bound': 0, 'range_id': 0, 'range_label': None}]"
Saving warranty information,データ保存用アイテム,vMAXSDYEAR_BU[2][3][0],272,272,1658,0,1,0x389C31,0x22,0xDA71,day,0,72,1,2,-1,-1,-1,1,0,0,0,,1,0,0,"[{'no': 1, 'up_bound': 0, 'low_bound': 0, 'range_id': 0, 'range_label': None}]"
Saving warranty information,データ保存用アイテム,vMAXSDYEAR_BU[2][3][1],273,273,1659,0,1,0x389C31,0x22,0xDA71,day,0,73,1,2,-1,-1,-1,1,0,0,0,,1,0,0,"[{'no': 1, 'up_bound': 0, 'low_bound': 0, 'range_id': 0, 'range_label': None}]"
Saving warranty information,データ保存用アイテム,vMAXSDYEAR_BU[2][3][2],274,274,1660,0,1,0x389C31,0x22,0xDA71,day,0,74,1,2,-1,-1,-1,1,0,0,0,,1,0,0,"[{'no': 1, 'up_bound': 0, 'low_bound': 0, 'range_id': 0, 'range_label': None}]"
Saving warranty information,データ保存用アイテム,vMAXSDYEAR_BU[2][4][0],275,275,1661,0,1,0x389C31,0x22,0xDA71,day,0,75,1,2,-1,-1,-1,1,0,0,0,,1,0,0,"[{'no': 1, 'up_bound': 0, 'low_bound': 0, 'range_id': 0, 'range_label': None}]"
Saving warranty information,データ保存用アイテム,vMAXSDYEAR_BU[2][4][1],276,276,1662,0,1,0x389C31,0x22,0xDA71,day,0,76,1,2,-1,-1,-1,1,0,0,0,,1,0,0,"[{'no': 1, 'up_bound': 0, 'low_bound': 0, 'range_id': 0, 'range_label': None}]"
Saving warranty information,データ保存用アイテム,vMAXSDYEAR_BU[2][4][2],277,277,1663,0,1,0x389C31,0x22,0xDA71,day,0,77,1,2,-1,-1,-1,1,0,0,0,,1,0,0,"[{'no': 1, 'up_bound': 0, 'low_bound': 0, 'range_id': 0, 'range_label': None}]"
Saving warranty information,データ保存用アイテム,vMAXSDYEAR_BU[2][5][0],278,278,1664,0,1,0x389C31,0x22,0xDA71,day,0,78,1,2,-1,-1,-1,1,0,0,0,,1,0,0,"[{'no': 1, 'up_bound': 0, 'low_bound': 0, 'range_id': 0, 'range_label': None}]"
Saving warranty information,データ保存用アイテム,vMAXSDYEAR_BU[2][5][1],279,279,1665,0,1,0x389C31,0x22,0xDA71,day,0,79,1,2,-1,-1,-1,1,0,0,0,,1,0,0,"[{'no': 1, 'up_bound': 0, 'low_bound': 0, 'range_id': 0, 'range_label': None}]"
Saving warranty information,データ保存用アイテム,vMAXSDYEAR_BU[2][5][2],280,280,1666,0,1,0x389C31,0x22,0xDA71,day,0,80,1,2,-1,-1,-1,1,0,0,0,,1,0,0,"[{'no': 1, 'up_bound': 0, 'low_bound': 0, 'range_id': 0, 'range_label': None}]"
Saving warranty information,データ保存用アイテム,vMAXSDYEAR_BU[2][6][0],281,281,1667,0,1,0x389C31,0x22,0xDA71,day,0,81,1,2,-1,-1,-1,1,0,0,0,,1,0,0,"[{'no': 1, 'up_bound': 0, 'low_bound': 0, 'range_id': 0, 'range_label': None}]"
Saving warranty information,データ保存用アイテム,vMAXSDYEAR_BU[2][6][1],282,282,1668,0,1,0x389C31,0x22,0xDA71,day,0,82,1,2,-1,-1,-1,1,0,0,0,,1,0,0,"[{'no': 1, 'up_bound': 0, 'low_bound': 0, 'range_id': 0, 'range_label': None}]"
Saving warranty information,データ保存用アイテム,vMAXSDYEAR_BU[2][6][2],283,283,1669,0,1,0x389C31,0x22,0xDA71,day,0,83,1,2,-1,-1,-1,1,0,0,0,,1,0,0,"[{'no': 1, 'up_bound': 0, 'low_bound': 0, 'range_id': 0, 'range_label': None}]"
Saving warranty information,データ保存用アイテム,vMAXSDYEAR_BU[2][7][0],284,284,1670,0,1,0x389C31,0x22,0xDA71,day,0,84,1,2,-1,-1,-1,1,0,0,0,,1,0,0,"[{'no': 1, 'up_bound': 0, 'low_bound': 0, 'range_id': 0, 'range_label': None}]"
Saving warranty information,データ保存用アイテム,vMAXSDYEAR_BU[2][7][1],285,285,1671,0,1,0x389C31,0x22,0xDA71,day,0,85,1,2,-1,-1,-1,1,0,0,0,,1,0,0,"[{'no': 1, 'up_bound': 0, 'low_bound': 0, 'range_id': 0, 'range_label': None}]"
Saving warranty information,データ保存用アイテム,vMAXSDYEAR_BU[2][7][2],286,286,1672,0,1,0x389C31,0x22,0xDA71,day,0,86,1,2,-1,-1,-1,1,0,0,0,,1,0,0,"[{'no': 1, 'up_bound': 0, 'low_bound': 0, 'range_id': 0, 'range_label': None}]"
Saving warranty information,データ保存用アイテム,vMAXSDYEAR_BU[2][8][0],287,287,1673,0,1,0x389C31,0x22,0xDA71,day,0,87,1,2,-1,-1,-1,1,0,0,0,,1,0,0,"[{'no': 1, 'up_bound': 0, 'low_bound': 0, 'range_id': 0, 'range_label': None}]"
Saving warranty information,データ保存用アイテム,vMAXSDYEAR_BU[2][8][1],288,288,1674,0,1,0x389C31,0x22,0xDA71,day,0,88,1,2,-1,-1,-1,1,0,0,0,,1,0,0,"[{'no': 1, 'up_bound': 0, 'low_bound': 0, 'range_id': 0, 'range_label': None}]"
Saving warranty information,データ保存用アイテム,vMAXSDYEAR_BU[2][8][2],289,289,1675,0,1,0x389C31,0x22,0xDA71,day,0,89,1,2,-1,-1,-1,1,0,0,0,,1,0,0,"[{'no': 1, 'up_bound': 0, 'low_bound': 0, 'range_id': 0, 'range_label': None}]"
Saving warranty information,データ保存用アイテム,vMAXSDYEAR_BU[2][9][0],290,290,1676,0,1,0x389C31,0x22,0xDA71,day,0,90,1,2,-1,-1,-1,1,0,0,0,,1,0,0,"[{'no': 1, 'up_bound': 0, 'low_bound': 0, 'range_id': 0, 'range_label': None}]"
Saving warranty information,データ保存用アイテム,vMAXSDYEAR_BU[2][9][1],291,291,1677,0,1,0x389C31,0x22,0xDA71,day,0,91,1,2,-1,-1,-1,1,0,0,0,,1,0,0,"[{'no': 1, 'up_bound': 0, 'low_bound': 0, 'range_id': 0, 'range_label': None}]"
Saving warranty information,データ保存用アイテム,vMAXSDYEAR_BU[2][9][2],292,292,1678,0,1,0x389C31,0x22,0xDA71,day,0,92,1,2,-1,-1,-1,1,0,0,0,,1,0,0,"[{'no': 1, 'up_bound': 0, 'low_bound': 0, 'range_id': 0, 'range_label': None}]"
Saving warranty information,データ保存用アイテム,vMAXSDYEAR_BU[3][0][0],293,293,1679,0,1,0x389C31,0x22,0xDA71,day,0,93,1,2,-1,-1,-1,1,0,0,0,,1,0,0,"[{'no': 1, 'up_bound': 0, 'low_bound': 0, 'range_id': 0, 'range_label': None}]"
Saving warranty information,データ保存用アイテム,vMAXSDYEAR_BU[3][0][1],294,294,1680,0,1,0x389C31,0x22,0xDA71,day,0,94,1,2,-1,-1,-1,1,0,0,0,,1,0,0,"[{'no': 1, 'up_bound': 0, 'low_bound': 0, 'range_id': 0, 'range_label': None}]"
Saving warranty information,データ保存用アイテム,vMAXSDYEAR_BU[3][0][2],295,295,1681,0,1,0x389C31,0x22,0xDA71,day,0,95,1,2,-1,-1,-1,1,0,0,0,,1,0,0,"[{'no': 1, 'up_bound': 0, 'low_bound': 0, 'range_id': 0, 'range_label': None}]"
Saving warranty information,データ保存用アイテム,vMAXSDYEAR_BU[3][1][0],296,296,1682,0,1,0x389C31,0x22,0xDA71,day,0,96,1,2,-1,-1,-1,1,0,0,0,,1,0,0,"[{'no': 1, 'up_bound': 0, 'low_bound': 0, 'range_id': 0, 'range_label': None}]"
Saving warranty information,データ保存用アイテム,vMAXSDYEAR_BU[3][1][1],297,297,1683,0,1,0x389C31,0x22,0xDA71,day,0,97,1,2,-1,-1,-1,1,0,0,0,,1,0,0,"[{'no': 1, 'up_bound': 0, 'low_bound': 0, 'range_id': 0, 'range_label': None}]"
Saving warranty information,データ保存用アイテム,vMAXSDYEAR_BU[3][1][2],298,298,1684,0,1,0x389C31,0x22,0xDA71,day,0,98,1,2,-1,-1,-1,1,0,0,0,,1,0,0,"[{'no': 1, 'up_bound': 0, 'low_bound': 0, 'range_id': 0, 'range_label': None}]"
Saving warranty information,データ保存用アイテム,vMAXSDYEAR_BU[3][2][0],299,299,1685,0,1,0x389C31,0x22,0xDA71,day,0,99,1,2,-1,-1,-1,1,0,0,0,,1,0,0,"[{'no': 1, 'up_bound': 0, 'low_bound': 0, 'range_id': 0, 'range_label': None}]"
Saving warranty information,データ保存用アイテム,vMAXSDYEAR_BU[3][2][1],300,300,1686,0,1,0x389C31,0x22,0xDA71,day,0,100,1,2,-1,-1,-1,1,0,0,0,,1,0,0,"[{'no': 1, 'up_bound': 0, 'low_bound': 0, 'range_id': 0, 'range_label': None}]"
Saving warranty information,データ保存用アイテム,vMAXSDYEAR_BU[3][2][2],301,301,1687,0,1,0x389C31,0x22,0xDA71,day,0,101,1,2,-1,-1,-1,1,0,0,0,,1,0,0,"[{'no': 1, 'up_bound': 0, 'low_bound': 0, 'range_id': 0, 'range_label': None}]"
Saving warranty information,データ保存用アイテム,vMAXSDYEAR_BU[3][3][0],302,302,1688,0,1,0x389C31,0x22,0xDA71,day,0,102,1,2,-1,-1,-1,1,0,0,0,,1,0,0,"[{'no': 1, 'up_bound': 0, 'low_bound': 0, 'range_id': 0, 'range_label': None}]"
Saving warranty information,データ保存用アイテム,vMAXSDYEAR_BU[3][3][1],303,303,1689,0,1,0x389C31,0x22,0xDA71,day,0,103,1,2,-1,-1,-1,1,0,0,0,,1,0,0,"[{'no': 1, 'up_bound': 0, 'low_bound': 0, 'range_id': 0, 'range_label': None}]"
Saving warranty information,データ保存用アイテム,vMAXSDYEAR_BU[3][3][2],304,304,1690,0,1,0x389C31,0x22,0xDA71,day,0,104,1,2,-1,-1,-1,1,0,0,0,,1,0,0,"[{'no': 1, 'up_bound': 0, 'low_bound': 0, 'range_id': 0, 'range_label': None}]"
Saving warranty information,データ保存用アイテム,vMAXSDYEAR_BU[3][4][0],305,305,1691,0,1,0x389C31,0x22,0xDA71,day,0,105,1,2,-1,-1,-1,1,0,0,0,,1,0,0,"[{'no': 1, 'up_bound': 0, 'low_bound': 0, 'range_id': 0, 'range_label': None}]"
Saving warranty information,データ保存用アイテム,vMAXSDYEAR_BU[3][4][1],306,306,1692,0,1,0x389C31,0x22,0xDA71,day,0,106,1,2,-1,-1,-1,1,0,0,0,,1,0,0,"[{'no': 1, 'up_bound': 0, 'low_bound': 0, 'range_id': 0, 'range_label': None}]"
Saving warranty information,データ保存用アイテム,vMAXSDYEAR_BU[3][4][2],307,307,1693,0,1,0x389C31,0x22,0xDA71,day,0,107,1,2,-1,-1,-1,1,0,0,0,,1,0,0,"[{'no': 1, 'up_bound': 0, 'low_bound': 0, 'range_id': 0, 'range_label': None}]"
Saving warranty information,データ保存用アイテム,vMAXSDYEAR_BU[3][5][0],308,308,1694,0,1,0x389C31,0x22,0xDA71,day,0,108,1,2,-1,-1,-1,1,0,0,0,,1,0,0,"[{'no': 1, 'up_bound': 0, 'low_bound': 0, 'range_id': 0, 'range_label': None}]"
Saving warranty information,データ保存用アイテム,vMAXSDYEAR_BU[3][5][1],309,309,1695,0,1,0x389C31,0x22,0xDA71,day,0,109,1,2,-1,-1,-1,1,0,0,0,,1,0,0,"[{'no': 1, 'up_bound': 0, 'low_bound': 0, 'range_id': 0, 'range_label': None}]"
Saving warranty information,データ保存用アイテム,vMAXSDYEAR_BU[3][5][2],310,310,1696,0,1,0x389C31,0x22,0xDA71,day,0,110,1,2,-1,-1,-1,1,0,0,0,,1,0,0,"[{'no': 1, 'up_bound': 0, 'low_bound': 0, 'range_id': 0, 'range_label': None}]"
Saving warranty information,データ保存用アイテム,vMAXSDYEAR_BU[3][6][0],311,311,1697,0,1,0x389C31,0x22,0xDA71,day,0,111,1,2,-1,-1,-1,1,0,0,0,,1,0,0,"[{'no': 1, 'up_bound': 0, 'low_bound': 0, 'range_id': 0, 'range_label': None}]"
Saving warranty information,データ保存用アイテム,vMAXSDYEAR_BU[3][6][1],312,312,1698,0,1,0x389C31,0x22,0xDA71,day,0,112,1,2,-1,-1,-1,1,0,0,0,,1,0,0,"[{'no': 1, 'up_bound': 0, 'low_bound': 0, 'range_id': 0, 'range_label': None}]"
Saving warranty information,データ保存用アイテム,vMAXSDYEAR_BU[3][6][2],313,313,1699,0,1,0x389C31,0x22,0xDA71,day,0,113,1,2,-1,-1,-1,1,0,0,0,,1,0,0,"[{'no': 1, 'up_bound': 0, 'low_bound': 0, 'range_id': 0, 'range_label': None}]"
Saving warranty information,データ保存用アイテム,vMAXSDYEAR_BU[3][7][0],314,314,1700,0,1,0x389C31,0x22,0xDA71,day,0,114,1,2,-1,-1,-1,1,0,0,0,,1,0,0,"[{'no': 1, 'up_bound': 0, 'low_bound': 0, 'range_id': 0, 'range_label': None}]"
Saving warranty information,データ保存用アイテム,vMAXSDYEAR_BU[3][7][1],315,315,1701,0,1,0x389C31,0x22,0xDA71,day,0,115,1,2,-1,-1,-1,1,0,0,0,,1,0,0,"[{'no': 1, 'up_bound': 0, 'low_bound': 0, 'range_id': 0, 'range_label': None}]"
Saving warranty information,データ保存用アイテム,vMAXSDYEAR_BU[3][7][2],316,316,1702,0,1,0x389C31,0x22,0xDA71,day,0,116,1,2,-1,-1,-1,1,0,0,0,,1,0,0,"[{'no': 1, 'up_bound': 0, 'low_bound': 0, 'range_id': 0, 'range_label': None}]"
Saving warranty information,データ保存用アイテム,vMAXSDYEAR_BU[3][8][0],317,317,1703,0,1,0x389C31,0x22,0xDA71,day,0,117,1,2,-1,-1,-1,1,0,0,0,,1,0,0,"[{'no': 1, 'up_bound': 0, 'low_bound': 0, 'range_id': 0, 'range_label': None}]"
Saving warranty information,データ保存用アイテム,vMAXSDYEAR_BU[3][8][1],318,318,1704,0,1,0x389C31,0x22,0xDA71,day,0,118,1,2,-1,-1,-1,1,0,0,0,,1,0,0,"[{'no': 1, 'up_bound': 0, 'low_bound': 0, 'range_id': 0, 'range_label': None}]"
Saving warranty information,データ保存用アイテム,vMAXSDYEAR_BU[3][8][2],319,319,1705,0,1,0x389C31,0x22,0xDA71,day,0,119,1,2,-1,-1,-1,1,0,0,0,,1,0,0,"[{'no': 1, 'up_bound': 0, 'low_bound': 0, 'range_id': 0, 'range_label': None}]"
Saving warranty information,データ保存用アイテム,vMAXSDYEAR_BU[3][9][0],320,320,1706,0,1,0x389C31,0x22,0xDA71,day,0,120,1,2,-1,-1,-1,1,0,0,0,,1,0,0,"[{'no': 1, 'up_bound': 0, 'low_bound': 0, 'range_id': 0, 'range_label': None}]"
Saving warranty information,データ保存用アイテム,vMAXSDYEAR_BU[3][9][1],321,321,1707,0,1,0x389C31,0x22,0xDA71,day,0,121,1,2,-1,-1,-1,1,0,0,0,,1,0,0,"[{'no': 1, 'up_bound': 0, 'low_bound': 0, 'range_id': 0, 'range_label': None}]"
Saving warranty information,データ保存用アイテム,vMAXSDYEAR_BU[3][9][2],322,322,1708,0,1,0x389C31,0x22,0xDA71,day,0,122,1,2,-1,-1,-1,1,0,0,0,,1,0,0,"[{'no': 1, 'up_bound': 0, 'low_bound': 0, 'range_id': 0, 'range_label': None}]"
Saving warranty information,データ保存用アイテム,vMAXSDYEAR_BU[4][0][0],323,323,1709,0,1,0x389C31,0x22,0xDA71,day,0,123,1,2,-1,-1,-1,1,0,0,0,,1,0,0,"[{'no': 1, 'up_bound': 0, 'low_bound': 0, 'range_id': 0, 'range_label': None}]"
Saving warranty information,データ保存用アイテム,vMAXSDYEAR_BU[4][0][1],324,324,1710,0,1,0x389C31,0x22,0xDA71,day,0,124,1,2,-1,-1,-1,1,0,0,0,,1,0,0,"[{'no': 1, 'up_bound': 0, 'low_bound': 0, 'range_id': 0, 'range_label': None}]"
Saving warranty information,データ保存用アイテム,vMAXSDYEAR_BU[4][0][2],325,325,1711,0,1,0x389C31,0x22,0xDA71,day,0,125,1,2,-1,-1,-1,1,0,0,0,,1,0,0,"[{'no': 1, 'up_bound': 0, 'low_bound': 0, 'range_id': 0, 'range_label': None}]"
Saving warranty information,データ保存用アイテム,vMAXSDYEAR_BU[4][1][0],326,326,1712,0,1,0x389C31,0x22,0xDA71,day,0,126,1,2,-1,-1,-1,1,0,0,0,,1,0,0,"[{'no': 1, 'up_bound': 0, 'low_bound': 0, 'range_id': 0, 'range_label': None}]"
Saving warranty information,データ保存用アイテム,vMAXSDYEAR_BU[4][1][1],327,327,1713,0,1,0x389C31,0x22,0xDA71,day,0,127,1,2,-1,-1,-1,1,0,0,0,,1,0,0,"[{'no': 1, 'up_bound': 0, 'low_bound': 0, 'range_id': 0, 'range_label': None}]"
Saving warranty information,データ保存用アイテム,vMAXSDYEAR_BU[4][1][2],328,328,1714,0,1,0x389C31,0x22,0xDA71,day,0,128,1,2,-1,-1,-1,1,0,0,0,,1,0,0,"[{'no': 1, 'up_bound': 0, 'low_bound': 0, 'range_id': 0, 'range_label': None}]"
Saving warranty information,データ保存用アイテム,vMAXSDYEAR_BU[4][2][0],329,329,1715,0,1,0x389C31,0x22,0xDA71,day,0,129,1,2,-1,-1,-1,1,0,0,0,,1,0,0,"[{'no': 1, 'up_bound': 0, 'low_bound': 0, 'range_id': 0, 'range_label': None}]"
Saving warranty information,データ保存用アイテム,vMAXSDYEAR_BU[4][2][1],330,330,1716,0,1,0x389C31,0x22,0xDA71,day,0,130,1,2,-1,-1,-1,1,0,0,0,,1,0,0,"[{'no': 1, 'up_bound': 0, 'low_bound': 0, 'range_id': 0, 'range_label': None}]"
Saving warranty information,データ保存用アイテム,vMAXSDYEAR_BU[4][2][2],331,331,1717,0,1,0x389C31,0x22,0xDA71,day,0,131,1,2,-1,-1,-1,1,0,0,0,,1,0,0,"[{'no': 1, 'up_bound': 0, 'low_bound': 0, 'range_id': 0, 'range_label': None}]"
Saving warranty information,データ保存用アイテム,vMAXSDYEAR_BU[4][3][0],332,332,1718,0,1,0x389C31,0x22,0xDA71,day,0,132,1,2,-1,-1,-1,1,0,0,0,,1,0,0,"[{'no': 1, 'up_bound': 0, 'low_bound': 0, 'range_id': 0, 'range_label': None}]"
Saving warranty information,データ保存用アイテム,vMAXSDYEAR_BU[4][3][1],333,333,1719,0,1,0x389C31,0x22,0xDA71,day,0,133,1,2,-1,-1,-1,1,0,0,0,,1,0,0,"[{'no': 1, 'up_bound': 0, 'low_bound': 0, 'range_id': 0, 'range_label': None}]"
Saving warranty information,データ保存用アイテム,vMAXSDYEAR_BU[4][3][2],334,334,1720,0,1,0x389C31,0x22,0xDA71,day,0,134,1,2,-1,-1,-1,1,0,0,0,,1,0,0,"[{'no': 1, 'up_bound': 0, 'low_bound': 0, 'range_id': 0, 'range_label': None}]"
Saving warranty information,データ保存用アイテム,vMAXSDYEAR_BU[4][4][0],335,335,1721,0,1,0x389C31,0x22,0xDA71,day,0,135,1,2,-1,-1,-1,1,0,0,0,,1,0,0,"[{'no': 1, 'up_bound': 0, 'low_bound': 0, 'range_id': 0, 'range_label': None}]"
Saving warranty information,データ保存用アイテム,vMAXSDYEAR_BU[4][4][1],336,336,1722,0,1,0x389C31,0x22,0xDA71,day,0,136,1,2,-1,-1,-1,1,0,0,0,,1,0,0,"[{'no': 1, 'up_bound': 0, 'low_bound': 0, 'range_id': 0, 'range_label': None}]"
Saving warranty information,データ保存用アイテム,vMAXSDYEAR_BU[4][4][2],337,337,1723,0,1,0x389C31,0x22,0xDA71,day,0,137,1,2,-1,-1,-1,1,0,0,0,,1,0,0,"[{'no': 1, 'up_bound': 0, 'low_bound': 0, 'range_id': 0, 'range_label': None}]"
Saving warranty information,データ保存用アイテム,vMAXSDYEAR_BU[4][5][0],338,338,1724,0,1,0x389C31,0x22,0xDA71,day,0,138,1,2,-1,-1,-1,1,0,0,0,,1,0,0,"[{'no': 1, 'up_bound': 0, 'low_bound': 0, 'range_id': 0, 'range_label': None}]"
Saving warranty information,データ保存用アイテム,vMAXSDYEAR_BU[4][5][1],339,339,1725,0,1,0x389C31,0x22,0xDA71,day,0,139,1,2,-1,-1,-1,1,0,0,0,,1,0,0,"[{'no': 1, 'up_bound': 0, 'low_bound': 0, 'range_id': 0, 'range_label': None}]"
Saving warranty information,データ保存用アイテム,vMAXSDYEAR_BU[4][5][2],340,340,1726,0,1,0x389C31,0x22,0xDA71,day,0,140,1,2,-1,-1,-1,1,0,0,0,,1,0,0,"[{'no': 1, 'up_bound': 0, 'low_bound': 0, 'range_id': 0, 'range_label': None}]"
Saving warranty information,データ保存用アイテム,vMAXSDYEAR_BU[4][6][0],341,341,1727,0,1,0x389C31,0x22,0xDA71,day,0,141,1,2,-1,-1,-1,1,0,0,0,,1,0,0,"[{'no': 1, 'up_bound': 0, 'low_bound': 0, 'range_id': 0, 'range_label': None}]"
Saving warranty information,データ保存用アイテム,vMAXSDYEAR_BU[4][6][1],342,342,1728,0,1,0x389C31,0x22,0xDA71,day,0,142,1,2,-1,-1,-1,1,0,0,0,,1,0,0,"[{'no': 1, 'up_bound': 0, 'low_bound': 0, 'range_id': 0, 'range_label': None}]"
Saving warranty information,データ保存用アイテム,vMAXSDYEAR_BU[4][6][2],343,343,1729,0,1,0x389C31,0x22,0xDA71,day,0,143,1,2,-1,-1,-1,1,0,0,0,,1,0,0,"[{'no': 1, 'up_bound': 0, 'low_bound': 0, 'range_id': 0, 'range_label': None}]"
Saving warranty information,データ保存用アイテム,vMAXSDYEAR_BU[4][7][0],344,344,1730,0,1,0x389C31,0x22,0xDA71,day,0,144,1,2,-1,-1,-1,1,0,0,0,,1,0,0,"[{'no': 1, 'up_bound': 0, 'low_bound': 0, 'range_id': 0, 'range_label': None}]"
Saving warranty information,データ保存用アイテム,vMAXSDYEAR_BU[4][7][1],345,345,1731,0,1,0x389C31,0x22,0xDA71,day,0,145,1,2,-1,-1,-1,1,0,0,0,,1,0,0,"[{'no': 1, 'up_bound': 0, 'low_bound': 0, 'range_id': 0, 'range_label': None}]"
Saving warranty information,データ保存用アイテム,vMAXSDYEAR_BU[4][7][2],346,346,1732,0,1,0x389C31,0x22,0xDA71,day,0,146,1,2,-1,-1,-1,1,0,0,0,,1,0,0,"[{'no': 1, 'up_bound': 0, 'low_bound': 0, 'range_id': 0, 'range_label': None}]"
Saving warranty information,データ保存用アイテム,vMAXSDYEAR_BU[4][8][0],347,347,1733,0,1,0x389C31,0x22,0xDA71,day,0,147,1,2,-1,-1,-1,1,0,0,0,,1,0,0,"[{'no': 1, 'up_bound': 0, 'low_bound': 0, 'range_id': 0, 'range_label': None}]"
Saving warranty information,データ保存用アイテム,vMAXSDYEAR_BU[4][8][1],348,348,1734,0,1,0x389C31,0x22,0xDA71,day,0,148,1,2,-1,-1,-1,1,0,0,0,,1,0,0,"[{'no': 1, 'up_bound': 0, 'low_bound': 0, 'range_id': 0, 'range_label': None}]"
Saving warranty information,データ保存用アイテム,vMAXSDYEAR_BU[4][8][2],349,349,1735,0,1,0x389C31,0x22,0xDA71,day,0,149,1,2,-1,-1,-1,1,0,0,0,,1,0,0,"[{'no': 1, 'up_bound': 0, 'low_bound': 0, 'range_id': 0, 'range_label': None}]"
Saving warranty information,データ保存用アイテム,vMAXSDYEAR_BU[4][9][0],350,350,1736,0,1,0x389C31,0x22,0xDA71,day,0,150,1,2,-1,-1,-1,1,0,0,0,,1,0,0,"[{'no': 1, 'up_bound': 0, 'low_bound': 0, 'range_id': 0, 'range_label': None}]"
Saving warranty information,データ保存用アイテム,vMAXSDYEAR_BU[4][9][1],351,351,1737,0,1,0x389C31,0x22,0xDA71,day,0,151,1,2,-1,-1,-1,1,0,0,0,,1,0,0,"[{'no': 1, 'up_bound': 0, 'low_bound': 0, 'range_id': 0, 'range_label': None}]"
Saving warranty information,データ保存用アイテム,vMAXSDYEAR_BU[4][9][2],352,352,1738,0,1,0x389C31,0x22,0xDA71,day,0,152,1,2,-1,-1,-1,1,0,0,0,,1,0,0,"[{'no': 1, 'up_bound': 0, 'low_bound': 0, 'range_id': 0, 'range_label': None}]"
Saving warranty information,データ保存用アイテム,vMINSDGAC_BU[0][0],353,353,1739,0,1,0x389C31,0x22,0xDA72,min,0,3,4,2,-1,-1,-1,1,0,0,0,,1,0,0,"[{'no': 1, 'up_bound': 0, 'low_bound': 0, 'range_id': 0, 'range_label': None}]"
Saving warranty information,データ保存用アイテム,vMINSDGAC_BU[0][1],354,354,1740,0,1,0x389C31,0x22,0xDA72,min,0,7,4,2,-1,-1,-1,1,0,0,0,,1,0,0,"[{'no': 1, 'up_bound': 0, 'low_bound': 0, 'range_id': 0, 'range_label': None}]"
Saving warranty information,データ保存用アイテム,vMINSDGAC_BU[0][2],355,355,1741,0,1,0x389C31,0x22,0xDA72,min,0,11,4,2,-1,-1,-1,1,0,0,0,,1,0,0,"[{'no': 1, 'up_bound': 0, 'low_bound': 0, 'range_id': 0, 'range_label': None}]"
Saving warranty information,データ保存用アイテム,vMINSDGAC_BU[1][0],356,356,1742,0,1,0x389C31,0x22,0xDA72,min,0,15,4,2,-1,-1,-1,1,0,0,0,,1,0,0,"[{'no': 1, 'up_bound': 0, 'low_bound': 0, 'range_id': 0, 'range_label': None}]"
Saving warranty information,データ保存用アイテム,vMINSDGAC_BU[1][1],357,357,1743,0,1,0x389C31,0x22,0xDA72,min,0,19,4,2,-1,-1,-1,1,0,0,0,,1,0,0,"[{'no': 1, 'up_bound': 0, 'low_bound': 0, 'range_id': 0, 'range_label': None}]"
Saving warranty information,データ保存用アイテム,vMINSDGAC_BU[1][2],358,358,1744,0,1,0x389C31,0x22,0xDA72,min,0,23,4,2,-1,-1,-1,1,0,0,0,,1,0,0,"[{'no': 1, 'up_bound': 0, 'low_bound': 0, 'range_id': 0, 'range_label': None}]"
Saving warranty information,データ保存用アイテム,vMINSDGAC_BU[2][0],359,359,1745,0,1,0x389C31,0x22,0xDA72,min,0,27,4,2,-1,-1,-1,1,0,0,0,,1,0,0,"[{'no': 1, 'up_bound': 0, 'low_bound': 0, 'range_id': 0, 'range_label': None}]"
Saving warranty information,データ保存用アイテム,vMINSDGAC_BU[2][1],360,360,1746,0,1,0x389C31,0x22,0xDA72,min,0,31,4,2,-1,-1,-1,1,0,0,0,,1,0,0,"[{'no': 1, 'up_bound': 0, 'low_bound': 0, 'range_id': 0, 'range_label': None}]"
Saving warranty information,データ保存用アイテム,vMINSDGAC_BU[2][2],361,361,1747,0,1,0x389C31,0x22,0xDA72,min,0,35,4,2,-1,-1,-1,1,0,0,0,,1,0,0,"[{'no': 1, 'up_bound': 0, 'low_bound': 0, 'range_id': 0, 'range_label': None}]"
Saving warranty information,データ保存用アイテム,vMINSDGAC_BU[3][0],362,362,1748,0,1,0x389C31,0x22,0xDA72,min,0,39,4,2,-1,-1,-1,1,0,0,0,,1,0,0,"[{'no': 1, 'up_bound': 0, 'low_bound': 0, 'range_id': 0, 'range_label': None}]"
Saving warranty information,データ保存用アイテム,vMINSDGAC_BU[3][1],363,363,1749,0,1,0x389C31,0x22,0xDA72,min,0,43,4,2,-1,-1,-1,1,0,0,0,,1,0,0,"[{'no': 1, 'up_bound': 0, 'low_bound': 0, 'range_id': 0, 'range_label': None}]"
Saving warranty information,データ保存用アイテム,vMINSDGAC_BU[3][2],364,364,1750,0,1,0x389C31,0x22,0xDA72,min,0,47,4,2,-1,-1,-1,1,0,0,0,,1,0,0,"[{'no': 1, 'up_bound': 0, 'low_bound': 0, 'range_id': 0, 'range_label': None}]"
Saving warranty information,データ保存用アイテム,vMINSDGAC_BU[4][0],365,365,1751,0,1,0x389C31,0x22,0xDA72,min,0,51,4,2,-1,-1,-1,1,0,0,0,,1,0,0,"[{'no': 1, 'up_bound': 0, 'low_bound': 0, 'range_id': 0, 'range_label': None}]"
Saving warranty information,データ保存用アイテム,vMINSDGAC_BU[4][1],366,366,1752,0,1,0x389C31,0x22,0xDA72,min,0,55,4,2,-1,-1,-1,1,0,0,0,,1,0,0,"[{'no': 1, 'up_bound': 0, 'low_bound': 0, 'range_id': 0, 'range_label': None}]"
Saving warranty information,データ保存用アイテム,vMINSDGAC_BU[4][2],367,367,1753,0,1,0x389C31,0x22,0xDA72,min,0,59,4,2,-1,-1,-1,1,0,0,0,,1,0,0,"[{'no': 1, 'up_bound': 0, 'low_bound': 0, 'range_id': 0, 'range_label': None}]"
Saving warranty information,データ保存用アイテム,vMINSDGAC_BU[5][0],368,368,1754,0,1,0x389C31,0x22,0xDA72,min,0,63,4,2,-1,-1,-1,1,0,0,0,,1,0,0,"[{'no': 1, 'up_bound': 0, 'low_bound': 0, 'range_id': 0, 'range_label': None}]"
Saving warranty information,データ保存用アイテム,vMINSDGAC_BU[5][1],369,369,1755,0,1,0x389C31,0x22,0xDA72,min,0,67,4,2,-1,-1,-1,1,0,0,0,,1,0,0,"[{'no': 1, 'up_bound': 0, 'low_bound': 0, 'range_id': 0, 'range_label': None}]"
Saving warranty information,データ保存用アイテム,vMINSDGAC_BU[5][2],370,370,1756,0,1,0x389C31,0x22,0xDA72,min,0,71,4,2,-1,-1,-1,1,0,0,0,,1,0,0,"[{'no': 1, 'up_bound': 0, 'low_bound': 0, 'range_id': 0, 'range_label': None}]"
Saving warranty information,データ保存用アイテム,vMINSDGAC_BU[6][0],371,371,1757,0,1,0x389C31,0x22,0xDA72,min,0,75,4,2,-1,-1,-1,1,0,0,0,,1,0,0,"[{'no': 1, 'up_bound': 0, 'low_bound': 0, 'range_id': 0, 'range_label': None}]"
Saving warranty information,データ保存用アイテム,vMINSDGAC_BU[6][1],372,372,1758,0,1,0x389C31,0x22,0xDA72,min,0,79,4,2,-1,-1,-1,1,0,0,0,,1,0,0,"[{'no': 1, 'up_bound': 0, 'low_bound': 0, 'range_id': 0, 'range_label': None}]"
Saving warranty information,データ保存用アイテム,vMINSDGAC_BU[6][2],373,373,1759,0,1,0x389C31,0x22,0xDA72,min,0,83,4,2,-1,-1,-1,1,0,0,0,,1,0,0,"[{'no': 1, 'up_bound': 0, 'low_bound': 0, 'range_id': 0, 'range_label': None}]"
Saving warranty information,データ保存用アイテム,vMINSDGAC_BU[7][0],374,374,1760,0,1,0x389C31,0x22,0xDA72,min,0,87,4,2,-1,-1,-1,1,0,0,0,,1,0,0,"[{'no': 1, 'up_bound': 0, 'low_bound': 0, 'range_id': 0, 'range_label': None}]"
Saving warranty information,データ保存用アイテム,vMINSDGAC_BU[7][1],375,375,1761,0,1,0x389C31,0x22,0xDA72,min,0,91,4,2,-1,-1,-1,1,0,0,0,,1,0,0,"[{'no': 1, 'up_bound': 0, 'low_bound': 0, 'range_id': 0, 'range_label': None}]"
Saving warranty information,データ保存用アイテム,vMINSDGAC_BU[7][2],376,376,1762,0,1,0x389C31,0x22,0xDA72,min,0,95,4,2,-1,-1,-1,1,0,0,0,,1,0,0,"[{'no': 1, 'up_bound': 0, 'low_bound': 0, 'range_id': 0, 'range_label': None}]"
Saving warranty information,データ保存用アイテム,vMINSDGAC_BU[8][0],377,377,1763,0,1,0x389C31,0x22,0xDA72,min,0,99,4,2,-1,-1,-1,1,0,0,0,,1,0,0,"[{'no': 1, 'up_bound': 0, 'low_bound': 0, 'range_id': 0, 'range_label': None}]"
Saving warranty information,データ保存用アイテム,vMINSDGAC_BU[8][1],378,378,1764,0,1,0x389C31,0x22,0xDA72,min,0,103,4,2,-1,-1,-1,1,0,0,0,,1,0,0,"[{'no': 1, 'up_bound': 0, 'low_bound': 0, 'range_id': 0, 'range_label': None}]"
Saving warranty information,データ保存用アイテム,vMINSDGAC_BU[8][2],379,379,1765,0,1,0x389C31,0x22,0xDA72,min,0,107,4,2,-1,-1,-1,1,0,0,0,,1,0,0,"[{'no': 1, 'up_bound': 0, 'low_bound': 0, 'range_id': 0, 'range_label': None}]"
Saving warranty information,データ保存用アイテム,vMINSDGAC_BU[9][0],380,380,1766,0,1,0x389C31,0x22,0xDA72,min,0,111,4,2,-1,-1,-1,1,0,0,0,,1,0,0,"[{'no': 1, 'up_bound': 0, 'low_bound': 0, 'range_id': 0, 'range_label': None}]"
Saving warranty information,データ保存用アイテム,vMINSDGAC_BU[9][1],381,381,1767,0,1,0x389C31,0x22,0xDA72,min,0,115,4,2,-1,-1,-1,1,0,0,0,,1,0,0,"[{'no': 1, 'up_bound': 0, 'low_bound': 0, 'range_id': 0, 'range_label': None}]"
Saving warranty information,データ保存用アイテム,vMINSDGAC_BU[9][2],382,382,1768,0,1,0x389C31,0x22,0xDA72,min,0,119,4,2,-1,-1,-1,1,0,0,0,,1,0,0,"[{'no': 1, 'up_bound': 0, 'low_bound': 0, 'range_id': 0, 'range_label': None}]"
Saving warranty information,データ保存用アイテム,vMINSDYEAR_BU[0][0][0],383,383,1769,0,1,0x389C31,0x22,0xDA73,day,0,3,1,2,-1,-1,-1,1,0,0,0,,1,0,0,"[{'no': 1, 'up_bound': 0, 'low_bound': 0, 'range_id': 0, 'range_label': None}]"
Saving warranty information,データ保存用アイテム,vMINSDYEAR_BU[0][0][1],384,384,1770,0,1,0x389C31,0x22,0xDA73,day,0,4,1,2,-1,-1,-1,1,0,0,0,,1,0,0,"[{'no': 1, 'up_bound': 0, 'low_bound': 0, 'range_id': 0, 'range_label': None}]"
Saving warranty information,データ保存用アイテム,vMINSDYEAR_BU[0][0][2],385,385,1771,0,1,0x389C31,0x22,0xDA73,day,0,5,1,2,-1,-1,-1,1,0,0,0,,1,0,0,"[{'no': 1, 'up_bound': 0, 'low_bound': 0, 'range_id': 0, 'range_label': None}]"
Saving warranty information,データ保存用アイテム,vMINSDYEAR_BU[0][1][0],386,386,1772,0,1,0x389C31,0x22,0xDA73,day,0,6,1,2,-1,-1,-1,1,0,0,0,,1,0,0,"[{'no': 1, 'up_bound': 0, 'low_bound': 0, 'range_id': 0, 'range_label': None}]"
Saving warranty information,データ保存用アイテム,vMINSDYEAR_BU[0][1][1],387,387,1773,0,1,0x389C31,0x22,0xDA73,day,0,7,1,2,-1,-1,-1,1,0,0,0,,1,0,0,"[{'no': 1, 'up_bound': 0, 'low_bound': 0, 'range_id': 0, 'range_label': None}]"
Saving warranty information,データ保存用アイテム,vMINSDYEAR_BU[0][1][2],388,388,1774,0,1,0x389C31,0x22,0xDA73,day,0,8,1,2,-1,-1,-1,1,0,0,0,,1,0,0,"[{'no': 1, 'up_bound': 0, 'low_bound': 0, 'range_id': 0, 'range_label': None}]"
Saving warranty information,データ保存用アイテム,vMINSDYEAR_BU[0][2][0],389,389,1775,0,1,0x389C31,0x22,0xDA73,day,0,9,1,2,-1,-1,-1,1,0,0,0,,1,0,0,"[{'no': 1, 'up_bound': 0, 'low_bound': 0, 'range_id': 0, 'range_label': None}]"
Saving warranty information,データ保存用アイテム,vMINSDYEAR_BU[0][2][1],390,390,1776,0,1,0x389C31,0x22,0xDA73,day,0,10,1,2,-1,-1,-1,1,0,0,0,,1,0,0,"[{'no': 1, 'up_bound': 0, 'low_bound': 0, 'range_id': 0, 'range_label': None}]"
Saving warranty information,データ保存用アイテム,vMINSDYEAR_BU[0][2][2],391,391,1777,0,1,0x389C31,0x22,0xDA73,day,0,11,1,2,-1,-1,-1,1,0,0,0,,1,0,0,"[{'no': 1, 'up_bound': 0, 'low_bound': 0, 'range_id': 0, 'range_label': None}]"
Saving warranty information,データ保存用アイテム,vMINSDYEAR_BU[0][3][0],392,392,1778,0,1,0x389C31,0x22,0xDA73,day,0,12,1,2,-1,-1,-1,1,0,0,0,,1,0,0,"[{'no': 1, 'up_bound': 0, 'low_bound': 0, 'range_id': 0, 'range_label': None}]"
Saving warranty information,データ保存用アイテム,vMINSDYEAR_BU[0][3][1],393,393,1779,0,1,0x389C31,0x22,0xDA73,day,0,13,1,2,-1,-1,-1,1,0,0,0,,1,0,0,"[{'no': 1, 'up_bound': 0, 'low_bound': 0, 'range_id': 0, 'range_label': None}]"
Saving warranty information,データ保存用アイテム,vMINSDYEAR_BU[0][3][2],394,394,1780,0,1,0x389C31,0x22,0xDA73,day,0,14,1,2,-1,-1,-1,1,0,0,0,,1,0,0,"[{'no': 1, 'up_bound': 0, 'low_bound': 0, 'range_id': 0, 'range_label': None}]"
Saving warranty information,データ保存用アイテム,vMINSDYEAR_BU[0][4][0],395,395,1781,0,1,0x389C31,0x22,0xDA73,day,0,15,1,2,-1,-1,-1,1,0,0,0,,1,0,0,"[{'no': 1, 'up_bound': 0, 'low_bound': 0, 'range_id': 0, 'range_label': None}]"
Saving warranty information,データ保存用アイテム,vMINSDYEAR_BU[0][4][1],396,396,1782,0,1,0x389C31,0x22,0xDA73,day,0,16,1,2,-1,-1,-1,1,0,0,0,,1,0,0,"[{'no': 1, 'up_bound': 0, 'low_bound': 0, 'range_id': 0, 'range_label': None}]"
Saving warranty information,データ保存用アイテム,vMINSDYEAR_BU[0][4][2],397,397,1783,0,1,0x389C31,0x22,0xDA73,day,0,17,1,2,-1,-1,-1,1,0,0,0,,1,0,0,"[{'no': 1, 'up_bound': 0, 'low_bound': 0, 'range_id': 0, 'range_label': None}]"
Saving warranty information,データ保存用アイテム,vMINSDYEAR_BU[0][5][0],398,398,1784,0,1,0x389C31,0x22,0xDA73,day,0,18,1,2,-1,-1,-1,1,0,0,0,,1,0,0,"[{'no': 1, 'up_bound': 0, 'low_bound': 0, 'range_id': 0, 'range_label': None}]"
Saving warranty information,データ保存用アイテム,vMINSDYEAR_BU[0][5][1],399,399,1785,0,1,0x389C31,0x22,0xDA73,day,0,19,1,2,-1,-1,-1,1,0,0,0,,1,0,0,"[{'no': 1, 'up_bound': 0, 'low_bound': 0, 'range_id': 0, 'range_label': None}]"
Saving warranty information,データ保存用アイテム,vMINSDYEAR_BU[0][5][2],400,400,1786,0,1,0x389C31,0x22,0xDA73,day,0,20,1,2,-1,-1,-1,1,0,0,0,,1,0,0,"[{'no': 1, 'up_bound': 0, 'low_bound': 0, 'range_id': 0, 'range_label': None}]"
Saving warranty information,データ保存用アイテム,vMINSDYEAR_BU[0][6][0],401,401,1787,0,1,0x389C31,0x22,0xDA73,day,0,21,1,2,-1,-1,-1,1,0,0,0,,1,0,0,"[{'no': 1, 'up_bound': 0, 'low_bound': 0, 'range_id': 0, 'range_label': None}]"
Saving warranty information,データ保存用アイテム,vMINSDYEAR_BU[0][6][1],402,402,1788,0,1,0x389C31,0x22,0xDA73,day,0,22,1,2,-1,-1,-1,1,0,0,0,,1,0,0,"[{'no': 1, 'up_bound': 0, 'low_bound': 0, 'range_id': 0, 'range_label': None}]"
Saving warranty information,データ保存用アイテム,vMINSDYEAR_BU[0][6][2],403,403,1789,0,1,0x389C31,0x22,0xDA73,day,0,23,1,2,-1,-1,-1,1,0,0,0,,1,0,0,"[{'no': 1, 'up_bound': 0, 'low_bound': 0, 'range_id': 0, 'range_label': None}]"
Saving warranty information,データ保存用アイテム,vMINSDYEAR_BU[0][7][0],404,404,1790,0,1,0x389C31,0x22,0xDA73,day,0,24,1,2,-1,-1,-1,1,0,0,0,,1,0,0,"[{'no': 1, 'up_bound': 0, 'low_bound': 0, 'range_id': 0, 'range_label': None}]"
Saving warranty information,データ保存用アイテム,vMINSDYEAR_BU[0][7][1],405,405,1791,0,1,0x389C31,0x22,0xDA73,day,0,25,1,2,-1,-1,-1,1,0,0,0,,1,0,0,"[{'no': 1, 'up_bound': 0, 'low_bound': 0, 'range_id': 0, 'range_label': None}]"
Saving warranty information,データ保存用アイテム,vMINSDYEAR_BU[0][7][2],406,406,1792,0,1,0x389C31,0x22,0xDA73,day,0,26,1,2,-1,-1,-1,1,0,0,0,,1,0,0,"[{'no': 1, 'up_bound': 0, 'low_bound': 0, 'range_id': 0, 'range_label': None}]"
Saving warranty information,データ保存用アイテム,vMINSDYEAR_BU[0][8][0],407,407,1793,0,1,0x389C31,0x22,0xDA73,day,0,27,1,2,-1,-1,-1,1,0,0,0,,1,0,0,"[{'no': 1, 'up_bound': 0, 'low_bound': 0, 'range_id': 0, 'range_label': None}]"
Saving warranty information,データ保存用アイテム,vMINSDYEAR_BU[0][8][1],408,408,1794,0,1,0x389C31,0x22,0xDA73,day,0,28,1,2,-1,-1,-1,1,0,0,0,,1,0,0,"[{'no': 1, 'up_bound': 0, 'low_bound': 0, 'range_id': 0, 'range_label': None}]"
Saving warranty information,データ保存用アイテム,vMINSDYEAR_BU[0][8][2],409,409,1795,0,1,0x389C31,0x22,0xDA73,day,0,29,1,2,-1,-1,-1,1,0,0,0,,1,0,0,"[{'no': 1, 'up_bound': 0, 'low_bound': 0, 'range_id': 0, 'range_label': None}]"
Saving warranty information,データ保存用アイテム,vMINSDYEAR_BU[0][9][0],410,410,1796,0,1,0x389C31,0x22,0xDA73,day,0,30,1,2,-1,-1,-1,1,0,0,0,,1,0,0,"[{'no': 1, 'up_bound': 0, 'low_bound': 0, 'range_id': 0, 'range_label': None}]"
Saving warranty information,データ保存用アイテム,vMINSDYEAR_BU[0][9][1],411,411,1797,0,1,0x389C31,0x22,0xDA73,day,0,31,1,2,-1,-1,-1,1,0,0,0,,1,0,0,"[{'no': 1, 'up_bound': 0, 'low_bound': 0, 'range_id': 0, 'range_label': None}]"
Saving warranty information,データ保存用アイテム,vMINSDYEAR_BU[0][9][2],412,412,1798,0,1,0x389C31,0x22,0xDA73,day,0,32,1,2,-1,-1,-1,1,0,0,0,,1,0,0,"[{'no': 1, 'up_bound': 0, 'low_bound': 0, 'range_id': 0, 'range_label': None}]"
Saving warranty information,データ保存用アイテム,vMINSDYEAR_BU[1][0][0],413,413,1799,0,1,0x389C31,0x22,0xDA73,day,0,33,1,2,-1,-1,-1,1,0,0,0,,1,0,0,"[{'no': 1, 'up_bound': 0, 'low_bound': 0, 'range_id': 0, 'range_label': None}]"
Saving warranty information,データ保存用アイテム,vMINSDYEAR_BU[1][0][1],414,414,1800,0,1,0x389C31,0x22,0xDA73,day,0,34,1,2,-1,-1,-1,1,0,0,0,,1,0,0,"[{'no': 1, 'up_bound': 0, 'low_bound': 0, 'range_id': 0, 'range_label': None}]"
Saving warranty information,データ保存用アイテム,vMINSDYEAR_BU[1][0][2],415,415,1801,0,1,0x389C31,0x22,0xDA73,day,0,35,1,2,-1,-1,-1,1,0,0,0,,1,0,0,"[{'no': 1, 'up_bound': 0, 'low_bound': 0, 'range_id': 0, 'range_label': None}]"
Saving warranty information,データ保存用アイテム,vMINSDYEAR_BU[1][1][0],416,416,1802,0,1,0x389C31,0x22,0xDA73,day,0,36,1,2,-1,-1,-1,1,0,0,0,,1,0,0,"[{'no': 1, 'up_bound': 0, 'low_bound': 0, 'range_id': 0, 'range_label': None}]"
Saving warranty information,データ保存用アイテム,vMINSDYEAR_BU[1][1][1],417,417,1803,0,1,0x389C31,0x22,0xDA73,day,0,37,1,2,-1,-1,-1,1,0,0,0,,1,0,0,"[{'no': 1, 'up_bound': 0, 'low_bound': 0, 'range_id': 0, 'range_label': None}]"
Saving warranty information,データ保存用アイテム,vMINSDYEAR_BU[1][1][2],418,418,1804,0,1,0x389C31,0x22,0xDA73,day,0,38,1,2,-1,-1,-1,1,0,0,0,,1,0,0,"[{'no': 1, 'up_bound': 0, 'low_bound': 0, 'range_id': 0, 'range_label': None}]"
Saving warranty information,データ保存用アイテム,vMINSDYEAR_BU[1][2][0],419,419,1805,0,1,0x389C31,0x22,0xDA73,day,0,39,1,2,-1,-1,-1,1,0,0,0,,1,0,0,"[{'no': 1, 'up_bound': 0, 'low_bound': 0, 'range_id': 0, 'range_label': None}]"
Saving warranty information,データ保存用アイテム,vMINSDYEAR_BU[1][2][1],420,420,1806,0,1,0x389C31,0x22,0xDA73,day,0,40,1,2,-1,-1,-1,1,0,0,0,,1,0,0,"[{'no': 1, 'up_bound': 0, 'low_bound': 0, 'range_id': 0, 'range_label': None}]"
Saving warranty information,データ保存用アイテム,vMINSDYEAR_BU[1][2][2],421,421,1807,0,1,0x389C31,0x22,0xDA73,day,0,41,1,2,-1,-1,-1,1,0,0,0,,1,0,0,"[{'no': 1, 'up_bound': 0, 'low_bound': 0, 'range_id': 0, 'range_label': None}]"
Saving warranty information,データ保存用アイテム,vMINSDYEAR_BU[1][3][0],422,422,1808,0,1,0x389C31,0x22,0xDA73,day,0,42,1,2,-1,-1,-1,1,0,0,0,,1,0,0,"[{'no': 1, 'up_bound': 0, 'low_bound': 0, 'range_id': 0, 'range_label': None}]"
Saving warranty information,データ保存用アイテム,vMINSDYEAR_BU[1][3][1],423,423,1809,0,1,0x389C31,0x22,0xDA73,day,0,43,1,2,-1,-1,-1,1,0,0,0,,1,0,0,"[{'no': 1, 'up_bound': 0, 'low_bound': 0, 'range_id': 0, 'range_label': None}]"
Saving warranty information,データ保存用アイテム,vMINSDYEAR_BU[1][3][2],424,424,1810,0,1,0x389C31,0x22,0xDA73,day,0,44,1,2,-1,-1,-1,1,0,0,0,,1,0,0,"[{'no': 1, 'up_bound': 0, 'low_bound': 0, 'range_id': 0, 'range_label': None}]"
Saving warranty information,データ保存用アイテム,vMINSDYEAR_BU[1][4][0],425,425,1811,0,1,0x389C31,0x22,0xDA73,day,0,45,1,2,-1,-1,-1,1,0,0,0,,1,0,0,"[{'no': 1, 'up_bound': 0, 'low_bound': 0, 'range_id': 0, 'range_label': None}]"
Saving warranty information,データ保存用アイテム,vMINSDYEAR_BU[1][4][1],426,426,1812,0,1,0x389C31,0x22,0xDA73,day,0,46,1,2,-1,-1,-1,1,0,0,0,,1,0,0,"[{'no': 1, 'up_bound': 0, 'low_bound': 0, 'range_id': 0, 'range_label': None}]"
Saving warranty information,データ保存用アイテム,vMINSDYEAR_BU[1][4][2],427,427,1813,0,1,0x389C31,0x22,0xDA73,day,0,47,1,2,-1,-1,-1,1,0,0,0,,1,0,0,"[{'no': 1, 'up_bound': 0, 'low_bound': 0, 'range_id': 0, 'range_label': None}]"
Saving warranty information,データ保存用アイテム,vMINSDYEAR_BU[1][5][0],428,428,1814,0,1,0x389C31,0x22,0xDA73,day,0,48,1,2,-1,-1,-1,1,0,0,0,,1,0,0,"[{'no': 1, 'up_bound': 0, 'low_bound': 0, 'range_id': 0, 'range_label': None}]"
Saving warranty information,データ保存用アイテム,vMINSDYEAR_BU[1][5][1],429,429,1815,0,1,0x389C31,0x22,0xDA73,day,0,49,1,2,-1,-1,-1,1,0,0,0,,1,0,0,"[{'no': 1, 'up_bound': 0, 'low_bound': 0, 'range_id': 0, 'range_label': None}]"
Saving warranty information,データ保存用アイテム,vMINSDYEAR_BU[1][5][2],430,430,1816,0,1,0x389C31,0x22,0xDA73,day,0,50,1,2,-1,-1,-1,1,0,0,0,,1,0,0,"[{'no': 1, 'up_bound': 0, 'low_bound': 0, 'range_id': 0, 'range_label': None}]"
Saving warranty information,データ保存用アイテム,vMINSDYEAR_BU[1][6][0],431,431,1817,0,1,0x389C31,0x22,0xDA73,day,0,51,1,2,-1,-1,-1,1,0,0,0,,1,0,0,"[{'no': 1, 'up_bound': 0, 'low_bound': 0, 'range_id': 0, 'range_label': None}]"
Saving warranty information,データ保存用アイテム,vMINSDYEAR_BU[1][6][1],432,432,1818,0,1,0x389C31,0x22,0xDA73,day,0,52,1,2,-1,-1,-1,1,0,0,0,,1,0,0,"[{'no': 1, 'up_bound': 0, 'low_bound': 0, 'range_id': 0, 'range_label': None}]"
Saving warranty information,データ保存用アイテム,vMINSDYEAR_BU[1][6][2],433,433,1819,0,1,0x389C31,0x22,0xDA73,day,0,53,1,2,-1,-1,-1,1,0,0,0,,1,0,0,"[{'no': 1, 'up_bound': 0, 'low_bound': 0, 'range_id': 0, 'range_label': None}]"
Saving warranty information,データ保存用アイテム,vMINSDYEAR_BU[1][7][0],434,434,1820,0,1,0x389C31,0x22,0xDA73,day,0,54,1,2,-1,-1,-1,1,0,0,0,,1,0,0,"[{'no': 1, 'up_bound': 0, 'low_bound': 0, 'range_id': 0, 'range_label': None}]"
Saving warranty information,データ保存用アイテム,vMINSDYEAR_BU[1][7][1],435,435,1821,0,1,0x389C31,0x22,0xDA73,day,0,55,1,2,-1,-1,-1,1,0,0,0,,1,0,0,"[{'no': 1, 'up_bound': 0, 'low_bound': 0, 'range_id': 0, 'range_label': None}]"
Saving warranty information,データ保存用アイテム,vMINSDYEAR_BU[1][7][2],436,436,1822,0,1,0x389C31,0x22,0xDA73,day,0,56,1,2,-1,-1,-1,1,0,0,0,,1,0,0,"[{'no': 1, 'up_bound': 0, 'low_bound': 0, 'range_id': 0, 'range_label': None}]"
Saving warranty information,データ保存用アイテム,vMINSDYEAR_BU[1][8][0],437,437,1823,0,1,0x389C31,0x22,0xDA73,day,0,57,1,2,-1,-1,-1,1,0,0,0,,1,0,0,"[{'no': 1, 'up_bound': 0, 'low_bound': 0, 'range_id': 0, 'range_label': None}]"
Saving warranty information,データ保存用アイテム,vMINSDYEAR_BU[1][8][1],438,438,1824,0,1,0x389C31,0x22,0xDA73,day,0,58,1,2,-1,-1,-1,1,0,0,0,,1,0,0,"[{'no': 1, 'up_bound': 0, 'low_bound': 0, 'range_id': 0, 'range_label': None}]"
Saving warranty information,データ保存用アイテム,vMINSDYEAR_BU[1][8][2],439,439,1825,0,1,0x389C31,0x22,0xDA73,day,0,59,1,2,-1,-1,-1,1,0,0,0,,1,0,0,"[{'no': 1, 'up_bound': 0, 'low_bound': 0, 'range_id': 0, 'range_label': None}]"
Saving warranty information,データ保存用アイテム,vMINSDYEAR_BU[1][9][0],440,440,1826,0,1,0x389C31,0x22,0xDA73,day,0,60,1,2,-1,-1,-1,1,0,0,0,,1,0,0,"[{'no': 1, 'up_bound': 0, 'low_bound': 0, 'range_id': 0, 'range_label': None}]"
Saving warranty information,データ保存用アイテム,vMINSDYEAR_BU[1][9][1],441,441,1827,0,1,0x389C31,0x22,0xDA73,day,0,61,1,2,-1,-1,-1,1,0,0,0,,1,0,0,"[{'no': 1, 'up_bound': 0, 'low_bound': 0, 'range_id': 0, 'range_label': None}]"
Saving warranty information,データ保存用アイテム,vMINSDYEAR_BU[1][9][2],442,442,1828,0,1,0x389C31,0x22,0xDA73,day,0,62,1,2,-1,-1,-1,1,0,0,0,,1,0,0,"[{'no': 1, 'up_bound': 0, 'low_bound': 0, 'range_id': 0, 'range_label': None}]"
Saving warranty information,データ保存用アイテム,vMINSDYEAR_BU[2][0][0],443,443,1829,0,1,0x389C31,0x22,0xDA73,day,0,63,1,2,-1,-1,-1,1,0,0,0,,1,0,0,"[{'no': 1, 'up_bound': 0, 'low_bound': 0, 'range_id': 0, 'range_label': None}]"
Saving warranty information,データ保存用アイテム,vMINSDYEAR_BU[2][0][1],444,444,1830,0,1,0x389C31,0x22,0xDA73,day,0,64,1,2,-1,-1,-1,1,0,0,0,,1,0,0,"[{'no': 1, 'up_bound': 0, 'low_bound': 0, 'range_id': 0, 'range_label': None}]"
Saving warranty information,データ保存用アイテム,vMINSDYEAR_BU[2][0][2],445,445,1831,0,1,0x389C31,0x22,0xDA73,day,0,65,1,2,-1,-1,-1,1,0,0,0,,1,0,0,"[{'no': 1, 'up_bound': 0, 'low_bound': 0, 'range_id': 0, 'range_label': None}]"
Saving warranty information,データ保存用アイテム,vMINSDYEAR_BU[2][1][0],446,446,1832,0,1,0x389C31,0x22,0xDA73,day,0,66,1,2,-1,-1,-1,1,0,0,0,,1,0,0,"[{'no': 1, 'up_bound': 0, 'low_bound': 0, 'range_id': 0, 'range_label': None}]"
Saving warranty information,データ保存用アイテム,vMINSDYEAR_BU[2][1][1],447,447,1833,0,1,0x389C31,0x22,0xDA73,day,0,67,1,2,-1,-1,-1,1,0,0,0,,1,0,0,"[{'no': 1, 'up_bound': 0, 'low_bound': 0, 'range_id': 0, 'range_label': None}]"
Saving warranty information,データ保存用アイテム,vMINSDYEAR_BU[2][1][2],448,448,1834,0,1,0x389C31,0x22,0xDA73,day,0,68,1,2,-1,-1,-1,1,0,0,0,,1,0,0,"[{'no': 1, 'up_bound': 0, 'low_bound': 0, 'range_id': 0, 'range_label': None}]"
Saving warranty information,データ保存用アイテム,vMINSDYEAR_BU[2][2][0],449,449,1835,0,1,0x389C31,0x22,0xDA73,day,0,69,1,2,-1,-1,-1,1,0,0,0,,1,0,0,"[{'no': 1, 'up_bound': 0, 'low_bound': 0, 'range_id': 0, 'range_label': None}]"
Saving warranty information,データ保存用アイテム,vMINSDYEAR_BU[2][2][1],450,450,1836,0,1,0x389C31,0x22,0xDA73,day,0,70,1,2,-1,-1,-1,1,0,0,0,,1,0,0,"[{'no': 1, 'up_bound': 0, 'low_bound': 0, 'range_id': 0, 'range_label': None}]"
Saving warranty information,データ保存用アイテム,vMINSDYEAR_BU[2][2][2],451,451,1837,0,1,0x389C31,0x22,0xDA73,day,0,71,1,2,-1,-1,-1,1,0,0,0,,1,0,0,"[{'no': 1, 'up_bound': 0, 'low_bound': 0, 'range_id': 0, 'range_label': None}]"
Saving warranty information,データ保存用アイテム,vMINSDYEAR_BU[2][3][0],452,452,1838,0,1,0x389C31,0x22,0xDA73,day,0,72,1,2,-1,-1,-1,1,0,0,0,,1,0,0,"[{'no': 1, 'up_bound': 0, 'low_bound': 0, 'range_id': 0, 'range_label': None}]"
Saving warranty information,データ保存用アイテム,vMINSDYEAR_BU[2][3][1],453,453,1839,0,1,0x389C31,0x22,0xDA73,day,0,73,1,2,-1,-1,-1,1,0,0,0,,1,0,0,"[{'no': 1, 'up_bound': 0, 'low_bound': 0, 'range_id': 0, 'range_label': None}]"
Saving warranty information,データ保存用アイテム,vMINSDYEAR_BU[2][3][2],454,454,1840,0,1,0x389C31,0x22,0xDA73,day,0,74,1,2,-1,-1,-1,1,0,0,0,,1,0,0,"[{'no': 1, 'up_bound': 0, 'low_bound': 0, 'range_id': 0, 'range_label': None}]"
Saving warranty information,データ保存用アイテム,vMINSDYEAR_BU[2][4][0],455,455,1841,0,1,0x389C31,0x22,0xDA73,day,0,75,1,2,-1,-1,-1,1,0,0,0,,1,0,0,"[{'no': 1, 'up_bound': 0, 'low_bound': 0, 'range_id': 0, 'range_label': None}]"
Saving warranty information,データ保存用アイテム,vMINSDYEAR_BU[2][4][1],456,456,1842,0,1,0x389C31,0x22,0xDA73,day,0,76,1,2,-1,-1,-1,1,0,0,0,,1,0,0,"[{'no': 1, 'up_bound': 0, 'low_bound': 0, 'range_id': 0, 'range_label': None}]"
Saving warranty information,データ保存用アイテム,vMINSDYEAR_BU[2][4][2],457,457,1843,0,1,0x389C31,0x22,0xDA73,day,0,77,1,2,-1,-1,-1,1,0,0,0,,1,0,0,"[{'no': 1, 'up_bound': 0, 'low_bound': 0, 'range_id': 0, 'range_label': None}]"
Saving warranty information,データ保存用アイテム,vMINSDYEAR_BU[2][5][0],458,458,1844,0,1,0x389C31,0x22,0xDA73,day,0,78,1,2,-1,-1,-1,1,0,0,0,,1,0,0,"[{'no': 1, 'up_bound': 0, 'low_bound': 0, 'range_id': 0, 'range_label': None}]"
Saving warranty information,データ保存用アイテム,vMINSDYEAR_BU[2][5][1],459,459,1845,0,1,0x389C31,0x22,0xDA73,day,0,79,1,2,-1,-1,-1,1,0,0,0,,1,0,0,"[{'no': 1, 'up_bound': 0, 'low_bound': 0, 'range_id': 0, 'range_label': None}]"
Saving warranty information,データ保存用アイテム,vMINSDYEAR_BU[2][5][2],460,460,1846,0,1,0x389C31,0x22,0xDA73,day,0,80,1,2,-1,-1,-1,1,0,0,0,,1,0,0,"[{'no': 1, 'up_bound': 0, 'low_bound': 0, 'range_id': 0, 'range_label': None}]"
Saving warranty information,データ保存用アイテム,vMINSDYEAR_BU[2][6][0],461,461,1847,0,1,0x389C31,0x22,0xDA73,day,0,81,1,2,-1,-1,-1,1,0,0,0,,1,0,0,"[{'no': 1, 'up_bound': 0, 'low_bound': 0, 'range_id': 0, 'range_label': None}]"
Saving warranty information,データ保存用アイテム,vMINSDYEAR_BU[2][6][1],462,462,1848,0,1,0x389C31,0x22,0xDA73,day,0,82,1,2,-1,-1,-1,1,0,0,0,,1,0,0,"[{'no': 1, 'up_bound': 0, 'low_bound': 0, 'range_id': 0, 'range_label': None}]"
Saving warranty information,データ保存用アイテム,vMINSDYEAR_BU[2][6][2],463,463,1849,0,1,0x389C31,0x22,0xDA73,day,0,83,1,2,-1,-1,-1,1,0,0,0,,1,0,0,"[{'no': 1, 'up_bound': 0, 'low_bound': 0, 'range_id': 0, 'range_label': None}]"
Saving warranty information,データ保存用アイテム,vMINSDYEAR_BU[2][7][0],464,464,1850,0,1,0x389C31,0x22,0xDA73,day,0,84,1,2,-1,-1,-1,1,0,0,0,,1,0,0,"[{'no': 1, 'up_bound': 0, 'low_bound': 0, 'range_id': 0, 'range_label': None}]"
Saving warranty information,データ保存用アイテム,vMINSDYEAR_BU[2][7][1],465,465,1851,0,1,0x389C31,0x22,0xDA73,day,0,85,1,2,-1,-1,-1,1,0,0,0,,1,0,0,"[{'no': 1, 'up_bound': 0, 'low_bound': 0, 'range_id': 0, 'range_label': None}]"
Saving warranty information,データ保存用アイテム,vMINSDYEAR_BU[2][7][2],466,466,1852,0,1,0x389C31,0x22,0xDA73,day,0,86,1,2,-1,-1,-1,1,0,0,0,,1,0,0,"[{'no': 1, 'up_bound': 0, 'low_bound': 0, 'range_id': 0, 'range_label': None}]"
Saving warranty information,データ保存用アイテム,vMINSDYEAR_BU[2][8][0],467,467,1853,0,1,0x389C31,0x22,0xDA73,day,0,87,1,2,-1,-1,-1,1,0,0,0,,1,0,0,"[{'no': 1, 'up_bound': 0, 'low_bound': 0, 'range_id': 0, 'range_label': None}]"
Saving warranty information,データ保存用アイテム,vMINSDYEAR_BU[2][8][1],468,468,1854,0,1,0x389C31,0x22,0xDA73,day,0,88,1,2,-1,-1,-1,1,0,0,0,,1,0,0,"[{'no': 1, 'up_bound': 0, 'low_bound': 0, 'range_id': 0, 'range_label': None}]"
Saving warranty information,データ保存用アイテム,vMINSDYEAR_BU[2][8][2],469,469,1855,0,1,0x389C31,0x22,0xDA73,day,0,89,1,2,-1,-1,-1,1,0,0,0,,1,0,0,"[{'no': 1, 'up_bound': 0, 'low_bound': 0, 'range_id': 0, 'range_label': None}]"
Saving warranty information,データ保存用アイテム,vMINSDYEAR_BU[2][9][0],470,470,1856,0,1,0x389C31,0x22,0xDA73,day,0,90,1,2,-1,-1,-1,1,0,0,0,,1,0,0,"[{'no': 1, 'up_bound': 0, 'low_bound': 0, 'range_id': 0, 'range_label': None}]"
Saving warranty information,データ保存用アイテム,vMINSDYEAR_BU[2][9][1],471,471,1857,0,1,0x389C31,0x22,0xDA73,day,0,91,1,2,-1,-1,-1,1,0,0,0,,1,0,0,"[{'no': 1, 'up_bound': 0, 'low_bound': 0, 'range_id': 0, 'range_label': None}]"
Saving warranty information,データ保存用アイテム,vMINSDYEAR_BU[2][9][2],472,472,1858,0,1,0x389C31,0x22,0xDA73,day,0,92,1,2,-1,-1,-1,1,0,0,0,,1,0,0,"[{'no': 1, 'up_bound': 0, 'low_bound': 0, 'range_id': 0, 'range_label': None}]"
Saving warranty information,データ保存用アイテム,vMINSDYEAR_BU[3][0][0],473,473,1859,0,1,0x389C31,0x22,0xDA73,day,0,93,1,2,-1,-1,-1,1,0,0,0,,1,0,0,"[{'no': 1, 'up_bound': 0, 'low_bound': 0, 'range_id': 0, 'range_label': None}]"
Saving warranty information,データ保存用アイテム,vMINSDYEAR_BU[3][0][1],474,474,1860,0,1,0x389C31,0x22,0xDA73,day,0,94,1,2,-1,-1,-1,1,0,0,0,,1,0,0,"[{'no': 1, 'up_bound': 0, 'low_bound': 0, 'range_id': 0, 'range_label': None}]"
Saving warranty information,データ保存用アイテム,vMINSDYEAR_BU[3][0][2],475,475,1861,0,1,0x389C31,0x22,0xDA73,day,0,95,1,2,-1,-1,-1,1,0,0,0,,1,0,0,"[{'no': 1, 'up_bound': 0, 'low_bound': 0, 'range_id': 0, 'range_label': None}]"
Saving warranty information,データ保存用アイテム,vMINSDYEAR_BU[3][1][0],476,476,1862,0,1,0x389C31,0x22,0xDA73,day,0,96,1,2,-1,-1,-1,1,0,0,0,,1,0,0,"[{'no': 1, 'up_bound': 0, 'low_bound': 0, 'range_id': 0, 'range_label': None}]"
Saving warranty information,データ保存用アイテム,vMINSDYEAR_BU[3][1][1],477,477,1863,0,1,0x389C31,0x22,0xDA73,day,0,97,1,2,-1,-1,-1,1,0,0,0,,1,0,0,"[{'no': 1, 'up_bound': 0, 'low_bound': 0, 'range_id': 0, 'range_label': None}]"
Saving warranty information,データ保存用アイテム,vMINSDYEAR_BU[3][1][2],478,478,1864,0,1,0x389C31,0x22,0xDA73,day,0,98,1,2,-1,-1,-1,1,0,0,0,,1,0,0,"[{'no': 1, 'up_bound': 0, 'low_bound': 0, 'range_id': 0, 'range_label': None}]"
Saving warranty information,データ保存用アイテム,vMINSDYEAR_BU[3][2][0],479,479,1865,0,1,0x389C31,0x22,0xDA73,day,0,99,1,2,-1,-1,-1,1,0,0,0,,1,0,0,"[{'no': 1, 'up_bound': 0, 'low_bound': 0, 'range_id': 0, 'range_label': None}]"
Saving warranty information,データ保存用アイテム,vMINSDYEAR_BU[3][2][1],480,480,1866,0,1,0x389C31,0x22,0xDA73,day,0,100,1,2,-1,-1,-1,1,0,0,0,,1,0,0,"[{'no': 1, 'up_bound': 0, 'low_bound': 0, 'range_id': 0, 'range_label': None}]"
Saving warranty information,データ保存用アイテム,vMINSDYEAR_BU[3][2][2],481,481,1867,0,1,0x389C31,0x22,0xDA73,day,0,101,1,2,-1,-1,-1,1,0,0,0,,1,0,0,"[{'no': 1, 'up_bound': 0, 'low_bound': 0, 'range_id': 0, 'range_label': None}]"
Saving warranty information,データ保存用アイテム,vMINSDYEAR_BU[3][3][0],482,482,1868,0,1,0x389C31,0x22,0xDA73,day,0,102,1,2,-1,-1,-1,1,0,0,0,,1,0,0,"[{'no': 1, 'up_bound': 0, 'low_bound': 0, 'range_id': 0, 'range_label': None}]"
Saving warranty information,データ保存用アイテム,vMINSDYEAR_BU[3][3][1],483,483,1869,0,1,0x389C31,0x22,0xDA73,day,0,103,1,2,-1,-1,-1,1,0,0,0,,1,0,0,"[{'no': 1, 'up_bound': 0, 'low_bound': 0, 'range_id': 0, 'range_label': None}]"
Saving warranty information,データ保存用アイテム,vMINSDYEAR_BU[3][3][2],484,484,1870,0,1,0x389C31,0x22,0xDA73,day,0,104,1,2,-1,-1,-1,1,0,0,0,,1,0,0,"[{'no': 1, 'up_bound': 0, 'low_bound': 0, 'range_id': 0, 'range_label': None}]"
Saving warranty information,データ保存用アイテム,vMINSDYEAR_BU[3][4][0],485,485,1871,0,1,0x389C31,0x22,0xDA73,day,0,105,1,2,-1,-1,-1,1,0,0,0,,1,0,0,"[{'no': 1, 'up_bound': 0, 'low_bound': 0, 'range_id': 0, 'range_label': None}]"
Saving warranty information,データ保存用アイテム,vMINSDYEAR_BU[3][4][1],486,486,1872,0,1,0x389C31,0x22,0xDA73,day,0,106,1,2,-1,-1,-1,1,0,0,0,,1,0,0,"[{'no': 1, 'up_bound': 0, 'low_bound': 0, 'range_id': 0, 'range_label': None}]"
Saving warranty information,データ保存用アイテム,vMINSDYEAR_BU[3][4][2],487,487,1873,0,1,0x389C31,0x22,0xDA73,day,0,107,1,2,-1,-1,-1,1,0,0,0,,1,0,0,"[{'no': 1, 'up_bound': 0, 'low_bound': 0, 'range_id': 0, 'range_label': None}]"
Saving warranty information,データ保存用アイテム,vMINSDYEAR_BU[3][5][0],488,488,1874,0,1,0x389C31,0x22,0xDA73,day,0,108,1,2,-1,-1,-1,1,0,0,0,,1,0,0,"[{'no': 1, 'up_bound': 0, 'low_bound': 0, 'range_id': 0, 'range_label': None}]"
Saving warranty information,データ保存用アイテム,vMINSDYEAR_BU[3][5][1],489,489,1875,0,1,0x389C31,0x22,0xDA73,day,0,109,1,2,-1,-1,-1,1,0,0,0,,1,0,0,"[{'no': 1, 'up_bound': 0, 'low_bound': 0, 'range_id': 0, 'range_label': None}]"
Saving warranty information,データ保存用アイテム,vMINSDYEAR_BU[3][5][2],490,490,1876,0,1,0x389C31,0x22,0xDA73,day,0,110,1,2,-1,-1,-1,1,0,0,0,,1,0,0,"[{'no': 1, 'up_bound': 0, 'low_bound': 0, 'range_id': 0, 'range_label': None}]"
Saving warranty information,データ保存用アイテム,vMINSDYEAR_BU[3][6][0],491,491,1877,0,1,0x389C31,0x22,0xDA73,day,0,111,1,2,-1,-1,-1,1,0,0,0,,1,0,0,"[{'no': 1, 'up_bound': 0, 'low_bound': 0, 'range_id': 0, 'range_label': None}]"
Saving warranty information,データ保存用アイテム,vMINSDYEAR_BU[3][6][1],492,492,1878,0,1,0x389C31,0x22,0xDA73,day,0,112,1,2,-1,-1,-1,1,0,0,0,,1,0,0,"[{'no': 1, 'up_bound': 0, 'low_bound': 0, 'range_id': 0, 'range_label': None}]"
Saving warranty information,データ保存用アイテム,vMINSDYEAR_BU[3][6][2],493,493,1879,0,1,0x389C31,0x22,0xDA73,day,0,113,1,2,-1,-1,-1,1,0,0,0,,1,0,0,"[{'no': 1, 'up_bound': 0, 'low_bound': 0, 'range_id': 0, 'range_label': None}]"
Saving warranty information,データ保存用アイテム,vMINSDYEAR_BU[3][7][0],494,494,1880,0,1,0x389C31,0x22,0xDA73,day,0,114,1,2,-1,-1,-1,1,0,0,0,,1,0,0,"[{'no': 1, 'up_bound': 0, 'low_bound': 0, 'range_id': 0, 'range_label': None}]"
Saving warranty information,データ保存用アイテム,vMINSDYEAR_BU[3][7][1],495,495,1881,0,1,0x389C31,0x22,0xDA73,day,0,115,1,2,-1,-1,-1,1,0,0,0,,1,0,0,"[{'no': 1, 'up_bound': 0, 'low_bound': 0, 'range_id': 0, 'range_label': None}]"
Saving warranty information,データ保存用アイテム,vMINSDYEAR_BU[3][7][2],496,496,1882,0,1,0x389C31,0x22,0xDA73,day,0,116,1,2,-1,-1,-1,1,0,0,0,,1,0,0,"[{'no': 1, 'up_bound': 0, 'low_bound': 0, 'range_id': 0, 'range_label': None}]"
Saving warranty information,データ保存用アイテム,vMINSDYEAR_BU[3][8][0],497,497,1883,0,1,0x389C31,0x22,0xDA73,day,0,117,1,2,-1,-1,-1,1,0,0,0,,1,0,0,"[{'no': 1, 'up_bound': 0, 'low_bound': 0, 'range_id': 0, 'range_label': None}]"
Saving warranty information,データ保存用アイテム,vMINSDYEAR_BU[3][8][1],498,498,1884,0,1,0x389C31,0x22,0xDA73,day,0,118,1,2,-1,-1,-1,1,0,0,0,,1,0,0,"[{'no': 1, 'up_bound': 0, 'low_bound': 0, 'range_id': 0, 'range_label': None}]"
Saving warranty information,データ保存用アイテム,vMINSDYEAR_BU[3][8][2],499,499,1885,0,1,0x389C31,0x22,0xDA73,day,0,119,1,2,-1,-1,-1,1,0,0,0,,1,0,0,"[{'no': 1, 'up_bound': 0, 'low_bound': 0, 'range_id': 0, 'range_label': None}]"
Saving warranty information,データ保存用アイテム,vMINSDYEAR_BU[3][9][0],500,500,1886,0,1,0x389C31,0x22,0xDA73,day,0,120,1,2,-1,-1,-1,1,0,0,0,,1,0,0,"[{'no': 1, 'up_bound': 0, 'low_bound': 0, 'range_id': 0, 'range_label': None}]"
Saving warranty information,データ保存用アイテム,vMINSDYEAR_BU[3][9][1],501,501,1887,0,1,0x389C31,0x22,0xDA73,day,0,121,1,2,-1,-1,-1,1,0,0,0,,1,0,0,"[{'no': 1, 'up_bound': 0, 'low_bound': 0, 'range_id': 0, 'range_label': None}]"
Saving warranty information,データ保存用アイテム,vMINSDYEAR_BU[3][9][2],502,502,1888,0,1,0x389C31,0x22,0xDA73,day,0,122,1,2,-1,-1,-1,1,0,0,0,,1,0,0,"[{'no': 1, 'up_bound': 0, 'low_bound': 0, 'range_id': 0, 'range_label': None}]"
Saving warranty information,データ保存用アイテム,vMINSDYEAR_BU[4][0][0],503,503,1889,0,1,0x389C31,0x22,0xDA73,day,0,123,1,2,-1,-1,-1,1,0,0,0,,1,0,0,"[{'no': 1, 'up_bound': 0, 'low_bound': 0, 'range_id': 0, 'range_label': None}]"
Saving warranty information,データ保存用アイテム,vMINSDYEAR_BU[4][0][1],504,504,1890,0,1,0x389C31,0x22,0xDA73,day,0,124,1,2,-1,-1,-1,1,0,0,0,,1,0,0,"[{'no': 1, 'up_bound': 0, 'low_bound': 0, 'range_id': 0, 'range_label': None}]"
Saving warranty information,データ保存用アイテム,vMINSDYEAR_BU[4][0][2],505,505,1891,0,1,0x389C31,0x22,0xDA73,day,0,125,1,2,-1,-1,-1,1,0,0,0,,1,0,0,"[{'no': 1, 'up_bound': 0, 'low_bound': 0, 'range_id': 0, 'range_label': None}]"
Saving warranty information,データ保存用アイテム,vMINSDYEAR_BU[4][1][0],506,506,1892,0,1,0x389C31,0x22,0xDA73,day,0,126,1,2,-1,-1,-1,1,0,0,0,,1,0,0,"[{'no': 1, 'up_bound': 0, 'low_bound': 0, 'range_id': 0, 'range_label': None}]"
Saving warranty information,データ保存用アイテム,vMINSDYEAR_BU[4][1][1],507,507,1893,0,1,0x389C31,0x22,0xDA73,day,0,127,1,2,-1,-1,-1,1,0,0,0,,1,0,0,"[{'no': 1, 'up_bound': 0, 'low_bound': 0, 'range_id': 0, 'range_label': None}]"
Saving warranty information,データ保存用アイテム,vMINSDYEAR_BU[4][1][2],508,508,1894,0,1,0x389C31,0x22,0xDA73,day,0,128,1,2,-1,-1,-1,1,0,0,0,,1,0,0,"[{'no': 1, 'up_bound': 0, 'low_bound': 0, 'range_id': 0, 'range_label': None}]"
Saving warranty information,データ保存用アイテム,vMINSDYEAR_BU[4][2][0],509,509,1895,0,1,0x389C31,0x22,0xDA73,day,0,129,1,2,-1,-1,-1,1,0,0,0,,1,0,0,"[{'no': 1, 'up_bound': 0, 'low_bound': 0, 'range_id': 0, 'range_label': None}]"
Saving warranty information,データ保存用アイテム,vMINSDYEAR_BU[4][2][1],510,510,1896,0,1,0x389C31,0x22,0xDA73,day,0,130,1,2,-1,-1,-1,1,0,0,0,,1,0,0,"[{'no': 1, 'up_bound': 0, 'low_bound': 0, 'range_id': 0, 'range_label': None}]"
Saving warranty information,データ保存用アイテム,vMINSDYEAR_BU[4][2][2],511,511,1897,0,1,0x389C31,0x22,0xDA73,day,0,131,1,2,-1,-1,-1,1,0,0,0,,1,0,0,"[{'no': 1, 'up_bound': 0, 'low_bound': 0, 'range_id': 0, 'range_label': None}]"
Saving warranty information,データ保存用アイテム,vMINSDYEAR_BU[4][3][0],512,512,1898,0,1,0x389C31,0x22,0xDA73,day,0,132,1,2,-1,-1,-1,1,0,0,0,,1,0,0,"[{'no': 1, 'up_bound': 0, 'low_bound': 0, 'range_id': 0, 'range_label': None}]"
Saving warranty information,データ保存用アイテム,vMINSDYEAR_BU[4][3][1],513,513,1899,0,1,0x389C31,0x22,0xDA73,day,0,133,1,2,-1,-1,-1,1,0,0,0,,1,0,0,"[{'no': 1, 'up_bound': 0, 'low_bound': 0, 'range_id': 0, 'range_label': None}]"
Saving warranty information,データ保存用アイテム,vMINSDYEAR_BU[4][3][2],514,514,1900,0,1,0x389C31,0x22,0xDA73,day,0,134,1,2,-1,-1,-1,1,0,0,0,,1,0,0,"[{'no': 1, 'up_bound': 0, 'low_bound': 0, 'range_id': 0, 'range_label': None}]"
Saving warranty information,データ保存用アイテム,vMINSDYEAR_BU[4][4][0],515,515,1901,0,1,0x389C31,0x22,0xDA73,day,0,135,1,2,-1,-1,-1,1,0,0,0,,1,0,0,"[{'no': 1, 'up_bound': 0, 'low_bound': 0, 'range_id': 0, 'range_label': None}]"
Saving warranty information,データ保存用アイテム,vMINSDYEAR_BU[4][4][1],516,516,1902,0,1,0x389C31,0x22,0xDA73,day,0,136,1,2,-1,-1,-1,1,0,0,0,,1,0,0,"[{'no': 1, 'up_bound': 0, 'low_bound': 0, 'range_id': 0, 'range_label': None}]"
Saving warranty information,データ保存用アイテム,vMINSDYEAR_BU[4][4][2],517,517,1903,0,1,0x389C31,0x22,0xDA73,day,0,137,1,2,-1,-1,-1,1,0,0,0,,1,0,0,"[{'no': 1, 'up_bound': 0, 'low_bound': 0, 'range_id': 0, 'range_label': None}]"
Saving warranty information,データ保存用アイテム,vMINSDYEAR_BU[4][5][0],518,518,1904,0,1,0x389C31,0x22,0xDA73,day,0,138,1,2,-1,-1,-1,1,0,0,0,,1,0,0,"[{'no': 1, 'up_bound': 0, 'low_bound': 0, 'range_id': 0, 'range_label': None}]"
Saving warranty information,データ保存用アイテム,vMINSDYEAR_BU[4][5][1],519,519,1905,0,1,0x389C31,0x22,0xDA73,day,0,139,1,2,-1,-1,-1,1,0,0,0,,1,0,0,"[{'no': 1, 'up_bound': 0, 'low_bound': 0, 'range_id': 0, 'range_label': None}]"
Saving warranty information,データ保存用アイテム,vMINSDYEAR_BU[4][5][2],520,520,1906,0,1,0x389C31,0x22,0xDA73,day,0,140,1,2,-1,-1,-1,1,0,0,0,,1,0,0,"[{'no': 1, 'up_bound': 0, 'low_bound': 0, 'range_id': 0, 'range_label': None}]"
Saving warranty information,データ保存用アイテム,vMINSDYEAR_BU[4][6][0],521,521,1907,0,1,0x389C31,0x22,0xDA73,day,0,141,1,2,-1,-1,-1,1,0,0,0,,1,0,0,"[{'no': 1, 'up_bound': 0, 'low_bound': 0, 'range_id': 0, 'range_label': None}]"
Saving warranty information,データ保存用アイテム,vMINSDYEAR_BU[4][6][1],522,522,1908,0,1,0x389C31,0x22,0xDA73,day,0,142,1,2,-1,-1,-1,1,0,0,0,,1,0,0,"[{'no': 1, 'up_bound': 0, 'low_bound': 0, 'range_id': 0, 'range_label': None}]"
Saving warranty information,データ保存用アイテム,vMINSDYEAR_BU[4][6][2],523,523,1909,0,1,0x389C31,0x22,0xDA73,day,0,143,1,2,-1,-1,-1,1,0,0,0,,1,0,0,"[{'no': 1, 'up_bound': 0, 'low_bound': 0, 'range_id': 0, 'range_label': None}]"
Saving warranty information,データ保存用アイテム,vMINSDYEAR_BU[4][7][0],524,524,1910,0,1,0x389C31,0x22,0xDA73,day,0,144,1,2,-1,-1,-1,1,0,0,0,,1,0,0,"[{'no': 1, 'up_bound': 0, 'low_bound': 0, 'range_id': 0, 'range_label': None}]"
Saving warranty information,データ保存用アイテム,vMINSDYEAR_BU[4][7][1],525,525,1911,0,1,0x389C31,0x22,0xDA73,day,0,145,1,2,-1,-1,-1,1,0,0,0,,1,0,0,"[{'no': 1, 'up_bound': 0, 'low_bound': 0, 'range_id': 0, 'range_label': None}]"
Saving warranty information,データ保存用アイテム,vMINSDYEAR_BU[4][7][2],526,526,1912,0,1,0x389C31,0x22,0xDA73,day,0,146,1,2,-1,-1,-1,1,0,0,0,,1,0,0,"[{'no': 1, 'up_bound': 0, 'low_bound': 0, 'range_id': 0, 'range_label': None}]"
Saving warranty information,データ保存用アイテム,vMINSDYEAR_BU[4][8][0],527,527,1913,0,1,0x389C31,0x22,0xDA73,day,0,147,1,2,-1,-1,-1,1,0,0,0,,1,0,0,"[{'no': 1, 'up_bound': 0, 'low_bound': 0, 'range_id': 0, 'range_label': None}]"
Saving warranty information,データ保存用アイテム,vMINSDYEAR_BU[4][8][1],528,528,1914,0,1,0x389C31,0x22,0xDA73,day,0,148,1,2,-1,-1,-1,1,0,0,0,,1,0,0,"[{'no': 1, 'up_bound': 0, 'low_bound': 0, 'range_id': 0, 'range_label': None}]"
Saving warranty information,データ保存用アイテム,vMINSDYEAR_BU[4][8][2],529,529,1915,0,1,0x389C31,0x22,0xDA73,day,0,149,1,2,-1,-1,-1,1,0,0,0,,1,0,0,"[{'no': 1, 'up_bound': 0, 'low_bound': 0, 'range_id': 0, 'range_label': None}]"
Saving warranty information,データ保存用アイテム,vMINSDYEAR_BU[4][9][0],530,530,1916,0,1,0x389C31,0x22,0xDA73,day,0,150,1,2,-1,-1,-1,1,0,0,0,,1,0,0,"[{'no': 1, 'up_bound': 0, 'low_bound': 0, 'range_id': 0, 'range_label': None}]"
Saving warranty information,データ保存用アイテム,vMINSDYEAR_BU[4][9][1],531,531,1917,0,1,0x389C31,0x22,0xDA73,day,0,151,1,2,-1,-1,-1,1,0,0,0,,1,0,0,"[{'no': 1, 'up_bound': 0, 'low_bound': 0, 'range_id': 0, 'range_label': None}]"
Saving warranty information,データ保存用アイテム,vMINSDYEAR_BU[4][9][2],532,532,1918,0,1,0x389C31,0x22,0xDA73,day,0,152,1,2,-1,-1,-1,1,0,0,0,,1,0,0,"[{'no': 1, 'up_bound': 0, 'low_bound': 0, 'range_id': 0, 'range_label': None}]"
Saving warranty information,データ保存用アイテム,vMAXCDGAC_BU[0],533,533,1919,0,1,0x389C31,0x22,0xDA74,min,0,3,4,2,-1,-1,-1,1,0,0,0,,1,0,0,"[{'no': 1, 'up_bound': 0, 'low_bound': 0, 'range_id': 0, 'range_label': None}]"
Saving warranty information,データ保存用アイテム,vMAXCDGAC_BU[1],534,534,1920,0,1,0x389C31,0x22,0xDA74,min,0,7,4,2,-1,-1,-1,1,0,0,0,,1,0,0,"[{'no': 1, 'up_bound': 0, 'low_bound': 0, 'range_id': 0, 'range_label': None}]"
Saving warranty information,データ保存用アイテム,vMAXCDGAC_BU[2],535,535,1921,0,1,0x389C31,0x22,0xDA74,min,0,11,4,2,-1,-1,-1,1,0,0,0,,1,0,0,"[{'no': 1, 'up_bound': 0, 'low_bound': 0, 'range_id': 0, 'range_label': None}]"
Saving warranty information,データ保存用アイテム,vMAXCDGAC_BU[3],536,536,1922,0,1,0x389C31,0x22,0xDA74,min,0,15,4,2,-1,-1,-1,1,0,0,0,,1,0,0,"[{'no': 1, 'up_bound': 0, 'low_bound': 0, 'range_id': 0, 'range_label': None}]"
Saving warranty information,データ保存用アイテム,vMAXCDGAC_BU[4],537,537,1923,0,1,0x389C31,0x22,0xDA74,min,0,19,4,2,-1,-1,-1,1,0,0,0,,1,0,0,"[{'no': 1, 'up_bound': 0, 'low_bound': 0, 'range_id': 0, 'range_label': None}]"
Saving warranty information,データ保存用アイテム,vMAXCDGAC_BU[5],538,538,1924,0,1,0x389C31,0x22,0xDA74,min,0,23,4,2,-1,-1,-1,1,0,0,0,,1,0,0,"[{'no': 1, 'up_bound': 0, 'low_bound': 0, 'range_id': 0, 'range_label': None}]"
Saving warranty information,データ保存用アイテム,vMAXCDGAC_BU[6],539,539,1925,0,1,0x389C31,0x22,0xDA74,min,0,27,4,2,-1,-1,-1,1,0,0,0,,1,0,0,"[{'no': 1, 'up_bound': 0, 'low_bound': 0, 'range_id': 0, 'range_label': None}]"
Saving warranty information,データ保存用アイテム,vMAXCDGAC_BU[7],540,540,1926,0,1,0x389C31,0x22,0xDA74,min,0,31,4,2,-1,-1,-1,1,0,0,0,,1,0,0,"[{'no': 1, 'up_bound': 0, 'low_bound': 0, 'range_id': 0, 'range_label': None}]"
Saving warranty information,データ保存用アイテム,vMAXCDGAC_BU[8],541,541,1927,0,1,0x389C31,0x22,0xDA74,min,0,35,4,2,-1,-1,-1,1,0,0,0,,1,0,0,"[{'no': 1, 'up_bound': 0, 'low_bound': 0, 'range_id': 0, 'range_label': None}]"
Saving warranty information,データ保存用アイテム,vMINCDGAC_BU[0],542,542,1928,0,1,0x389C31,0x22,0xDA74,min,0,39,4,2,-1,-1,-1,1,0,0,0,,1,0,0,"[{'no': 1, 'up_bound': 0, 'low_bound': 0, 'range_id': 0, 'range_label': None}]"
Saving warranty information,データ保存用アイテム,vMINCDGAC_BU[1],543,543,1929,0,1,0x389C31,0x22,0xDA74,min,0,43,4,2,-1,-1,-1,1,0,0,0,,1,0,0,"[{'no': 1, 'up_bound': 0, 'low_bound': 0, 'range_id': 0, 'range_label': None}]"
Saving warranty information,データ保存用アイテム,vMINCDGAC_BU[2],544,544,1930,0,1,0x389C31,0x22,0xDA74,min,0,47,4,2,-1,-1,-1,1,0,0,0,,1,0,0,"[{'no': 1, 'up_bound': 0, 'low_bound': 0, 'range_id': 0, 'range_label': None}]"
Saving warranty information,データ保存用アイテム,vMINCDGAC_BU[3],545,545,1931,0,1,0x389C31,0x22,0xDA74,min,0,51,4,2,-1,-1,-1,1,0,0,0,,1,0,0,"[{'no': 1, 'up_bound': 0, 'low_bound': 0, 'range_id': 0, 'range_label': None}]"
Saving warranty information,データ保存用アイテム,vMINCDGAC_BU[4],546,546,1932,0,1,0x389C31,0x22,0xDA74,min,0,55,4,2,-1,-1,-1,1,0,0,0,,1,0,0,"[{'no': 1, 'up_bound': 0, 'low_bound': 0, 'range_id': 0, 'range_label': None}]"
Saving warranty information,データ保存用アイテム,vMINCDGAC_BU[5],547,547,1933,0,1,0x389C31,0x22,0xDA74,min,0,59,4,2,-1,-1,-1,1,0,0,0,,1,0,0,"[{'no': 1, 'up_bound': 0, 'low_bound': 0, 'range_id': 0, 'range_label': None}]"
Saving warranty information,データ保存用アイテム,vMINCDGAC_BU[6],548,548,1934,0,1,0x389C31,0x22,0xDA74,min,0,63,4,2,-1,-1,-1,1,0,0,0,,1,0,0,"[{'no': 1, 'up_bound': 0, 'low_bound': 0, 'range_id': 0, 'range_label': None}]"
Saving warranty information,データ保存用アイテム,vMINCDGAC_BU[7],549,549,1935,0,1,0x389C31,0x22,0xDA74,min,0,67,4,2,-1,-1,-1,1,0,0,0,,1,0,0,"[{'no': 1, 'up_bound': 0, 'low_bound': 0, 'range_id': 0, 'range_label': None}]"
Saving warranty information,データ保存用アイテム,vMINCDGAC_BU[8],550,550,1936,0,1,0x389C31,0x22,0xDA74,min,0,71,4,2,-1,-1,-1,1,0,0,0,,1,0,0,"[{'no': 1, 'up_bound': 0, 'low_bound': 0, 'range_id': 0, 'range_label': None}]"
Saving warranty information,データ保存用アイテム,vMAXCDYEAR_BU[0][0],551,551,1937,0,1,0x389C31,0x22,0xDA75,day,0,3,1,2,-1,-1,-1,1,0,0,0,,1,0,0,"[{'no': 1, 'up_bound': 0, 'low_bound': 0, 'range_id': 0, 'range_label': None}]"
Saving warranty information,データ保存用アイテム,vMAXCDYEAR_BU[0][1],552,552,1938,0,1,0x389C31,0x22,0xDA75,day,0,4,1,2,-1,-1,-1,1,0,0,0,,1,0,0,"[{'no': 1, 'up_bound': 0, 'low_bound': 0, 'range_id': 0, 'range_label': None}]"
Saving warranty information,データ保存用アイテム,vMAXCDYEAR_BU[0][2],553,553,1939,0,1,0x389C31,0x22,0xDA75,day,0,5,1,2,-1,-1,-1,1,0,0,0,,1,0,0,"[{'no': 1, 'up_bound': 0, 'low_bound': 0, 'range_id': 0, 'range_label': None}]"
Saving warranty information,データ保存用アイテム,vMAXCDYEAR_BU[0][3],554,554,1940,0,1,0x389C31,0x22,0xDA75,day,0,6,1,2,-1,-1,-1,1,0,0,0,,1,0,0,"[{'no': 1, 'up_bound': 0, 'low_bound': 0, 'range_id': 0, 'range_label': None}]"
Saving warranty information,データ保存用アイテム,vMAXCDYEAR_BU[0][4],555,555,1941,0,1,0x389C31,0x22,0xDA75,day,0,7,1,2,-1,-1,-1,1,0,0,0,,1,0,0,"[{'no': 1, 'up_bound': 0, 'low_bound': 0, 'range_id': 0, 'range_label': None}]"
Saving warranty information,データ保存用アイテム,vMAXCDYEAR_BU[0][5],556,556,1942,0,1,0x389C31,0x22,0xDA75,day,0,8,1,2,-1,-1,-1,1,0,0,0,,1,0,0,"[{'no': 1, 'up_bound': 0, 'low_bound': 0, 'range_id': 0, 'range_label': None}]"
Saving warranty information,データ保存用アイテム,vMAXCDYEAR_BU[0][6],557,557,1943,0,1,0x389C31,0x22,0xDA75,day,0,9,1,2,-1,-1,-1,1,0,0,0,,1,0,0,"[{'no': 1, 'up_bound': 0, 'low_bound': 0, 'range_id': 0, 'range_label': None}]"
Saving warranty information,データ保存用アイテム,vMAXCDYEAR_BU[0][7],558,558,1944,0,1,0x389C31,0x22,0xDA75,day,0,10,1,2,-1,-1,-1,1,0,0,0,,1,0,0,"[{'no': 1, 'up_bound': 0, 'low_bound': 0, 'range_id': 0, 'range_label': None}]"
Saving warranty information,データ保存用アイテム,vMAXCDYEAR_BU[0][8],559,559,1945,0,1,0x389C31,0x22,0xDA75,day,0,11,1,2,-1,-1,-1,1,0,0,0,,1,0,0,"[{'no': 1, 'up_bound': 0, 'low_bound': 0, 'range_id': 0, 'range_label': None}]"
Saving warranty information,データ保存用アイテム,vMAXCDYEAR_BU[1][0],560,560,1946,0,1,0x389C31,0x22,0xDA75,day,0,12,1,2,-1,-1,-1,1,0,0,0,,1,0,0,"[{'no': 1, 'up_bound': 0, 'low_bound': 0, 'range_id': 0, 'range_label': None}]"
Saving warranty information,データ保存用アイテム,vMAXCDYEAR_BU[1][1],561,561,1947,0,1,0x389C31,0x22,0xDA75,day,0,13,1,2,-1,-1,-1,1,0,0,0,,1,0,0,"[{'no': 1, 'up_bound': 0, 'low_bound': 0, 'range_id': 0, 'range_label': None}]"
Saving warranty information,データ保存用アイテム,vMAXCDYEAR_BU[1][2],562,562,1948,0,1,0x389C31,0x22,0xDA75,day,0,14,1,2,-1,-1,-1,1,0,0,0,,1,0,0,"[{'no': 1, 'up_bound': 0, 'low_bound': 0, 'range_id': 0, 'range_label': None}]"
Saving warranty information,データ保存用アイテム,vMAXCDYEAR_BU[1][3],563,563,1949,0,1,0x389C31,0x22,0xDA75,day,0,15,1,2,-1,-1,-1,1,0,0,0,,1,0,0,"[{'no': 1, 'up_bound': 0, 'low_bound': 0, 'range_id': 0, 'range_label': None}]"
Saving warranty information,データ保存用アイテム,vMAXCDYEAR_BU[1][4],564,564,1950,0,1,0x389C31,0x22,0xDA75,day,0,16,1,2,-1,-1,-1,1,0,0,0,,1,0,0,"[{'no': 1, 'up_bound': 0, 'low_bound': 0, 'range_id': 0, 'range_label': None}]"
Saving warranty information,データ保存用アイテム,vMAXCDYEAR_BU[1][5],565,565,1951,0,1,0x389C31,0x22,0xDA75,day,0,17,1,2,-1,-1,-1,1,0,0,0,,1,0,0,"[{'no': 1, 'up_bound': 0, 'low_bound': 0, 'range_id': 0, 'range_label': None}]"
Saving warranty information,データ保存用アイテム,vMAXCDYEAR_BU[1][6],566,566,1952,0,1,0x389C31,0x22,0xDA75,day,0,18,1,2,-1,-1,-1,1,0,0,0,,1,0,0,"[{'no': 1, 'up_bound': 0, 'low_bound': 0, 'range_id': 0, 'range_label': None}]"
Saving warranty information,データ保存用アイテム,vMAXCDYEAR_BU[1][7],567,567,1953,0,1,0x389C31,0x22,0xDA75,day,0,19,1,2,-1,-1,-1,1,0,0,0,,1,0,0,"[{'no': 1, 'up_bound': 0, 'low_bound': 0, 'range_id': 0, 'range_label': None}]"
Saving warranty information,データ保存用アイテム,vMAXCDYEAR_BU[1][8],568,568,1954,0,1,0x389C31,0x22,0xDA75,day,0,20,1,2,-1,-1,-1,1,0,0,0,,1,0,0,"[{'no': 1, 'up_bound': 0, 'low_bound': 0, 'range_id': 0, 'range_label': None}]"
Saving warranty information,データ保存用アイテム,vMAXCDYEAR_BU[2][0],569,569,1955,0,1,0x389C31,0x22,0xDA75,day,0,21,1,2,-1,-1,-1,1,0,0,0,,1,0,0,"[{'no': 1, 'up_bound': 0, 'low_bound': 0, 'range_id': 0, 'range_label': None}]"
Saving warranty information,データ保存用アイテム,vMAXCDYEAR_BU[2][1],570,570,1956,0,1,0x389C31,0x22,0xDA75,day,0,22,1,2,-1,-1,-1,1,0,0,0,,1,0,0,"[{'no': 1, 'up_bound': 0, 'low_bound': 0, 'range_id': 0, 'range_label': None}]"
Saving warranty information,データ保存用アイテム,vMAXCDYEAR_BU[2][2],571,571,1957,0,1,0x389C31,0x22,0xDA75,day,0,23,1,2,-1,-1,-1,1,0,0,0,,1,0,0,"[{'no': 1, 'up_bound': 0, 'low_bound': 0, 'range_id': 0, 'range_label': None}]"
Saving warranty information,データ保存用アイテム,vMAXCDYEAR_BU[2][3],572,572,1958,0,1,0x389C31,0x22,0xDA75,day,0,24,1,2,-1,-1,-1,1,0,0,0,,1,0,0,"[{'no': 1, 'up_bound': 0, 'low_bound': 0, 'range_id': 0, 'range_label': None}]"
Saving warranty information,データ保存用アイテム,vMAXCDYEAR_BU[2][4],573,573,1959,0,1,0x389C31,0x22,0xDA75,day,0,25,1,2,-1,-1,-1,1,0,0,0,,1,0,0,"[{'no': 1, 'up_bound': 0, 'low_bound': 0, 'range_id': 0, 'range_label': None}]"
Saving warranty information,データ保存用アイテム,vMAXCDYEAR_BU[2][5],574,574,1960,0,1,0x389C31,0x22,0xDA75,day,0,26,1,2,-1,-1,-1,1,0,0,0,,1,0,0,"[{'no': 1, 'up_bound': 0, 'low_bound': 0, 'range_id': 0, 'range_label': None}]"
Saving warranty information,データ保存用アイテム,vMAXCDYEAR_BU[2][6],575,575,1961,0,1,0x389C31,0x22,0xDA75,day,0,27,1,2,-1,-1,-1,1,0,0,0,,1,0,0,"[{'no': 1, 'up_bound': 0, 'low_bound': 0, 'range_id': 0, 'range_label': None}]"
Saving warranty information,データ保存用アイテム,vMAXCDYEAR_BU[2][7],576,576,1962,0,1,0x389C31,0x22,0xDA75,day,0,28,1,2,-1,-1,-1,1,0,0,0,,1,0,0,"[{'no': 1, 'up_bound': 0, 'low_bound': 0, 'range_id': 0, 'range_label': None}]"
Saving warranty information,データ保存用アイテム,vMAXCDYEAR_BU[2][8],577,577,1963,0,1,0x389C31,0x22,0xDA75,day,0,29,1,2,-1,-1,-1,1,0,0,0,,1,0,0,"[{'no': 1, 'up_bound': 0, 'low_bound': 0, 'range_id': 0, 'range_label': None}]"
Saving warranty information,データ保存用アイテム,vMAXCDYEAR_BU[3][0],578,578,1964,0,1,0x389C31,0x22,0xDA75,day,0,30,1,2,-1,-1,-1,1,0,0,0,,1,0,0,"[{'no': 1, 'up_bound': 0, 'low_bound': 0, 'range_id': 0, 'range_label': None}]"
Saving warranty information,データ保存用アイテム,vMAXCDYEAR_BU[3][1],579,579,1965,0,1,0x389C31,0x22,0xDA75,day,0,31,1,2,-1,-1,-1,1,0,0,0,,1,0,0,"[{'no': 1, 'up_bound': 0, 'low_bound': 0, 'range_id': 0, 'range_label': None}]"
Saving warranty information,データ保存用アイテム,vMAXCDYEAR_BU[3][2],580,580,1966,0,1,0x389C31,0x22,0xDA75,day,0,32,1,2,-1,-1,-1,1,0,0,0,,1,0,0,"[{'no': 1, 'up_bound': 0, 'low_bound': 0, 'range_id': 0, 'range_label': None}]"
Saving warranty information,データ保存用アイテム,vMAXCDYEAR_BU[3][3],581,581,1967,0,1,0x389C31,0x22,0xDA75,day,0,33,1,2,-1,-1,-1,1,0,0,0,,1,0,0,"[{'no': 1, 'up_bound': 0, 'low_bound': 0, 'range_id': 0, 'range_label': None}]"
Saving warranty information,データ保存用アイテム,vMAXCDYEAR_BU[3][4],582,582,1968,0,1,0x389C31,0x22,0xDA75,day,0,34,1,2,-1,-1,-1,1,0,0,0,,1,0,0,"[{'no': 1, 'up_bound': 0, 'low_bound': 0, 'range_id': 0, 'range_label': None}]"
Saving warranty information,データ保存用アイテム,vMAXCDYEAR_BU[3][5],583,583,1969,0,1,0x389C31,0x22,0xDA75,day,0,35,1,2,-1,-1,-1,1,0,0,0,,1,0,0,"[{'no': 1, 'up_bound': 0, 'low_bound': 0, 'range_id': 0, 'range_label': None}]"
Saving warranty information,データ保存用アイテム,vMAXCDYEAR_BU[3][6],584,584,1970,0,1,0x389C31,0x22,0xDA75,day,0,36,1,2,-1,-1,-1,1,0,0,0,,1,0,0,"[{'no': 1, 'up_bound': 0, 'low_bound': 0, 'range_id': 0, 'range_label': None}]"
Saving warranty information,データ保存用アイテム,vMAXCDYEAR_BU[3][7],585,585,1971,0,1,0x389C31,0x22,0xDA75,day,0,37,1,2,-1,-1,-1,1,0,0,0,,1,0,0,"[{'no': 1, 'up_bound': 0, 'low_bound': 0, 'range_id': 0, 'range_label': None}]"
Saving warranty information,データ保存用アイテム,vMAXCDYEAR_BU[3][8],586,586,1972,0,1,0x389C31,0x22,0xDA75,day,0,38,1,2,-1,-1,-1,1,0,0,0,,1,0,0,"[{'no': 1, 'up_bound': 0, 'low_bound': 0, 'range_id': 0, 'range_label': None}]"
Saving warranty information,データ保存用アイテム,vMAXCDYEAR_BU[4][0],587,587,1973,0,1,0x389C31,0x22,0xDA75,day,0,39,1,2,-1,-1,-1,1,0,0,0,,1,0,0,"[{'no': 1, 'up_bound': 0, 'low_bound': 0, 'range_id': 0, 'range_label': None}]"
Saving warranty information,データ保存用アイテム,vMAXCDYEAR_BU[4][1],588,588,1974,0,1,0x389C31,0x22,0xDA75,day,0,40,1,2,-1,-1,-1,1,0,0,0,,1,0,0,"[{'no': 1, 'up_bound': 0, 'low_bound': 0, 'range_id': 0, 'range_label': None}]"
Saving warranty information,データ保存用アイテム,vMAXCDYEAR_BU[4][2],589,589,1975,0,1,0x389C31,0x22,0xDA75,day,0,41,1,2,-1,-1,-1,1,0,0,0,,1,0,0,"[{'no': 1, 'up_bound': 0, 'low_bound': 0, 'range_id': 0, 'range_label': None}]"
Saving warranty information,データ保存用アイテム,vMAXCDYEAR_BU[4][3],590,590,1976,0,1,0x389C31,0x22,0xDA75,day,0,42,1,2,-1,-1,-1,1,0,0,0,,1,0,0,"[{'no': 1, 'up_bound': 0, 'low_bound': 0, 'range_id': 0, 'range_label': None}]"
Saving warranty information,データ保存用アイテム,vMAXCDYEAR_BU[4][4],591,591,1977,0,1,0x389C31,0x22,0xDA75,day,0,43,1,2,-1,-1,-1,1,0,0,0,,1,0,0,"[{'no': 1, 'up_bound': 0, 'low_bound': 0, 'range_id': 0, 'range_label': None}]"
Saving warranty information,データ保存用アイテム,vMAXCDYEAR_BU[4][5],592,592,1978,0,1,0x389C31,0x22,0xDA75,day,0,44,1,2,-1,-1,-1,1,0,0,0,,1,0,0,"[{'no': 1, 'up_bound': 0, 'low_bound': 0, 'range_id': 0, 'range_label': None}]"
Saving warranty information,データ保存用アイテム,vMAXCDYEAR_BU[4][6],593,593,1979,0,1,0x389C31,0x22,0xDA75,day,0,45,1,2,-1,-1,-1,1,0,0,0,,1,0,0,"[{'no': 1, 'up_bound': 0, 'low_bound': 0, 'range_id': 0, 'range_label': None}]"
Saving warranty information,データ保存用アイテム,vMAXCDYEAR_BU[4][7],594,594,1980,0,1,0x389C31,0x22,0xDA75,day,0,46,1,2,-1,-1,-1,1,0,0,0,,1,0,0,"[{'no': 1, 'up_bound': 0, 'low_bound': 0, 'range_id': 0, 'range_label': None}]"
Saving warranty information,データ保存用アイテム,vMAXCDYEAR_BU[4][8],595,595,1981,0,1,0x389C31,0x22,0xDA75,day,0,47,1,2,-1,-1,-1,1,0,0,0,,1,0,0,"[{'no': 1, 'up_bound': 0, 'low_bound': 0, 'range_id': 0, 'range_label': None}]"
Saving warranty information,データ保存用アイテム,vMINCDYEAR_BU[0][0],596,596,1982,0,1,0x389C31,0x22,0xDA76,day,0,3,1,2,-1,-1,-1,1,0,0,0,,1,0,0,"[{'no': 1, 'up_bound': 0, 'low_bound': 0, 'range_id': 0, 'range_label': None}]"
Saving warranty information,データ保存用アイテム,vMINCDYEAR_BU[0][1],597,597,1983,0,1,0x389C31,0x22,0xDA76,day,0,4,1,2,-1,-1,-1,1,0,0,0,,1,0,0,"[{'no': 1, 'up_bound': 0, 'low_bound': 0, 'range_id': 0, 'range_label': None}]"
Saving warranty information,データ保存用アイテム,vMINCDYEAR_BU[0][2],598,598,1984,0,1,0x389C31,0x22,0xDA76,day,0,5,1,2,-1,-1,-1,1,0,0,0,,1,0,0,"[{'no': 1, 'up_bound': 0, 'low_bound': 0, 'range_id': 0, 'range_label': None}]"
Saving warranty information,データ保存用アイテム,vMINCDYEAR_BU[0][3],599,599,1985,0,1,0x389C31,0x22,0xDA76,day,0,6,1,2,-1,-1,-1,1,0,0,0,,1,0,0,"[{'no': 1, 'up_bound': 0, 'low_bound': 0, 'range_id': 0, 'range_label': None}]"
Saving warranty information,データ保存用アイテム,vMINCDYEAR_BU[0][4],600,600,1986,0,1,0x389C31,0x22,0xDA76,day,0,7,1,2,-1,-1,-1,1,0,0,0,,1,0,0,"[{'no': 1, 'up_bound': 0, 'low_bound': 0, 'range_id': 0, 'range_label': None}]"
Saving warranty information,データ保存用アイテム,vMINCDYEAR_BU[0][5],601,601,1987,0,1,0x389C31,0x22,0xDA76,day,0,8,1,2,-1,-1,-1,1,0,0,0,,1,0,0,"[{'no': 1, 'up_bound': 0, 'low_bound': 0, 'range_id': 0, 'range_label': None}]"
Saving warranty information,データ保存用アイテム,vMINCDYEAR_BU[0][6],602,602,1988,0,1,0x389C31,0x22,0xDA76,day,0,9,1,2,-1,-1,-1,1,0,0,0,,1,0,0,"[{'no': 1, 'up_bound': 0, 'low_bound': 0, 'range_id': 0, 'range_label': None}]"
Saving warranty information,データ保存用アイテム,vMINCDYEAR_BU[0][7],603,603,1989,0,1,0x389C31,0x22,0xDA76,day,0,10,1,2,-1,-1,-1,1,0,0,0,,1,0,0,"[{'no': 1, 'up_bound': 0, 'low_bound': 0, 'range_id': 0, 'range_label': None}]"
Saving warranty information,データ保存用アイテム,vMINCDYEAR_BU[0][8],604,604,1990,0,1,0x389C31,0x22,0xDA76,day,0,11,1,2,-1,-1,-1,1,0,0,0,,1,0,0,"[{'no': 1, 'up_bound': 0, 'low_bound': 0, 'range_id': 0, 'range_label': None}]"
Saving warranty information,データ保存用アイテム,vMINCDYEAR_BU[1][0],605,605,1991,0,1,0x389C31,0x22,0xDA76,day,0,12,1,2,-1,-1,-1,1,0,0,0,,1,0,0,"[{'no': 1, 'up_bound': 0, 'low_bound': 0, 'range_id': 0, 'range_label': None}]"
Saving warranty information,データ保存用アイテム,vMINCDYEAR_BU[1][1],606,606,1992,0,1,0x389C31,0x22,0xDA76,day,0,13,1,2,-1,-1,-1,1,0,0,0,,1,0,0,"[{'no': 1, 'up_bound': 0, 'low_bound': 0, 'range_id': 0, 'range_label': None}]"
Saving warranty information,データ保存用アイテム,vMINCDYEAR_BU[1][2],607,607,1993,0,1,0x389C31,0x22,0xDA76,day,0,14,1,2,-1,-1,-1,1,0,0,0,,1,0,0,"[{'no': 1, 'up_bound': 0, 'low_bound': 0, 'range_id': 0, 'range_label': None}]"
Saving warranty information,データ保存用アイテム,vMINCDYEAR_BU[1][3],608,608,1994,0,1,0x389C31,0x22,0xDA76,day,0,15,1,2,-1,-1,-1,1,0,0,0,,1,0,0,"[{'no': 1, 'up_bound': 0, 'low_bound': 0, 'range_id': 0, 'range_label': None}]"
Saving warranty information,データ保存用アイテム,vMINCDYEAR_BU[1][4],609,609,1995,0,1,0x389C31,0x22,0xDA76,day,0,16,1,2,-1,-1,-1,1,0,0,0,,1,0,0,"[{'no': 1, 'up_bound': 0, 'low_bound': 0, 'range_id': 0, 'range_label': None}]"
Saving warranty information,データ保存用アイテム,vMINCDYEAR_BU[1][5],610,610,1996,0,1,0x389C31,0x22,0xDA76,day,0,17,1,2,-1,-1,-1,1,0,0,0,,1,0,0,"[{'no': 1, 'up_bound': 0, 'low_bound': 0, 'range_id': 0, 'range_label': None}]"
Saving warranty information,データ保存用アイテム,vMINCDYEAR_BU[1][6],611,611,1997,0,1,0x389C31,0x22,0xDA76,day,0,18,1,2,-1,-1,-1,1,0,0,0,,1,0,0,"[{'no': 1, 'up_bound': 0, 'low_bound': 0, 'range_id': 0, 'range_label': None}]"
Saving warranty information,データ保存用アイテム,vMINCDYEAR_BU[1][7],612,612,1998,0,1,0x389C31,0x22,0xDA76,day,0,19,1,2,-1,-1,-1,1,0,0,0,,1,0,0,"[{'no': 1, 'up_bound': 0, 'low_bound': 0, 'range_id': 0, 'range_label': None}]"
Saving warranty information,データ保存用アイテム,vMINCDYEAR_BU[1][8],613,613,1999,0,1,0x389C31,0x22,0xDA76,day,0,20,1,2,-1,-1,-1,1,0,0,0,,1,0,0,"[{'no': 1, 'up_bound': 0, 'low_bound': 0, 'range_id': 0, 'range_label': None}]"
Saving warranty information,データ保存用アイテム,vMINCDYEAR_BU[2][0],614,614,2000,0,1,0x389C31,0x22,0xDA76,day,0,21,1,2,-1,-1,-1,1,0,0,0,,1,0,0,"[{'no': 1, 'up_bound': 0, 'low_bound': 0, 'range_id': 0, 'range_label': None}]"
Saving warranty information,データ保存用アイテム,vMINCDYEAR_BU[2][1],615,615,2001,0,1,0x389C31,0x22,0xDA76,day,0,22,1,2,-1,-1,-1,1,0,0,0,,1,0,0,"[{'no': 1, 'up_bound': 0, 'low_bound': 0, 'range_id': 0, 'range_label': None}]"
Saving warranty information,データ保存用アイテム,vMINCDYEAR_BU[2][2],616,616,2002,0,1,0x389C31,0x22,0xDA76,day,0,23,1,2,-1,-1,-1,1,0,0,0,,1,0,0,"[{'no': 1, 'up_bound': 0, 'low_bound': 0, 'range_id': 0, 'range_label': None}]"
Saving warranty information,データ保存用アイテム,vMINCDYEAR_BU[2][3],617,617,2003,0,1,0x389C31,0x22,0xDA76,day,0,24,1,2,-1,-1,-1,1,0,0,0,,1,0,0,"[{'no': 1, 'up_bound': 0, 'low_bound': 0, 'range_id': 0, 'range_label': None}]"
Saving warranty information,データ保存用アイテム,vMINCDYEAR_BU[2][4],618,618,2004,0,1,0x389C31,0x22,0xDA76,day,0,25,1,2,-1,-1,-1,1,0,0,0,,1,0,0,"[{'no': 1, 'up_bound': 0, 'low_bound': 0, 'range_id': 0, 'range_label': None}]"
Saving warranty information,データ保存用アイテム,vMINCDYEAR_BU[2][5],619,619,2005,0,1,0x389C31,0x22,0xDA76,day,0,26,1,2,-1,-1,-1,1,0,0,0,,1,0,0,"[{'no': 1, 'up_bound': 0, 'low_bound': 0, 'range_id': 0, 'range_label': None}]"
Saving warranty information,データ保存用アイテム,vMINCDYEAR_BU[2][6],620,620,2006,0,1,0x389C31,0x22,0xDA76,day,0,27,1,2,-1,-1,-1,1,0,0,0,,1,0,0,"[{'no': 1, 'up_bound': 0, 'low_bound': 0, 'range_id': 0, 'range_label': None}]"
Saving warranty information,データ保存用アイテム,vMINCDYEAR_BU[2][7],621,621,2007,0,1,0x389C31,0x22,0xDA76,day,0,28,1,2,-1,-1,-1,1,0,0,0,,1,0,0,"[{'no': 1, 'up_bound': 0, 'low_bound': 0, 'range_id': 0, 'range_label': None}]"
Saving warranty information,データ保存用アイテム,vMINCDYEAR_BU[2][8],622,622,2008,0,1,0x389C31,0x22,0xDA76,day,0,29,1,2,-1,-1,-1,1,0,0,0,,1,0,0,"[{'no': 1, 'up_bound': 0, 'low_bound': 0, 'range_id': 0, 'range_label': None}]"
Saving warranty information,データ保存用アイテム,vMINCDYEAR_BU[3][0],623,623,2009,0,1,0x389C31,0x22,0xDA76,day,0,30,1,2,-1,-1,-1,1,0,0,0,,1,0,0,"[{'no': 1, 'up_bound': 0, 'low_bound': 0, 'range_id': 0, 'range_label': None}]"
Saving warranty information,データ保存用アイテム,vMINCDYEAR_BU[3][1],624,624,2010,0,1,0x389C31,0x22,0xDA76,day,0,31,1,2,-1,-1,-1,1,0,0,0,,1,0,0,"[{'no': 1, 'up_bound': 0, 'low_bound': 0, 'range_id': 0, 'range_label': None}]"
Saving warranty information,データ保存用アイテム,vMINCDYEAR_BU[3][2],625,625,2011,0,1,0x389C31,0x22,0xDA76,day,0,32,1,2,-1,-1,-1,1,0,0,0,,1,0,0,"[{'no': 1, 'up_bound': 0, 'low_bound': 0, 'range_id': 0, 'range_label': None}]"
Saving warranty information,データ保存用アイテム,vMINCDYEAR_BU[3][3],626,626,2012,0,1,0x389C31,0x22,0xDA76,day,0,33,1,2,-1,-1,-1,1,0,0,0,,1,0,0,"[{'no': 1, 'up_bound': 0, 'low_bound': 0, 'range_id': 0, 'range_label': None}]"
Saving warranty information,データ保存用アイテム,vMINCDYEAR_BU[3][4],627,627,2013,0,1,0x389C31,0x22,0xDA76,day,0,34,1,2,-1,-1,-1,1,0,0,0,,1,0,0,"[{'no': 1, 'up_bound': 0, 'low_bound': 0, 'range_id': 0, 'range_label': None}]"
Saving warranty information,データ保存用アイテム,vMINCDYEAR_BU[3][5],628,628,2014,0,1,0x389C31,0x22,0xDA76,day,0,35,1,2,-1,-1,-1,1,0,0,0,,1,0,0,"[{'no': 1, 'up_bound': 0, 'low_bound': 0, 'range_id': 0, 'range_label': None}]"
Saving warranty information,データ保存用アイテム,vMINCDYEAR_BU[3][6],629,629,2015,0,1,0x389C31,0x22,0xDA76,day,0,36,1,2,-1,-1,-1,1,0,0,0,,1,0,0,"[{'no': 1, 'up_bound': 0, 'low_bound': 0, 'range_id': 0, 'range_label': None}]"
Saving warranty information,データ保存用アイテム,vMINCDYEAR_BU[3][7],630,630,2016,0,1,0x389C31,0x22,0xDA76,day,0,37,1,2,-1,-1,-1,1,0,0,0,,1,0,0,"[{'no': 1, 'up_bound': 0, 'low_bound': 0, 'range_id': 0, 'range_label': None}]"
Saving warranty information,データ保存用アイテム,vMINCDYEAR_BU[3][8],631,631,2017,0,1,0x389C31,0x22,0xDA76,day,0,38,1,2,-1,-1,-1,1,0,0,0,,1,0,0,"[{'no': 1, 'up_bound': 0, 'low_bound': 0, 'range_id': 0, 'range_label': None}]"
Saving warranty information,データ保存用アイテム,vMINCDYEAR_BU[4][0],632,632,2018,0,1,0x389C31,0x22,0xDA76,day,0,39,1,2,-1,-1,-1,1,0,0,0,,1,0,0,"[{'no': 1, 'up_bound': 0, 'low_bound': 0, 'range_id': 0, 'range_label': None}]"
Saving warranty information,データ保存用アイテム,vMINCDYEAR_BU[4][1],633,633,2019,0,1,0x389C31,0x22,0xDA76,day,0,40,1,2,-1,-1,-1,1,0,0,0,,1,0,0,"[{'no': 1, 'up_bound': 0, 'low_bound': 0, 'range_id': 0, 'range_label': None}]"
Saving warranty information,データ保存用アイテム,vMINCDYEAR_BU[4][2],634,634,2020,0,1,0x389C31,0x22,0xDA76,day,0,41,1,2,-1,-1,-1,1,0,0,0,,1,0,0,"[{'no': 1, 'up_bound': 0, 'low_bound': 0, 'range_id': 0, 'range_label': None}]"
Saving warranty information,データ保存用アイテム,vMINCDYEAR_BU[4][3],635,635,2021,0,1,0x389C31,0x22,0xDA76,day,0,42,1,2,-1,-1,-1,1,0,0,0,,1,0,0,"[{'no': 1, 'up_bound': 0, 'low_bound': 0, 'range_id': 0, 'range_label': None}]"
Saving warranty information,データ保存用アイテム,vMINCDYEAR_BU[4][4],636,636,2022,0,1,0x389C31,0x22,0xDA76,day,0,43,1,2,-1,-1,-1,1,0,0,0,,1,0,0,"[{'no': 1, 'up_bound': 0, 'low_bound': 0, 'range_id': 0, 'range_label': None}]"
Saving warranty information,データ保存用アイテム,vMINCDYEAR_BU[4][5],637,637,2023,0,1,0x389C31,0x22,0xDA76,day,0,44,1,2,-1,-1,-1,1,0,0,0,,1,0,0,"[{'no': 1, 'up_bound': 0, 'low_bound': 0, 'range_id': 0, 'range_label': None}]"
Saving warranty information,データ保存用アイテム,vMINCDYEAR_BU[4][6],638,638,2024,0,1,0x389C31,0x22,0xDA76,day,0,45,1,2,-1,-1,-1,1,0,0,0,,1,0,0,"[{'no': 1, 'up_bound': 0, 'low_bound': 0, 'range_id': 0, 'range_label': None}]"
Saving warranty information,データ保存用アイテム,vMINCDYEAR_BU[4][7],639,639,2025,0,1,0x389C31,0x22,0xDA76,day,0,46,1,2,-1,-1,-1,1,0,0,0,,1,0,0,"[{'no': 1, 'up_bound': 0, 'low_bound': 0, 'range_id': 0, 'range_label': None}]"
Saving warranty information,データ保存用アイテム,vMINCDYEAR_BU[4][8],640,640,2026,0,1,0x389C31,0x22,0xDA76,day,0,47,1,2,-1,-1,-1,1,0,0,0,,1,0,0,"[{'no': 1, 'up_bound': 0, 'low_bound': 0, 'range_id': 0, 'range_label': None}]"
Saving warranty information,データ保存用アイテム,vACCURBA_AS_BU,641,641,2027,0,1,0x389C31,0x22,0xDA77,As,0,3,4,2,-1,-1,-1,1,0,0,0,,1,0,0,"[{'no': 1, 'up_bound': 0, 'low_bound': 0, 'range_id': 0, 'range_label': None}]"
Saving warranty information,データ保存用アイテム,vV2HACCURBA_AS_BU,642,642,2028,0,1,0x389C31,0x22,0xDA77,As,0,7,4,2,-1,-1,-1,1,0,0,0,,1,0,0,"[{'no': 1, 'up_bound': 0, 'low_bound': 0, 'range_id': 0, 'range_label': None}]"
Saving warranty information,データ保存用アイテム,vDAHSORYEAR_BU[0],643,643,2029,0,1,0x389C31,0x22,0xDA77,,0,11,2,2,-1,-1,-1,1,0,0,0,,0.0001,0,2,"[{'no': 1, 'up_bound': 0, 'low_bound': 0, 'range_id': 0, 'range_label': None}]"
Saving warranty information,データ保存用アイテム,vDAHSORYEAR_BU[1],644,644,2030,0,1,0x389C31,0x22,0xDA77,,0,13,2,2,-1,-1,-1,1,0,0,0,,0.0001,0,2,"[{'no': 1, 'up_bound': 0, 'low_bound': 0, 'range_id': 0, 'range_label': None}]"
Saving warranty information,データ保存用アイテム,vDAHSORYEAR_BU[2],645,645,2031,0,1,0x389C31,0x22,0xDA77,,0,15,2,2,-1,-1,-1,1,0,0,0,,0.0001,0,2,"[{'no': 1, 'up_bound': 0, 'low_bound': 0, 'range_id': 0, 'range_label': None}]"
Saving warranty information,データ保存用アイテム,vDAHSORYEAR_BU[3],646,646,2032,0,1,0x389C31,0x22,0xDA77,,0,17,2,2,-1,-1,-1,1,0,0,0,,0.0001,0,2,"[{'no': 1, 'up_bound': 0, 'low_bound': 0, 'range_id': 0, 'range_label': None}]"
Saving warranty information,データ保存用アイテム,vDAHSORYEAR_BU[4],647,647,2033,0,1,0x389C31,0x22,0xDA77,,0,19,2,2,-1,-1,-1,1,0,0,0,,0.0001,0,2,"[{'no': 1, 'up_bound': 0, 'low_bound': 0, 'range_id': 0, 'range_label': None}]"
Saving warranty information,データ保存用アイテム,vDAHSOHYEAR_BU[0],648,648,2034,0,1,0x389C31,0x22,0xDA77,,0,21,2,2,-1,-1,-1,1,0,0,0,,0.0001,0,2,"[{'no': 1, 'up_bound': 0, 'low_bound': 0, 'range_id': 0, 'range_label': None}]"
Saving warranty information,データ保存用アイテム,vDAHSOHYEAR_BU[1],649,649,2035,0,1,0x389C31,0x22,0xDA77,,0,23,2,2,-1,-1,-1,1,0,0,0,,0.0001,0,2,"[{'no': 1, 'up_bound': 0, 'low_bound': 0, 'range_id': 0, 'range_label': None}]"
Saving warranty information,データ保存用アイテム,vDAHSOHYEAR_BU[2],650,650,2036,0,1,0x389C31,0x22,0xDA77,,0,25,2,2,-1,-1,-1,1,0,0,0,,0.0001,0,2,"[{'no': 1, 'up_bound': 0, 'low_bound': 0, 'range_id': 0, 'range_label': None}]"
Saving warranty information,データ保存用アイテム,vDAHSOHYEAR_BU[3],651,651,2037,0,1,0x389C31,0x22,0xDA77,,0,27,2,2,-1,-1,-1,1,0,0,0,,0.0001,0,2,"[{'no': 1, 'up_bound': 0, 'low_bound': 0, 'range_id': 0, 'range_label': None}]"
Saving warranty information,データ保存用アイテム,vDAHSOHYEAR_BU[4],652,652,2038,0,1,0x389C31,0x22,0xDA77,,0,29,2,2,-1,-1,-1,1,0,0,0,,0.0001,0,2,"[{'no': 1, 'up_bound': 0, 'low_bound': 0, 'range_id': 0, 'range_label': None}]"
Saving warranty information,データ保存用アイテム,vRUNPWRAVELIFE_BU,653,653,2039,0,1,0x389C31,0x22,0xDA77,W,0,31,4,2,-1,-1,-1,1,0,0,0,,0.0000291038,0,2,"[{'no': 1, 'up_bound': 0, 'low_bound': 0, 'range_id': 0, 'range_label': None}]"
Saving warranty information,データ保存用アイテム,vQCPWRAVELIFE_BU,654,654,2040,0,1,0x389C31,0x22,0xDA77,W,0,35,4,2,-1,-1,-1,1,0,0,0,,0.0000291038,0,2,"[{'no': 1, 'up_bound': 0, 'low_bound': 0, 'range_id': 0, 'range_label': None}]"
Saving warranty information,データ保存用アイテム,vV2HPWRAVELIFE_BU,655,655,2041,0,1,0x389C31,0x22,0xDA77,W,0,39,4,2,-1,-1,-1,1,0,0,0,,0.0000291038,0,2,"[{'no': 1, 'up_bound': 0, 'low_bound': 0, 'range_id': 0, 'range_label': None}]"
Saving warranty information,データ保存用アイテム,vV2HSOCAVELIFE_BU,656,656,2042,0,1,0x389C31,0x22,0xDA77,%,0,43,4,2,-1,-1,-1,1,0,0,0,,2.3283,0,2,"[{'no': 1, 'up_bound': 0, 'low_bound': 0, 'range_id': 0, 'range_label': None}]"
Saving warranty information,データ保存用アイテム,vACCODO,657,657,2043,0,1,0x389C31,0x22,0xDA77,km or mile,0,47,4,2,-1,-1,-1,1,0,0,0,,1,0,0,"[{'no': 1, 'up_bound': 0, 'low_bound': 0, 'range_id': 0, 'range_label': None}]"
Saving warranty information,データ保存用アイテム,vDAHODOYEAR_BU[0],658,658,2044,0,1,0x389C31,0x22,0xDA77,km or mile,0,51,2,2,-1,-1,-1,1,0,0,0,,6.4,0,1,"[{'no': 1, 'up_bound': 0, 'low_bound': 0, 'range_id': 0, 'range_label': None}]"
Saving warranty information,データ保存用アイテム,vDAHODOYEAR_BU[1],659,659,2045,0,1,0x389C31,0x22,0xDA77,km or mile,0,53,2,2,-1,-1,-1,1,0,0,0,,6.4,0,1,"[{'no': 1, 'up_bound': 0, 'low_bound': 0, 'range_id': 0, 'range_label': None}]"
Saving warranty information,データ保存用アイテム,vDAHODOYEAR_BU[2],660,660,2046,0,1,0x389C31,0x22,0xDA77,km or mile,0,55,2,2,-1,-1,-1,1,0,0,0,,6.4,0,1,"[{'no': 1, 'up_bound': 0, 'low_bound': 0, 'range_id': 0, 'range_label': None}]"
Saving warranty information,データ保存用アイテム,vDAHODOYEAR_BU[3],661,661,2047,0,1,0x389C31,0x22,0xDA77,km or mile,0,57,2,2,-1,-1,-1,1,0,0,0,,6.4,0,1,"[{'no': 1, 'up_bound': 0, 'low_bound': 0, 'range_id': 0, 'range_label': None}]"
Saving warranty information,データ保存用アイテム,vDAHODOYEAR_BU[4],662,662,2048,0,1,0x389C31,0x22,0xDA77,km or mile,0,59,2,2,-1,-1,-1,1,0,0,0,,6.4,0,1,"[{'no': 1, 'up_bound': 0, 'low_bound': 0, 'range_id': 0, 'range_label': None}]"
Saving warranty information,データ保存用アイテム,vDAHQC_CNTYEAR_BU[0],663,663,2049,0,1,0x389C31,0x22,0xDA78,,0,3,2,2,-1,-1,-1,1,0,0,0,,1,0,0,"[{'no': 1, 'up_bound': 0, 'low_bound': 0, 'range_id': 0, 'range_label': None}]"
Saving warranty information,データ保存用アイテム,vDAHQC_CNTYEAR_BU[1],664,664,2050,0,1,0x389C31,0x22,0xDA78,,0,5,2,2,-1,-1,-1,1,0,0,0,,1,0,0,"[{'no': 1, 'up_bound': 0, 'low_bound': 0, 'range_id': 0, 'range_label': None}]"
Saving warranty information,データ保存用アイテム,vDAHQC_CNTYEAR_BU[2],665,665,2051,0,1,0x389C31,0x22,0xDA78,,0,7,2,2,-1,-1,-1,1,0,0,0,,1,0,0,"[{'no': 1, 'up_bound': 0, 'low_bound': 0, 'range_id': 0, 'range_label': None}]"
Saving warranty information,データ保存用アイテム,vDAHQC_CNTYEAR_BU[3],666,666,2052,0,1,0x389C31,0x22,0xDA78,,0,9,2,2,-1,-1,-1,1,0,0,0,,1,0,0,"[{'no': 1, 'up_bound': 0, 'low_bound': 0, 'range_id': 0, 'range_label': None}]"
Saving warranty information,データ保存用アイテム,vDAHQC_CNTYEAR_BU[4],667,667,2053,0,1,0x389C31,0x22,0xDA78,,0,11,2,2,-1,-1,-1,1,0,0,0,,1,0,0,"[{'no': 1, 'up_bound': 0, 'low_bound': 0, 'range_id': 0, 'range_label': None}]"
Saving warranty information,データ保存用アイテム,vDAHLOEVPS_CNTYEAR_BU[0],668,668,2054,0,1,0x389C31,0x22,0xDA78,count,0,13,2,2,-1,-1,-1,1,0,0,0,,1,0,0,"[{'no': 1, 'up_bound': 0, 'low_bound': 0, 'range_id': 0, 'range_label': None}]"
Saving warranty information,データ保存用アイテム,vDAHLOEVPS_CNTYEAR_BU[1],669,669,2055,0,1,0x389C31,0x22,0xDA78,count,0,15,2,2,-1,-1,-1,1,0,0,0,,1,0,0,"[{'no': 1, 'up_bound': 0, 'low_bound': 0, 'range_id': 0, 'range_label': None}]"
Saving warranty information,データ保存用アイテム,vDAHLOEVPS_CNTYEAR_BU[2],670,670,2056,0,1,0x389C31,0x22,0xDA78,count,0,17,2,2,-1,-1,-1,1,0,0,0,,1,0,0,"[{'no': 1, 'up_bound': 0, 'low_bound': 0, 'range_id': 0, 'range_label': None}]"
Saving warranty information,データ保存用アイテム,vDAHLOEVPS_CNTYEAR_BU[3],671,671,2057,0,1,0x389C31,0x22,0xDA78,count,0,19,2,2,-1,-1,-1,1,0,0,0,,1,0,0,"[{'no': 1, 'up_bound': 0, 'low_bound': 0, 'range_id': 0, 'range_label': None}]"
Saving warranty information,データ保存用アイテム,vDAHLOEVPS_CNTYEAR_BU[4],672,672,2058,0,1,0x389C31,0x22,0xDA78,count,0,21,2,2,-1,-1,-1,1,0,0,0,,1,0,0,"[{'no': 1, 'up_bound': 0, 'low_bound': 0, 'range_id': 0, 'range_label': None}]"
Saving warranty information,データ保存用アイテム,vDAHCURBAYEAR_BU[0],673,673,2059,0,1,0x389C31,0x22,0xDA78,(200Ah),0,23,2,2,-1,-1,-1,1,0,0,0,,1,0,0,"[{'no': 1, 'up_bound': 0, 'low_bound': 0, 'range_id': 0, 'range_label': None}]"
Saving warranty information,データ保存用アイテム,vDAHCURBAYEAR_BU[1],674,674,2060,0,1,0x389C31,0x22,0xDA78,(200Ah),0,25,2,2,-1,-1,-1,1,0,0,0,,1,0,0,"[{'no': 1, 'up_bound': 0, 'low_bound': 0, 'range_id': 0, 'range_label': None}]"
Saving warranty information,データ保存用アイテム,vDAHCURBAYEAR_BU[2],675,675,2061,0,1,0x389C31,0x22,0xDA78,(200Ah),0,27,2,2,-1,-1,-1,1,0,0,0,,1,0,0,"[{'no': 1, 'up_bound': 0, 'low_bound': 0, 'range_id': 0, 'range_label': None}]"
Saving warranty information,データ保存用アイテム,vDAHCURBAYEAR_BU[3],676,676,2062,0,1,0x389C31,0x22,0xDA78,(200Ah),0,29,2,2,-1,-1,-1,1,0,0,0,,1,0,0,"[{'no': 1, 'up_bound': 0, 'low_bound': 0, 'range_id': 0, 'range_label': None}]"
Saving warranty information,データ保存用アイテム,vDAHCURBAYEAR_BU[4],677,677,2063,0,1,0x389C31,0x22,0xDA78,(200Ah),0,31,2,2,-1,-1,-1,1,0,0,0,,1,0,0,"[{'no': 1, 'up_bound': 0, 'low_bound': 0, 'range_id': 0, 'range_label': None}]"
Saving warranty information,データ保存用アイテム,vDAHV2HCURBAYEAR_BU[0],678,678,2064,0,1,0x389C31,0x22,0xDA78,Ah,0,33,2,2,-1,-1,-1,1,0,0,0,,200,0,0,"[{'no': 1, 'up_bound': 0, 'low_bound': 0, 'range_id': 0, 'range_label': None}]"
Saving warranty information,データ保存用アイテム,vDAHV2HCURBAYEAR_BU[1],679,679,2065,0,1,0x389C31,0x22,0xDA78,Ah,0,35,2,2,-1,-1,-1,1,0,0,0,,200,0,0,"[{'no': 1, 'up_bound': 0, 'low_bound': 0, 'range_id': 0, 'range_label': None}]"
Saving warranty information,データ保存用アイテム,vDAHV2HCURBAYEAR_BU[2],680,680,2066,0,1,0x389C31,0x22,0xDA78,Ah,0,37,2,2,-1,-1,-1,1,0,0,0,,200,0,0,"[{'no': 1, 'up_bound': 0, 'low_bound': 0, 'range_id': 0, 'range_label': None}]"
Saving warranty information,データ保存用アイテム,vDAHV2HCURBAYEAR_BU[3],681,681,2067,0,1,0x389C31,0x22,0xDA78,Ah,0,39,2,2,-1,-1,-1,1,0,0,0,,200,0,0,"[{'no': 1, 'up_bound': 0, 'low_bound': 0, 'range_id': 0, 'range_label': None}]"
Saving warranty information,データ保存用アイテム,vDAHV2HCURBAYEAR_BU[4],682,682,2068,0,1,0x389C31,0x22,0xDA78,Ah,0,41,2,2,-1,-1,-1,1,0,0,0,,200,0,0,"[{'no': 1, 'up_bound': 0, 'low_bound': 0, 'range_id': 0, 'range_label': None}]"
Saving warranty information,データ保存用アイテム,vRUNPWRAVEYEAR[0],683,683,2069,0,1,0x389C31,0x22,0xDA79,W,0,3,2,2,-1,-1,-1,1,0,0,0,,1.90734,0,2,"[{'no': 1, 'up_bound': 0, 'low_bound': 0, 'range_id': 0, 'range_label': None}]"
Saving warranty information,データ保存用アイテム,vRUNPWRAVEYEAR[1],684,684,2070,0,1,0x389C31,0x22,0xDA79,W,0,5,2,2,-1,-1,-1,1,0,0,0,,1.90734,0,2,"[{'no': 1, 'up_bound': 0, 'low_bound': 0, 'range_id': 0, 'range_label': None}]"
Saving warranty information,データ保存用アイテム,vRUNPWRAVEYEAR[2],685,685,2071,0,1,0x389C31,0x22,0xDA79,W,0,7,2,2,-1,-1,-1,1,0,0,0,,1.90734,0,2,"[{'no': 1, 'up_bound': 0, 'low_bound': 0, 'range_id': 0, 'range_label': None}]"
Saving warranty information,データ保存用アイテム,vRUNPWRAVEYEAR[3],686,686,2072,0,1,0x389C31,0x22,0xDA79,W,0,9,2,2,-1,-1,-1,1,0,0,0,,1.90734,0,2,"[{'no': 1, 'up_bound': 0, 'low_bound': 0, 'range_id': 0, 'range_label': None}]"
Saving warranty information,データ保存用アイテム,vRUNPWRAVEYEAR[4],687,687,2073,0,1,0x389C31,0x22,0xDA79,W,0,11,2,2,-1,-1,-1,1,0,0,0,,1.90734,0,2,"[{'no': 1, 'up_bound': 0, 'low_bound': 0, 'range_id': 0, 'range_label': None}]"
Saving warranty information,データ保存用アイテム,vQCPWRAVEYEAR[0],688,688,2074,0,1,0x389C31,0x22,0xDA79,W,0,13,2,2,-1,-1,-1,1,0,0,0,,1.90734,0,2,"[{'no': 1, 'up_bound': 0, 'low_bound': 0, 'range_id': 0, 'range_label': None}]"
Saving warranty information,データ保存用アイテム,vQCPWRAVEYEAR[1],689,689,2075,0,1,0x389C31,0x22,0xDA79,W,0,15,2,2,-1,-1,-1,1,0,0,0,,1.90734,0,2,"[{'no': 1, 'up_bound': 0, 'low_bound': 0, 'range_id': 0, 'range_label': None}]"
Saving warranty information,データ保存用アイテム,vQCPWRAVEYEAR[2],690,690,2076,0,1,0x389C31,0x22,0xDA79,W,0,17,2,2,-1,-1,-1,1,0,0,0,,1.90734,0,2,"[{'no': 1, 'up_bound': 0, 'low_bound': 0, 'range_id': 0, 'range_label': None}]"
Saving warranty information,データ保存用アイテム,vQCPWRAVEYEAR[3],691,691,2077,0,1,0x389C31,0x22,0xDA79,W,0,19,2,2,-1,-1,-1,1,0,0,0,,1.90734,0,2,"[{'no': 1, 'up_bound': 0, 'low_bound': 0, 'range_id': 0, 'range_label': None}]"
Saving warranty information,データ保存用アイテム,vQCPWRAVEYEAR[4],692,692,2078,0,1,0x389C31,0x22,0xDA79,W,0,21,2,2,-1,-1,-1,1,0,0,0,,1.90734,0,2,"[{'no': 1, 'up_bound': 0, 'low_bound': 0, 'range_id': 0, 'range_label': None}]"
Saving warranty information,データ保存用アイテム,vV2HPWRAVEYEAR[0],693,693,2079,0,1,0x389C31,0x22,0xDA79,W,0,23,2,2,-1,-1,-1,1,0,0,0,,1.90734,0,2,"[{'no': 1, 'up_bound': 0, 'low_bound': 0, 'range_id': 0, 'range_label': None}]"
Saving warranty information,データ保存用アイテム,vV2HPWRAVEYEAR[1],694,694,2080,0,1,0x389C31,0x22,0xDA79,W,0,25,2,2,-1,-1,-1,1,0,0,0,,1.90734,0,2,"[{'no': 1, 'up_bound': 0, 'low_bound': 0, 'range_id': 0, 'range_label': None}]"
Saving warranty information,データ保存用アイテム,vV2HPWRAVEYEAR[2],695,695,2081,0,1,0x389C31,0x22,0xDA79,W,0,27,2,2,-1,-1,-1,1,0,0,0,,1.90734,0,2,"[{'no': 1, 'up_bound': 0, 'low_bound': 0, 'range_id': 0, 'range_label': None}]"
Saving warranty information,データ保存用アイテム,vV2HPWRAVEYEAR[3],696,696,2082,0,1,0x389C31,0x22,0xDA79,W,0,29,2,2,-1,-1,-1,1,0,0,0,,1.90734,0,2,"[{'no': 1, 'up_bound': 0, 'low_bound': 0, 'range_id': 0, 'range_label': None}]"
Saving warranty information,データ保存用アイテム,vV2HPWRAVEYEAR[4],697,697,2083,0,1,0x389C31,0x22,0xDA79,W,0,31,2,2,-1,-1,-1,1,0,0,0,,1.90734,0,2,"[{'no': 1, 'up_bound': 0, 'low_bound': 0, 'range_id': 0, 'range_label': None}]"
Saving warranty information,データ保存用アイテム,vV2HSOCAVEYEAR[0],698,698,2084,0,1,0x389C31,0x22,0xDA79,%,0,33,2,2,-1,-1,-1,1,0,0,0,,0.00152587,0,2,"[{'no': 1, 'up_bound': 0, 'low_bound': 0, 'range_id': 0, 'range_label': None}]"
Saving warranty information,データ保存用アイテム,vV2HSOCAVEYEAR[1],699,699,2085,0,1,0x389C31,0x22,0xDA79,%,0,35,2,2,-1,-1,-1,1,0,0,0,,0.00152587,0,2,"[{'no': 1, 'up_bound': 0, 'low_bound': 0, 'range_id': 0, 'range_label': None}]"
Saving warranty information,データ保存用アイテム,vV2HSOCAVEYEAR[2],700,700,2086,0,1,0x389C31,0x22,0xDA79,%,0,37,2,2,-1,-1,-1,1,0,0,0,,0.00152587,0,2,"[{'no': 1, 'up_bound': 0, 'low_bound': 0, 'range_id': 0, 'range_label': None}]"
Saving warranty information,データ保存用アイテム,vV2HSOCAVEYEAR[3],701,701,2087,0,1,0x389C31,0x22,0xDA79,%,0,39,2,2,-1,-1,-1,1,0,0,0,,0.00152587,0,2,"[{'no': 1, 'up_bound': 0, 'low_bound': 0, 'range_id': 0, 'range_label': None}]"
Saving warranty information,データ保存用アイテム,vV2HSOCAVEYEAR[4],702,702,2088,0,1,0x389C31,0x22,0xDA79,%,0,41,2,2,-1,-1,-1,1,0,0,0,,0.00152587,0,2,"[{'no': 1, 'up_bound': 0, 'low_bound': 0, 'range_id': 0, 'range_label': None}]"
Saving warranty information,データ保存用アイテム,vRUN_MIN_BU,703,703,2089,0,1,0x389C31,0x22,0xDA79,min,0,43,4,2,-1,-1,-1,1,0,0,0,,1,0,0,"[{'no': 1, 'up_bound': 0, 'low_bound': 0, 'range_id': 0, 'range_label': None}]"
Saving warranty information,データ保存用アイテム,vNC_MIN_BU,704,704,2090,0,1,0x389C31,0x22,0xDA79,min,0,47,4,2,-1,-1,-1,1,0,0,0,,1,0,0,"[{'no': 1, 'up_bound': 0, 'low_bound': 0, 'range_id': 0, 'range_label': None}]"
Saving warranty information,データ保存用アイテム,vQC_MIN_BU,705,705,2091,0,1,0x389C31,0x22,0xDA79,min,0,51,4,2,-1,-1,-1,1,0,0,0,,1,0,0,"[{'no': 1, 'up_bound': 0, 'low_bound': 0, 'range_id': 0, 'range_label': None}]"
Saving warranty information,データ保存用アイテム,vV2H_MIN_BU,706,706,2092,0,1,0x389C31,0x22,0xDA79,min,0,55,4,2,-1,-1,-1,1,0,0,0,,1,0,0,"[{'no': 1, 'up_bound': 0, 'low_bound': 0, 'range_id': 0, 'range_label': None}]"
Saving warranty information,データ保存用アイテム,cRLYONCNT,707,707,2093,0,1,0x389C31,0x22,0xDA79,count,0,59,2,2,-1,-1,-1,1,0,0,0,,1,0,0,"[{'no': 1, 'up_bound': 0, 'low_bound': 0, 'range_id': 0, 'range_label': None}]"
Saving warranty information,データ保存用アイテム,cQCK_CHG,708,708,2094,0,1,0x389C31,0x22,0xDA79,count,0,61,2,2,-1,-1,-1,1,0,0,0,,1,0,0,"[{'no': 1, 'up_bound': 0, 'low_bound': 0, 'range_id': 0, 'range_label': None}]"
Saving warranty information,データ保存用アイテム,cLOEVPS_CHG,709,709,2095,0,1,0x389C31,0x22,0xDA79,count,0,63,2,2,-1,-1,-1,1,0,0,0,,1,0,0,"[{'no': 1, 'up_bound': 0, 'low_bound': 0, 'range_id': 0, 'range_label': None}]"
Saving warranty information,データ保存用アイテム,vDAHRUNYEAR_BU[0],710,710,2096,0,1,0x389C31,0x22,0xDA7A,min,0,3,4,2,-1,-1,-1,1,0,0,0,,1,0,0,"[{'no': 1, 'up_bound': 0, 'low_bound': 0, 'range_id': 0, 'range_label': None}]"
Saving warranty information,データ保存用アイテム,vDAHRUNYEAR_BU[1],711,711,2097,0,1,0x389C31,0x22,0xDA7A,min,0,7,4,2,-1,-1,-1,1,0,0,0,,1,0,0,"[{'no': 1, 'up_bound': 0, 'low_bound': 0, 'range_id': 0, 'range_label': None}]"
Saving warranty information,データ保存用アイテム,vDAHRUNYEAR_BU[2],712,712,2098,0,1,0x389C31,0x22,0xDA7A,min,0,11,4,2,-1,-1,-1,1,0,0,0,,1,0,0,"[{'no': 1, 'up_bound': 0, 'low_bound': 0, 'range_id': 0, 'range_label': None}]"
Saving warranty information,データ保存用アイテム,vDAHRUNYEAR_BU[3],713,713,2099,0,1,0x389C31,0x22,0xDA7A,min,0,15,4,2,-1,-1,-1,1,0,0,0,,1,0,0,"[{'no': 1, 'up_bound': 0, 'low_bound': 0, 'range_id': 0, 'range_label': None}]"
Saving warranty information,データ保存用アイテム,vDAHRUNYEAR_BU[4],714,714,2100,0,1,0x389C31,0x22,0xDA7A,min,0,19,4,2,-1,-1,-1,1,0,0,0,,1,0,0,"[{'no': 1, 'up_bound': 0, 'low_bound': 0, 'range_id': 0, 'range_label': None}]"
Saving warranty information,データ保存用アイテム,vDAHNCYEAR_BU[0],715,715,2101,0,1,0x389C31,0x22,0xDA7A,min,0,23,4,2,-1,-1,-1,1,0,0,0,,1,0,0,"[{'no': 1, 'up_bound': 0, 'low_bound': 0, 'range_id': 0, 'range_label': None}]"
Saving warranty information,データ保存用アイテム,vDAHNCYEAR_BU[1],716,716,2102,0,1,0x389C31,0x22,0xDA7A,min,0,27,4,2,-1,-1,-1,1,0,0,0,,1,0,0,"[{'no': 1, 'up_bound': 0, 'low_bound': 0, 'range_id': 0, 'range_label': None}]"
Saving warranty information,データ保存用アイテム,vDAHNCYEAR_BU[2],717,717,2103,0,1,0x389C31,0x22,0xDA7A,min,0,31,4,2,-1,-1,-1,1,0,0,0,,1,0,0,"[{'no': 1, 'up_bound': 0, 'low_bound': 0, 'range_id': 0, 'range_label': None}]"
Saving warranty information,データ保存用アイテム,vDAHNCYEAR_BU[3],718,718,2104,0,1,0x389C31,0x22,0xDA7A,min,0,35,4,2,-1,-1,-1,1,0,0,0,,1,0,0,"[{'no': 1, 'up_bound': 0, 'low_bound': 0, 'range_id': 0, 'range_label': None}]"
Saving warranty information,データ保存用アイテム,vDAHNCYEAR_BU[4],719,719,2105,0,1,0x389C31,0x22,0xDA7A,min,0,39,4,2,-1,-1,-1,1,0,0,0,,1,0,0,"[{'no': 1, 'up_bound': 0, 'low_bound': 0, 'range_id': 0, 'range_label': None}]"
Saving warranty information,データ保存用アイテム,vDAHQCYEAR_BU[0],720,720,2106,0,1,0x389C31,0x22,0xDA7A,min,0,43,4,2,-1,-1,-1,1,0,0,0,,1,0,0,"[{'no': 1, 'up_bound': 0, 'low_bound': 0, 'range_id': 0, 'range_label': None}]"
Saving warranty information,データ保存用アイテム,vDAHQCYEAR_BU[1],721,721,2107,0,1,0x389C31,0x22,0xDA7A,min,0,47,4,2,-1,-1,-1,1,0,0,0,,1,0,0,"[{'no': 1, 'up_bound': 0, 'low_bound': 0, 'range_id': 0, 'range_label': None}]"
Saving warranty information,データ保存用アイテム,vDAHQCYEAR_BU[2],722,722,2108,0,1,0x389C31,0x22,0xDA7A,min,0,51,4,2,-1,-1,-1,1,0,0,0,,1,0,0,"[{'no': 1, 'up_bound': 0, 'low_bound': 0, 'range_id': 0, 'range_label': None}]"
Saving warranty information,データ保存用アイテム,vDAHQCYEAR_BU[3],723,723,2109,0,1,0x389C31,0x22,0xDA7A,min,0,55,4,2,-1,-1,-1,1,0,0,0,,1,0,0,"[{'no': 1, 'up_bound': 0, 'low_bound': 0, 'range_id': 0, 'range_label': None}]"
Saving warranty information,データ保存用アイテム,vDAHQCYEAR_BU[4],724,724,2110,0,1,0x389C31,0x22,0xDA7A,min,0,59,4,2,-1,-1,-1,1,0,0,0,,1,0,0,"[{'no': 1, 'up_bound': 0, 'low_bound': 0, 'range_id': 0, 'range_label': None}]"
Saving warranty information,データ保存用アイテム,vDAHV2HYEAR_BU[0],725,725,2111,0,1,0x389C31,0x22,0xDA7A,min,0,63,4,2,-1,-1,-1,1,0,0,0,,1,0,0,"[{'no': 1, 'up_bound': 0, 'low_bound': 0, 'range_id': 0, 'range_label': None}]"
Saving warranty information,データ保存用アイテム,vDAHV2HYEAR_BU[1],726,726,2112,0,1,0x389C31,0x22,0xDA7A,min,0,67,4,2,-1,-1,-1,1,0,0,0,,1,0,0,"[{'no': 1, 'up_bound': 0, 'low_bound': 0, 'range_id': 0, 'range_label': None}]"
Saving warranty information,データ保存用アイテム,vDAHV2HYEAR_BU[2],727,727,2113,0,1,0x389C31,0x22,0xDA7A,min,0,71,4,2,-1,-1,-1,1,0,0,0,,1,0,0,"[{'no': 1, 'up_bound': 0, 'low_bound': 0, 'range_id': 0, 'range_label': None}]"
Saving warranty information,データ保存用アイテム,vDAHV2HYEAR_BU[3],728,728,2114,0,1,0x389C31,0x22,0xDA7A,min,0,75,4,2,-1,-1,-1,1,0,0,0,,1,0,0,"[{'no': 1, 'up_bound': 0, 'low_bound': 0, 'range_id': 0, 'range_label': None}]"
Saving warranty information,データ保存用アイテム,vDAHV2HYEAR_BU[4],729,729,2115,0,1,0x389C31,0x22,0xDA7A,min,0,79,4,2,-1,-1,-1,1,0,0,0,,1,0,0,"[{'no': 1, 'up_bound': 0, 'low_bound': 0, 'range_id': 0, 'range_label': None}]"
Saving warranty information,データ保存用アイテム,vCALO_10s_CNT_BU[0][0][0],730,730,2116,0,1,0x389C31,0x22,0xDA7B,sec,0,3,4,2,-1,-1,-1,1,0,0,0,,10,0,0,"[{'no': 1, 'up_bound': 0, 'low_bound': 0, 'range_id': 0, 'range_label': None}]"
Saving warranty information,データ保存用アイテム,vCALO_10s_CNT_BU[0][0][1],731,731,2117,0,1,0x389C31,0x22,0xDA7B,sec,0,7,4,2,-1,-1,-1,1,0,0,0,,10,0,0,"[{'no': 1, 'up_bound': 0, 'low_bound': 0, 'range_id': 0, 'range_label': None}]"
Saving warranty information,データ保存用アイテム,vCALO_10s_CNT_BU[0][0][2],732,732,2118,0,1,0x389C31,0x22,0xDA7B,sec,0,11,4,2,-1,-1,-1,1,0,0,0,,10,0,0,"[{'no': 1, 'up_bound': 0, 'low_bound': 0, 'range_id': 0, 'range_label': None}]"
Saving warranty information,データ保存用アイテム,vCALO_10s_CNT_BU[0][0][3],733,733,2119,0,1,0x389C31,0x22,0xDA7B,sec,0,15,4,2,-1,-1,-1,1,0,0,0,,10,0,0,"[{'no': 1, 'up_bound': 0, 'low_bound': 0, 'range_id': 0, 'range_label': None}]"
Saving warranty information,データ保存用アイテム,vCALO_10s_CNT_BU[0][0][4],734,734,2120,0,1,0x389C31,0x22,0xDA7B,sec,0,19,4,2,-1,-1,-1,1,0,0,0,,10,0,0,"[{'no': 1, 'up_bound': 0, 'low_bound': 0, 'range_id': 0, 'range_label': None}]"
Saving warranty information,データ保存用アイテム,vCALO_10s_CNT_BU[0][0][5],735,735,2121,0,1,0x389C31,0x22,0xDA7B,sec,0,23,4,2,-1,-1,-1,1,0,0,0,,10,0,0,"[{'no': 1, 'up_bound': 0, 'low_bound': 0, 'range_id': 0, 'range_label': None}]"
Saving warranty information,データ保存用アイテム,vCALO_10s_CNT_BU[0][0][6],736,736,2122,0,1,0x389C31,0x22,0xDA7B,sec,0,27,4,2,-1,-1,-1,1,0,0,0,,10,0,0,"[{'no': 1, 'up_bound': 0, 'low_bound': 0, 'range_id': 0, 'range_label': None}]"
Saving warranty information,データ保存用アイテム,vCALO_10s_CNT_BU[0][1][0],737,737,2123,0,1,0x389C31,0x22,0xDA7B,sec,0,31,4,2,-1,-1,-1,1,0,0,0,,10,0,0,"[{'no': 1, 'up_bound': 0, 'low_bound': 0, 'range_id': 0, 'range_label': None}]"
Saving warranty information,データ保存用アイテム,vCALO_10s_CNT_BU[0][1][1],738,738,2124,0,1,0x389C31,0x22,0xDA7B,sec,0,35,4,2,-1,-1,-1,1,0,0,0,,10,0,0,"[{'no': 1, 'up_bound': 0, 'low_bound': 0, 'range_id': 0, 'range_label': None}]"
Saving warranty information,データ保存用アイテム,vCALO_10s_CNT_BU[0][1][2],739,739,2125,0,1,0x389C31,0x22,0xDA7B,sec,0,39,4,2,-1,-1,-1,1,0,0,0,,10,0,0,"[{'no': 1, 'up_bound': 0, 'low_bound': 0, 'range_id': 0, 'range_label': None}]"
Saving warranty information,データ保存用アイテム,vCALO_10s_CNT_BU[0][1][3],740,740,2126,0,1,0x389C31,0x22,0xDA7B,sec,0,43,4,2,-1,-1,-1,1,0,0,0,,10,0,0,"[{'no': 1, 'up_bound': 0, 'low_bound': 0, 'range_id': 0, 'range_label': None}]"
Saving warranty information,データ保存用アイテム,vCALO_10s_CNT_BU[0][1][4],741,741,2127,0,1,0x389C31,0x22,0xDA7B,sec,0,47,4,2,-1,-1,-1,1,0,0,0,,10,0,0,"[{'no': 1, 'up_bound': 0, 'low_bound': 0, 'range_id': 0, 'range_label': None}]"
Saving warranty information,データ保存用アイテム,vCALO_10s_CNT_BU[0][1][5],742,742,2128,0,1,0x389C31,0x22,0xDA7B,sec,0,51,4,2,-1,-1,-1,1,0,0,0,,10,0,0,"[{'no': 1, 'up_bound': 0, 'low_bound': 0, 'range_id': 0, 'range_label': None}]"
Saving warranty information,データ保存用アイテム,vCALO_10s_CNT_BU[0][1][6],743,743,2129,0,1,0x389C31,0x22,0xDA7B,sec,0,55,4,2,-1,-1,-1,1,0,0,0,,10,0,0,"[{'no': 1, 'up_bound': 0, 'low_bound': 0, 'range_id': 0, 'range_label': None}]"
Saving warranty information,データ保存用アイテム,vCALO_10s_CNT_BU[0][2][0],744,744,2130,0,1,0x389C31,0x22,0xDA7B,sec,0,59,4,2,-1,-1,-1,1,0,0,0,,10,0,0,"[{'no': 1, 'up_bound': 0, 'low_bound': 0, 'range_id': 0, 'range_label': None}]"
Saving warranty information,データ保存用アイテム,vCALO_10s_CNT_BU[0][2][1],745,745,2131,0,1,0x389C31,0x22,0xDA7B,sec,0,63,4,2,-1,-1,-1,1,0,0,0,,10,0,0,"[{'no': 1, 'up_bound': 0, 'low_bound': 0, 'range_id': 0, 'range_label': None}]"
Saving warranty information,データ保存用アイテム,vCALO_10s_CNT_BU[0][2][2],746,746,2132,0,1,0x389C31,0x22,0xDA7B,sec,0,67,4,2,-1,-1,-1,1,0,0,0,,10,0,0,"[{'no': 1, 'up_bound': 0, 'low_bound': 0, 'range_id': 0, 'range_label': None}]"
Saving warranty information,データ保存用アイテム,vCALO_10s_CNT_BU[0][2][3],747,747,2133,0,1,0x389C31,0x22,0xDA7B,sec,0,71,4,2,-1,-1,-1,1,0,0,0,,10,0,0,"[{'no': 1, 'up_bound': 0, 'low_bound': 0, 'range_id': 0, 'range_label': None}]"
Saving warranty information,データ保存用アイテム,vCALO_10s_CNT_BU[0][2][4],748,748,2134,0,1,0x389C31,0x22,0xDA7B,sec,0,75,4,2,-1,-1,-1,1,0,0,0,,10,0,0,"[{'no': 1, 'up_bound': 0, 'low_bound': 0, 'range_id': 0, 'range_label': None}]"
Saving warranty information,データ保存用アイテム,vCALO_10s_CNT_BU[0][2][5],749,749,2135,0,1,0x389C31,0x22,0xDA7B,sec,0,79,4,2,-1,-1,-1,1,0,0,0,,10,0,0,"[{'no': 1, 'up_bound': 0, 'low_bound': 0, 'range_id': 0, 'range_label': None}]"
Saving warranty information,データ保存用アイテム,vCALO_10s_CNT_BU[0][2][6],750,750,2136,0,1,0x389C31,0x22,0xDA7B,sec,0,83,4,2,-1,-1,-1,1,0,0,0,,10,0,0,"[{'no': 1, 'up_bound': 0, 'low_bound': 0, 'range_id': 0, 'range_label': None}]"
Saving warranty information,データ保存用アイテム,vCALO_10s_CNT_BU[1][0][0],751,751,2137,0,1,0x389C31,0x22,0xDA7B,sec,0,87,4,2,-1,-1,-1,1,0,0,0,,10,0,0,"[{'no': 1, 'up_bound': 0, 'low_bound': 0, 'range_id': 0, 'range_label': None}]"
Saving warranty information,データ保存用アイテム,vCALO_10s_CNT_BU[1][0][1],752,752,2138,0,1,0x389C31,0x22,0xDA7B,sec,0,91,4,2,-1,-1,-1,1,0,0,0,,10,0,0,"[{'no': 1, 'up_bound': 0, 'low_bound': 0, 'range_id': 0, 'range_label': None}]"
Saving warranty information,データ保存用アイテム,vCALO_10s_CNT_BU[1][0][2],753,753,2139,0,1,0x389C31,0x22,0xDA7B,sec,0,95,4,2,-1,-1,-1,1,0,0,0,,10,0,0,"[{'no': 1, 'up_bound': 0, 'low_bound': 0, 'range_id': 0, 'range_label': None}]"
Saving warranty information,データ保存用アイテム,vCALO_10s_CNT_BU[1][0][3],754,754,2140,0,1,0x389C31,0x22,0xDA7B,sec,0,99,4,2,-1,-1,-1,1,0,0,0,,10,0,0,"[{'no': 1, 'up_bound': 0, 'low_bound': 0, 'range_id': 0, 'range_label': None}]"
Saving warranty information,データ保存用アイテム,vCALO_10s_CNT_BU[1][0][4],755,755,2141,0,1,0x389C31,0x22,0xDA7B,sec,0,103,4,2,-1,-1,-1,1,0,0,0,,10,0,0,"[{'no': 1, 'up_bound': 0, 'low_bound': 0, 'range_id': 0, 'range_label': None}]"
Saving warranty information,データ保存用アイテム,vCALO_10s_CNT_BU[1][0][5],756,756,2142,0,1,0x389C31,0x22,0xDA7B,sec,0,107,4,2,-1,-1,-1,1,0,0,0,,10,0,0,"[{'no': 1, 'up_bound': 0, 'low_bound': 0, 'range_id': 0, 'range_label': None}]"
Saving warranty information,データ保存用アイテム,vCALO_10s_CNT_BU[1][0][6],757,757,2143,0,1,0x389C31,0x22,0xDA7B,sec,0,111,4,2,-1,-1,-1,1,0,0,0,,10,0,0,"[{'no': 1, 'up_bound': 0, 'low_bound': 0, 'range_id': 0, 'range_label': None}]"
Saving warranty information,データ保存用アイテム,vCALO_10s_CNT_BU[1][1][0],758,758,2144,0,1,0x389C31,0x22,0xDA7B,sec,0,115,4,2,-1,-1,-1,1,0,0,0,,10,0,0,"[{'no': 1, 'up_bound': 0, 'low_bound': 0, 'range_id': 0, 'range_label': None}]"
Saving warranty information,データ保存用アイテム,vCALO_10s_CNT_BU[1][1][1],759,759,2145,0,1,0x389C31,0x22,0xDA7B,sec,0,119,4,2,-1,-1,-1,1,0,0,0,,10,0,0,"[{'no': 1, 'up_bound': 0, 'low_bound': 0, 'range_id': 0, 'range_label': None}]"
Saving warranty information,データ保存用アイテム,vCALO_10s_CNT_BU[1][1][2],760,760,2146,0,1,0x389C31,0x22,0xDA7B,sec,0,123,4,2,-1,-1,-1,1,0,0,0,,10,0,0,"[{'no': 1, 'up_bound': 0, 'low_bound': 0, 'range_id': 0, 'range_label': None}]"
Saving warranty information,データ保存用アイテム,vCALO_10s_CNT_BU[1][1][3],761,761,2147,0,1,0x389C31,0x22,0xDA7B,sec,0,127,4,2,-1,-1,-1,1,0,0,0,,10,0,0,"[{'no': 1, 'up_bound': 0, 'low_bound': 0, 'range_id': 0, 'range_label': None}]"
Saving warranty information,データ保存用アイテム,vCALO_10s_CNT_BU[1][1][4],762,762,2148,0,1,0x389C31,0x22,0xDA7B,sec,0,131,4,2,-1,-1,-1,1,0,0,0,,10,0,0,"[{'no': 1, 'up_bound': 0, 'low_bound': 0, 'range_id': 0, 'range_label': None}]"
Saving warranty information,データ保存用アイテム,vCALO_10s_CNT_BU[1][1][5],763,763,2149,0,1,0x389C31,0x22,0xDA7B,sec,0,135,4,2,-1,-1,-1,1,0,0,0,,10,0,0,"[{'no': 1, 'up_bound': 0, 'low_bound': 0, 'range_id': 0, 'range_label': None}]"
Saving warranty information,データ保存用アイテム,vCALO_10s_CNT_BU[1][1][6],764,764,2150,0,1,0x389C31,0x22,0xDA7B,sec,0,139,4,2,-1,-1,-1,1,0,0,0,,10,0,0,"[{'no': 1, 'up_bound': 0, 'low_bound': 0, 'range_id': 0, 'range_label': None}]"
Saving warranty information,データ保存用アイテム,vCALO_10s_CNT_BU[1][2][0],765,765,2151,0,1,0x389C31,0x22,0xDA7B,sec,0,143,4,2,-1,-1,-1,1,0,0,0,,10,0,0,"[{'no': 1, 'up_bound': 0, 'low_bound': 0, 'range_id': 0, 'range_label': None}]"
Saving warranty information,データ保存用アイテム,vCALO_10s_CNT_BU[1][2][1],766,766,2152,0,1,0x389C31,0x22,0xDA7B,sec,0,147,4,2,-1,-1,-1,1,0,0,0,,10,0,0,"[{'no': 1, 'up_bound': 0, 'low_bound': 0, 'range_id': 0, 'range_label': None}]"
Saving warranty information,データ保存用アイテム,vCALO_10s_CNT_BU[1][2][2],767,767,2153,0,1,0x389C31,0x22,0xDA7B,sec,0,151,4,2,-1,-1,-1,1,0,0,0,,10,0,0,"[{'no': 1, 'up_bound': 0, 'low_bound': 0, 'range_id': 0, 'range_label': None}]"
Saving warranty information,データ保存用アイテム,vCALO_10s_CNT_BU[1][2][3],768,768,2154,0,1,0x389C31,0x22,0xDA7B,sec,0,155,4,2,-1,-1,-1,1,0,0,0,,10,0,0,"[{'no': 1, 'up_bound': 0, 'low_bound': 0, 'range_id': 0, 'range_label': None}]"
Saving warranty information,データ保存用アイテム,vCALO_10s_CNT_BU[1][2][4],769,769,2155,0,1,0x389C31,0x22,0xDA7B,sec,0,159,4,2,-1,-1,-1,1,0,0,0,,10,0,0,"[{'no': 1, 'up_bound': 0, 'low_bound': 0, 'range_id': 0, 'range_label': None}]"
Saving warranty information,データ保存用アイテム,vCALO_10s_CNT_BU[1][2][5],770,770,2156,0,1,0x389C31,0x22,0xDA7B,sec,0,163,4,2,-1,-1,-1,1,0,0,0,,10,0,0,"[{'no': 1, 'up_bound': 0, 'low_bound': 0, 'range_id': 0, 'range_label': None}]"
Saving warranty information,データ保存用アイテム,vCALO_10s_CNT_BU[1][2][6],771,771,2157,0,1,0x389C31,0x22,0xDA7B,sec,0,167,4,2,-1,-1,-1,1,0,0,0,,10,0,0,"[{'no': 1, 'up_bound': 0, 'low_bound': 0, 'range_id': 0, 'range_label': None}]"
Saving warranty information,データ保存用アイテム,vMAXTB_BU_ALLT[0][0],772,772,2158,0,1,0x389C31,0x22,0xDA7C,sec,0,3,4,2,-1,-1,-1,1,0,0,0,,1,0,0,"[{'no': 1, 'up_bound': 0, 'low_bound': 0, 'range_id': 0, 'range_label': None}]"
Saving warranty information,データ保存用アイテム,vMAXTB_BU_ALLT[0][1],773,773,2159,0,1,0x389C31,0x22,0xDA7C,sec,0,7,4,2,-1,-1,-1,1,0,0,0,,1,0,0,"[{'no': 1, 'up_bound': 0, 'low_bound': 0, 'range_id': 0, 'range_label': None}]"
Saving warranty information,データ保存用アイテム,vMAXTB_BU_ALLT[0][2],774,774,2160,0,1,0x389C31,0x22,0xDA7C,sec,0,11,4,2,-1,-1,-1,1,0,0,0,,1,0,0,"[{'no': 1, 'up_bound': 0, 'low_bound': 0, 'range_id': 0, 'range_label': None}]"
Saving warranty information,データ保存用アイテム,vMAXTB_BU_ALLT[0][3],775,775,2161,0,1,0x389C31,0x22,0xDA7C,sec,0,15,4,2,-1,-1,-1,1,0,0,0,,1,0,0,"[{'no': 1, 'up_bound': 0, 'low_bound': 0, 'range_id': 0, 'range_label': None}]"
Saving warranty information,データ保存用アイテム,vMAXTB_BU_ALLT[0][4],776,776,2162,0,1,0x389C31,0x22,0xDA7C,sec,0,19,4,2,-1,-1,-1,1,0,0,0,,1,0,0,"[{'no': 1, 'up_bound': 0, 'low_bound': 0, 'range_id': 0, 'range_label': None}]"
Saving warranty information,データ保存用アイテム,vMAXTB_BU_ALLT[0][5],777,777,2163,0,1,0x389C31,0x22,0xDA7C,sec,0,23,4,2,-1,-1,-1,1,0,0,0,,1,0,0,"[{'no': 1, 'up_bound': 0, 'low_bound': 0, 'range_id': 0, 'range_label': None}]"
Saving warranty information,データ保存用アイテム,vMAXTB_BU_ALLT[0][6],778,778,2164,0,1,0x389C31,0x22,0xDA7C,sec,0,27,4,2,-1,-1,-1,1,0,0,0,,1,0,0,"[{'no': 1, 'up_bound': 0, 'low_bound': 0, 'range_id': 0, 'range_label': None}]"
Saving warranty information,データ保存用アイテム,vMAXTB_BU_ALLT[0][7],779,779,2165,0,1,0x389C31,0x22,0xDA7C,sec,0,31,4,2,-1,-1,-1,1,0,0,0,,1,0,0,"[{'no': 1, 'up_bound': 0, 'low_bound': 0, 'range_id': 0, 'range_label': None}]"
Saving warranty information,データ保存用アイテム,vMAXTB_BU_ALLT[0][8],780,780,2166,0,1,0x389C31,0x22,0xDA7C,sec,0,35,4,2,-1,-1,-1,1,0,0,0,,1,0,0,"[{'no': 1, 'up_bound': 0, 'low_bound': 0, 'range_id': 0, 'range_label': None}]"
Saving warranty information,データ保存用アイテム,vMAXTB_BU_ALLT[0][9],781,781,2167,0,1,0x389C31,0x22,0xDA7C,sec,0,39,4,2,-1,-1,-1,1,0,0,0,,1,0,0,"[{'no': 1, 'up_bound': 0, 'low_bound': 0, 'range_id': 0, 'range_label': None}]"
Saving warranty information,データ保存用アイテム,vMAXTB_BU_ALLT[1][0],782,782,2168,0,1,0x389C31,0x22,0xDA7C,sec,0,43,4,2,-1,-1,-1,1,0,0,0,,1,0,0,"[{'no': 1, 'up_bound': 0, 'low_bound': 0, 'range_id': 0, 'range_label': None}]"
Saving warranty information,データ保存用アイテム,vMAXTB_BU_ALLT[1][1],783,783,2169,0,1,0x389C31,0x22,0xDA7C,sec,0,47,4,2,-1,-1,-1,1,0,0,0,,1,0,0,"[{'no': 1, 'up_bound': 0, 'low_bound': 0, 'range_id': 0, 'range_label': None}]"
Saving warranty information,データ保存用アイテム,vMAXTB_BU_ALLT[1][2],784,784,2170,0,1,0x389C31,0x22,0xDA7C,sec,0,51,4,2,-1,-1,-1,1,0,0,0,,1,0,0,"[{'no': 1, 'up_bound': 0, 'low_bound': 0, 'range_id': 0, 'range_label': None}]"
Saving warranty information,データ保存用アイテム,vMAXTB_BU_ALLT[1][3],785,785,2171,0,1,0x389C31,0x22,0xDA7C,sec,0,55,4,2,-1,-1,-1,1,0,0,0,,1,0,0,"[{'no': 1, 'up_bound': 0, 'low_bound': 0, 'range_id': 0, 'range_label': None}]"
Saving warranty information,データ保存用アイテム,vMAXTB_BU_ALLT[1][4],786,786,2172,0,1,0x389C31,0x22,0xDA7C,sec,0,59,4,2,-1,-1,-1,1,0,0,0,,1,0,0,"[{'no': 1, 'up_bound': 0, 'low_bound': 0, 'range_id': 0, 'range_label': None}]"
Saving warranty information,データ保存用アイテム,vMAXTB_BU_ALLT[1][5],787,787,2173,0,1,0x389C31,0x22,0xDA7C,sec,0,63,4,2,-1,-1,-1,1,0,0,0,,1,0,0,"[{'no': 1, 'up_bound': 0, 'low_bound': 0, 'range_id': 0, 'range_label': None}]"
Saving warranty information,データ保存用アイテム,vMAXTB_BU_ALLT[1][6],788,788,2174,0,1,0x389C31,0x22,0xDA7C,sec,0,67,4,2,-1,-1,-1,1,0,0,0,,1,0,0,"[{'no': 1, 'up_bound': 0, 'low_bound': 0, 'range_id': 0, 'range_label': None}]"
Saving warranty information,データ保存用アイテム,vMAXTB_BU_ALLT[1][7],789,789,2175,0,1,0x389C31,0x22,0xDA7C,sec,0,71,4,2,-1,-1,-1,1,0,0,0,,1,0,0,"[{'no': 1, 'up_bound': 0, 'low_bound': 0, 'range_id': 0, 'range_label': None}]"
Saving warranty information,データ保存用アイテム,vMAXTB_BU_ALLT[1][8],790,790,2176,0,1,0x389C31,0x22,0xDA7C,sec,0,75,4,2,-1,-1,-1,1,0,0,0,,1,0,0,"[{'no': 1, 'up_bound': 0, 'low_bound': 0, 'range_id': 0, 'range_label': None}]"
Saving warranty information,データ保存用アイテム,vMAXTB_BU_ALLT[1][9],791,791,2177,0,1,0x389C31,0x22,0xDA7C,sec,0,79,4,2,-1,-1,-1,1,0,0,0,,1,0,0,"[{'no': 1, 'up_bound': 0, 'low_bound': 0, 'range_id': 0, 'range_label': None}]"
Saving warranty information,データ保存用アイテム,vMAXTB_BU_ALLT[2][0],792,792,2178,0,1,0x389C31,0x22,0xDA7C,sec,0,83,4,2,-1,-1,-1,1,0,0,0,,1,0,0,"[{'no': 1, 'up_bound': 0, 'low_bound': 0, 'range_id': 0, 'range_label': None}]"
Saving warranty information,データ保存用アイテム,vMAXTB_BU_ALLT[2][1],793,793,2179,0,1,0x389C31,0x22,0xDA7C,sec,0,87,4,2,-1,-1,-1,1,0,0,0,,1,0,0,"[{'no': 1, 'up_bound': 0, 'low_bound': 0, 'range_id': 0, 'range_label': None}]"
Saving warranty information,データ保存用アイテム,vMAXTB_BU_ALLT[2][2],794,794,2180,0,1,0x389C31,0x22,0xDA7C,sec,0,91,4,2,-1,-1,-1,1,0,0,0,,1,0,0,"[{'no': 1, 'up_bound': 0, 'low_bound': 0, 'range_id': 0, 'range_label': None}]"
Saving warranty information,データ保存用アイテム,vMAXTB_BU_ALLT[2][3],795,795,2181,0,1,0x389C31,0x22,0xDA7C,sec,0,95,4,2,-1,-1,-1,1,0,0,0,,1,0,0,"[{'no': 1, 'up_bound': 0, 'low_bound': 0, 'range_id': 0, 'range_label': None}]"
Saving warranty information,データ保存用アイテム,vMAXTB_BU_ALLT[2][4],796,796,2182,0,1,0x389C31,0x22,0xDA7C,sec,0,99,4,2,-1,-1,-1,1,0,0,0,,1,0,0,"[{'no': 1, 'up_bound': 0, 'low_bound': 0, 'range_id': 0, 'range_label': None}]"
Saving warranty information,データ保存用アイテム,vMAXTB_BU_ALLT[2][5],797,797,2183,0,1,0x389C31,0x22,0xDA7C,sec,0,103,4,2,-1,-1,-1,1,0,0,0,,1,0,0,"[{'no': 1, 'up_bound': 0, 'low_bound': 0, 'range_id': 0, 'range_label': None}]"
Saving warranty information,データ保存用アイテム,vMAXTB_BU_ALLT[2][6],798,798,2184,0,1,0x389C31,0x22,0xDA7C,sec,0,107,4,2,-1,-1,-1,1,0,0,0,,1,0,0,"[{'no': 1, 'up_bound': 0, 'low_bound': 0, 'range_id': 0, 'range_label': None}]"
Saving warranty information,データ保存用アイテム,vMAXTB_BU_ALLT[2][7],799,799,2185,0,1,0x389C31,0x22,0xDA7C,sec,0,111,4,2,-1,-1,-1,1,0,0,0,,1,0,0,"[{'no': 1, 'up_bound': 0, 'low_bound': 0, 'range_id': 0, 'range_label': None}]"
Saving warranty information,データ保存用アイテム,vMAXTB_BU_ALLT[2][8],800,800,2186,0,1,0x389C31,0x22,0xDA7C,sec,0,115,4,2,-1,-1,-1,1,0,0,0,,1,0,0,"[{'no': 1, 'up_bound': 0, 'low_bound': 0, 'range_id': 0, 'range_label': None}]"
Saving warranty information,データ保存用アイテム,vMAXTB_BU_ALLT[2][9],801,801,2187,0,1,0x389C31,0x22,0xDA7C,sec,0,119,4,2,-1,-1,-1,1,0,0,0,,1,0,0,"[{'no': 1, 'up_bound': 0, 'low_bound': 0, 'range_id': 0, 'range_label': None}]"
Saving warranty information,データ保存用アイテム,vMAXTB_BU_ALLT[3][0],802,802,2188,0,1,0x389C31,0x22,0xDA7C,sec,0,123,4,2,-1,-1,-1,1,0,0,0,,1,0,0,"[{'no': 1, 'up_bound': 0, 'low_bound': 0, 'range_id': 0, 'range_label': None}]"
Saving warranty information,データ保存用アイテム,vMAXTB_BU_ALLT[3][1],803,803,2189,0,1,0x389C31,0x22,0xDA7C,sec,0,127,4,2,-1,-1,-1,1,0,0,0,,1,0,0,"[{'no': 1, 'up_bound': 0, 'low_bound': 0, 'range_id': 0, 'range_label': None}]"
Saving warranty information,データ保存用アイテム,vMAXTB_BU_ALLT[3][2],804,804,2190,0,1,0x389C31,0x22,0xDA7C,sec,0,131,4,2,-1,-1,-1,1,0,0,0,,1,0,0,"[{'no': 1, 'up_bound': 0, 'low_bound': 0, 'range_id': 0, 'range_label': None}]"
Saving warranty information,データ保存用アイテム,vMAXTB_BU_ALLT[3][3],805,805,2191,0,1,0x389C31,0x22,0xDA7C,sec,0,135,4,2,-1,-1,-1,1,0,0,0,,1,0,0,"[{'no': 1, 'up_bound': 0, 'low_bound': 0, 'range_id': 0, 'range_label': None}]"
Saving warranty information,データ保存用アイテム,vMAXTB_BU_ALLT[3][4],806,806,2192,0,1,0x389C31,0x22,0xDA7C,sec,0,139,4,2,-1,-1,-1,1,0,0,0,,1,0,0,"[{'no': 1, 'up_bound': 0, 'low_bound': 0, 'range_id': 0, 'range_label': None}]"
Saving warranty information,データ保存用アイテム,vMAXTB_BU_ALLT[3][5],807,807,2193,0,1,0x389C31,0x22,0xDA7C,sec,0,143,4,2,-1,-1,-1,1,0,0,0,,1,0,0,"[{'no': 1, 'up_bound': 0, 'low_bound': 0, 'range_id': 0, 'range_label': None}]"
Saving warranty information,データ保存用アイテム,vMAXTB_BU_ALLT[3][6],808,808,2194,0,1,0x389C31,0x22,0xDA7C,sec,0,147,4,2,-1,-1,-1,1,0,0,0,,1,0,0,"[{'no': 1, 'up_bound': 0, 'low_bound': 0, 'range_id': 0, 'range_label': None}]"
Saving warranty information,データ保存用アイテム,vMAXTB_BU_ALLT[3][7],809,809,2195,0,1,0x389C31,0x22,0xDA7C,sec,0,151,4,2,-1,-1,-1,1,0,0,0,,1,0,0,"[{'no': 1, 'up_bound': 0, 'low_bound': 0, 'range_id': 0, 'range_label': None}]"
Saving warranty information,データ保存用アイテム,vMAXTB_BU_ALLT[3][8],810,810,2196,0,1,0x389C31,0x22,0xDA7C,sec,0,155,4,2,-1,-1,-1,1,0,0,0,,1,0,0,"[{'no': 1, 'up_bound': 0, 'low_bound': 0, 'range_id': 0, 'range_label': None}]"
Saving warranty information,データ保存用アイテム,vMAXTB_BU_ALLT[3][9],811,811,2197,0,1,0x389C31,0x22,0xDA7C,sec,0,159,4,2,-1,-1,-1,1,0,0,0,,1,0,0,"[{'no': 1, 'up_bound': 0, 'low_bound': 0, 'range_id': 0, 'range_label': None}]"
Saving warranty information,データ保存用アイテム,vMAXTB_CLTTMP_NOTNC_BU[0][0],812,812,2198,0,1,0x389C31,0x22,0xDA7D,sec,0,3,4,2,-1,-1,-1,1,0,0,0,,1,0,0,"[{'no': 1, 'up_bound': 0, 'low_bound': 0, 'range_id': 0, 'range_label': None}]"
Saving warranty information,データ保存用アイテム,vMAXTB_CLTTMP_NOTNC_BU[0][1],813,813,2199,0,1,0x389C31,0x22,0xDA7D,sec,0,7,4,2,-1,-1,-1,1,0,0,0,,1,0,0,"[{'no': 1, 'up_bound': 0, 'low_bound': 0, 'range_id': 0, 'range_label': None}]"
Saving warranty information,データ保存用アイテム,vMAXTB_CLTTMP_NOTNC_BU[0][2],814,814,2200,0,1,0x389C31,0x22,0xDA7D,sec,0,11,4,2,-1,-1,-1,1,0,0,0,,1,0,0,"[{'no': 1, 'up_bound': 0, 'low_bound': 0, 'range_id': 0, 'range_label': None}]"
Saving warranty information,データ保存用アイテム,vMAXTB_CLTTMP_NOTNC_BU[0][3],815,815,2201,0,1,0x389C31,0x22,0xDA7D,sec,0,15,4,2,-1,-1,-1,1,0,0,0,,1,0,0,"[{'no': 1, 'up_bound': 0, 'low_bound': 0, 'range_id': 0, 'range_label': None}]"
Saving warranty information,データ保存用アイテム,vMAXTB_CLTTMP_NOTNC_BU[0][4],816,816,2202,0,1,0x389C31,0x22,0xDA7D,sec,0,19,4,2,-1,-1,-1,1,0,0,0,,1,0,0,"[{'no': 1, 'up_bound': 0, 'low_bound': 0, 'range_id': 0, 'range_label': None}]"
Saving warranty information,データ保存用アイテム,vMAXTB_CLTTMP_NOTNC_BU[0][5],817,817,2203,0,1,0x389C31,0x22,0xDA7D,sec,0,23,4,2,-1,-1,-1,1,0,0,0,,1,0,0,"[{'no': 1, 'up_bound': 0, 'low_bound': 0, 'range_id': 0, 'range_label': None}]"
Saving warranty information,データ保存用アイテム,vMAXTB_CLTTMP_NOTNC_BU[0][6],818,818,2204,0,1,0x389C31,0x22,0xDA7D,sec,0,27,4,2,-1,-1,-1,1,0,0,0,,1,0,0,"[{'no': 1, 'up_bound': 0, 'low_bound': 0, 'range_id': 0, 'range_label': None}]"
Saving warranty information,データ保存用アイテム,vMAXTB_CLTTMP_NOTNC_BU[1][0],819,819,2205,0,1,0x389C31,0x22,0xDA7D,sec,0,31,4,2,-1,-1,-1,1,0,0,0,,1,0,0,"[{'no': 1, 'up_bound': 0, 'low_bound': 0, 'range_id': 0, 'range_label': None}]"
Saving warranty information,データ保存用アイテム,vMAXTB_CLTTMP_NOTNC_BU[1][1],820,820,2206,0,1,0x389C31,0x22,0xDA7D,sec,0,35,4,2,-1,-1,-1,1,0,0,0,,1,0,0,"[{'no': 1, 'up_bound': 0, 'low_bound': 0, 'range_id': 0, 'range_label': None}]"
Saving warranty information,データ保存用アイテム,vMAXTB_CLTTMP_NOTNC_BU[1][2],821,821,2207,0,1,0x389C31,0x22,0xDA7D,sec,0,39,4,2,-1,-1,-1,1,0,0,0,,1,0,0,"[{'no': 1, 'up_bound': 0, 'low_bound': 0, 'range_id': 0, 'range_label': None}]"
Saving warranty information,データ保存用アイテム,vMAXTB_CLTTMP_NOTNC_BU[1][3],822,822,2208,0,1,0x389C31,0x22,0xDA7D,sec,0,43,4,2,-1,-1,-1,1,0,0,0,,1,0,0,"[{'no': 1, 'up_bound': 0, 'low_bound': 0, 'range_id': 0, 'range_label': None}]"
Saving warranty information,データ保存用アイテム,vMAXTB_CLTTMP_NOTNC_BU[1][4],823,823,2209,0,1,0x389C31,0x22,0xDA7D,sec,0,47,4,2,-1,-1,-1,1,0,0,0,,1,0,0,"[{'no': 1, 'up_bound': 0, 'low_bound': 0, 'range_id': 0, 'range_label': None}]"
Saving warranty information,データ保存用アイテム,vMAXTB_CLTTMP_NOTNC_BU[1][5],824,824,2210,0,1,0x389C31,0x22,0xDA7D,sec,0,51,4,2,-1,-1,-1,1,0,0,0,,1,0,0,"[{'no': 1, 'up_bound': 0, 'low_bound': 0, 'range_id': 0, 'range_label': None}]"
Saving warranty information,データ保存用アイテム,vMAXTB_CLTTMP_NOTNC_BU[1][6],825,825,2211,0,1,0x389C31,0x22,0xDA7D,sec,0,55,4,2,-1,-1,-1,1,0,0,0,,1,0,0,"[{'no': 1, 'up_bound': 0, 'low_bound': 0, 'range_id': 0, 'range_label': None}]"
Saving warranty information,データ保存用アイテム,vMAXTB_CLTTMP_NC_BU[0][0],826,826,2212,0,1,0x389C31,0x22,0xDA7E,sec,0,3,4,2,-1,-1,-1,1,0,0,0,,1,0,0,"[{'no': 1, 'up_bound': 0, 'low_bound': 0, 'range_id': 0, 'range_label': None}]"
Saving warranty information,データ保存用アイテム,vMAXTB_CLTTMP_NC_BU[0][1],827,827,2213,0,1,0x389C31,0x22,0xDA7E,sec,0,7,4,2,-1,-1,-1,1,0,0,0,,1,0,0,"[{'no': 1, 'up_bound': 0, 'low_bound': 0, 'range_id': 0, 'range_label': None}]"
Saving warranty information,データ保存用アイテム,vMAXTB_CLTTMP_NC_BU[0][2],828,828,2214,0,1,0x389C31,0x22,0xDA7E,sec,0,11,4,2,-1,-1,-1,1,0,0,0,,1,0,0,"[{'no': 1, 'up_bound': 0, 'low_bound': 0, 'range_id': 0, 'range_label': None}]"
Saving warranty information,データ保存用アイテム,vMAXTB_CLTTMP_NC_BU[0][3],829,829,2215,0,1,0x389C31,0x22,0xDA7E,sec,0,15,4,2,-1,-1,-1,1,0,0,0,,1,0,0,"[{'no': 1, 'up_bound': 0, 'low_bound': 0, 'range_id': 0, 'range_label': None}]"
Saving warranty information,データ保存用アイテム,vMAXTB_CLTTMP_NC_BU[0][4],830,830,2216,0,1,0x389C31,0x22,0xDA7E,sec,0,19,4,2,-1,-1,-1,1,0,0,0,,1,0,0,"[{'no': 1, 'up_bound': 0, 'low_bound': 0, 'range_id': 0, 'range_label': None}]"
Saving warranty information,データ保存用アイテム,vMAXTB_CLTTMP_NC_BU[0][5],831,831,2217,0,1,0x389C31,0x22,0xDA7E,sec,0,23,4,2,-1,-1,-1,1,0,0,0,,1,0,0,"[{'no': 1, 'up_bound': 0, 'low_bound': 0, 'range_id': 0, 'range_label': None}]"
Saving warranty information,データ保存用アイテム,vMAXTB_CLTTMP_NC_BU[0][6],832,832,2218,0,1,0x389C31,0x22,0xDA7E,sec,0,27,4,2,-1,-1,-1,1,0,0,0,,1,0,0,"[{'no': 1, 'up_bound': 0, 'low_bound': 0, 'range_id': 0, 'range_label': None}]"
Saving warranty information,データ保存用アイテム,vMAXTB_CLTTMP_NC_BU[1][0],833,833,2219,0,1,0x389C31,0x22,0xDA7E,sec,0,31,4,2,-1,-1,-1,1,0,0,0,,1,0,0,"[{'no': 1, 'up_bound': 0, 'low_bound': 0, 'range_id': 0, 'range_label': None}]"
Saving warranty information,データ保存用アイテム,vMAXTB_CLTTMP_NC_BU[1][1],834,834,2220,0,1,0x389C31,0x22,0xDA7E,sec,0,35,4,2,-1,-1,-1,1,0,0,0,,1,0,0,"[{'no': 1, 'up_bound': 0, 'low_bound': 0, 'range_id': 0, 'range_label': None}]"
Saving warranty information,データ保存用アイテム,vMAXTB_CLTTMP_NC_BU[1][2],835,835,2221,0,1,0x389C31,0x22,0xDA7E,sec,0,39,4,2,-1,-1,-1,1,0,0,0,,1,0,0,"[{'no': 1, 'up_bound': 0, 'low_bound': 0, 'range_id': 0, 'range_label': None}]"
Saving warranty information,データ保存用アイテム,vMAXTB_CLTTMP_NC_BU[1][3],836,836,2222,0,1,0x389C31,0x22,0xDA7E,sec,0,43,4,2,-1,-1,-1,1,0,0,0,,1,0,0,"[{'no': 1, 'up_bound': 0, 'low_bound': 0, 'range_id': 0, 'range_label': None}]"
Saving warranty information,データ保存用アイテム,vMAXTB_CLTTMP_NC_BU[1][4],837,837,2223,0,1,0x389C31,0x22,0xDA7E,sec,0,47,4,2,-1,-1,-1,1,0,0,0,,1,0,0,"[{'no': 1, 'up_bound': 0, 'low_bound': 0, 'range_id': 0, 'range_label': None}]"
Saving warranty information,データ保存用アイテム,vMAXTB_CLTTMP_NC_BU[1][5],838,838,2224,0,1,0x389C31,0x22,0xDA7E,sec,0,51,4,2,-1,-1,-1,1,0,0,0,,1,0,0,"[{'no': 1, 'up_bound': 0, 'low_bound': 0, 'range_id': 0, 'range_label': None}]"
Saving warranty information,データ保存用アイテム,vMAXTB_CLTTMP_NC_BU[1][6],839,839,2225,0,1,0x389C31,0x22,0xDA7E,sec,0,55,4,2,-1,-1,-1,1,0,0,0,,1,0,0,"[{'no': 1, 'up_bound': 0, 'low_bound': 0, 'range_id': 0, 'range_label': None}]"
Saving warranty information,データ保存用アイテム,vEXTTEMP_CNT_BU[0][0],840,840,2226,0,1,0x389C31,0x22,0xDA7F,sec,0,3,4,2,-1,-1,-1,1,0,0,0,,1,0,0,"[{'no': 1, 'up_bound': 0, 'low_bound': 0, 'range_id': 0, 'range_label': None}]"
Saving warranty information,データ保存用アイテム,vEXTTEMP_CNT_BU[0][1],841,841,2227,0,1,0x389C31,0x22,0xDA7F,sec,0,7,4,2,-1,-1,-1,1,0,0,0,,1,0,0,"[{'no': 1, 'up_bound': 0, 'low_bound': 0, 'range_id': 0, 'range_label': None}]"
Saving warranty information,データ保存用アイテム,vEXTTEMP_CNT_BU[0][2],842,842,2228,0,1,0x389C31,0x22,0xDA7F,sec,0,11,4,2,-1,-1,-1,1,0,0,0,,1,0,0,"[{'no': 1, 'up_bound': 0, 'low_bound': 0, 'range_id': 0, 'range_label': None}]"
Saving warranty information,データ保存用アイテム,vEXTTEMP_CNT_BU[0][3],843,843,2229,0,1,0x389C31,0x22,0xDA7F,sec,0,15,4,2,-1,-1,-1,1,0,0,0,,1,0,0,"[{'no': 1, 'up_bound': 0, 'low_bound': 0, 'range_id': 0, 'range_label': None}]"
Saving warranty information,データ保存用アイテム,vEXTTEMP_CNT_BU[0][4],844,844,2230,0,1,0x389C31,0x22,0xDA7F,sec,0,19,4,2,-1,-1,-1,1,0,0,0,,1,0,0,"[{'no': 1, 'up_bound': 0, 'low_bound': 0, 'range_id': 0, 'range_label': None}]"
Saving warranty information,データ保存用アイテム,vEXTTEMP_CNT_BU[0][5],845,845,2231,0,1,0x389C31,0x22,0xDA7F,sec,0,23,4,2,-1,-1,-1,1,0,0,0,,1,0,0,"[{'no': 1, 'up_bound': 0, 'low_bound': 0, 'range_id': 0, 'range_label': None}]"
Saving warranty information,データ保存用アイテム,vEXTTEMP_CNT_BU[0][6],846,846,2232,0,1,0x389C31,0x22,0xDA7F,sec,0,27,4,2,-1,-1,-1,1,0,0,0,,1,0,0,"[{'no': 1, 'up_bound': 0, 'low_bound': 0, 'range_id': 0, 'range_label': None}]"
Saving warranty information,データ保存用アイテム,vEXTTEMP_CNT_BU[1][0],847,847,2233,0,1,0x389C31,0x22,0xDA7F,sec,0,31,4,2,-1,-1,-1,1,0,0,0,,1,0,0,"[{'no': 1, 'up_bound': 0, 'low_bound': 0, 'range_id': 0, 'range_label': None}]"
Saving warranty information,データ保存用アイテム,vEXTTEMP_CNT_BU[1][1],848,848,2234,0,1,0x389C31,0x22,0xDA7F,sec,0,35,4,2,-1,-1,-1,1,0,0,0,,1,0,0,"[{'no': 1, 'up_bound': 0, 'low_bound': 0, 'range_id': 0, 'range_label': None}]"
Saving warranty information,データ保存用アイテム,vEXTTEMP_CNT_BU[1][2],849,849,2235,0,1,0x389C31,0x22,0xDA7F,sec,0,39,4,2,-1,-1,-1,1,0,0,0,,1,0,0,"[{'no': 1, 'up_bound': 0, 'low_bound': 0, 'range_id': 0, 'range_label': None}]"
Saving warranty information,データ保存用アイテム,vEXTTEMP_CNT_BU[1][3],850,850,2236,0,1,0x389C31,0x22,0xDA7F,sec,0,43,4,2,-1,-1,-1,1,0,0,0,,1,0,0,"[{'no': 1, 'up_bound': 0, 'low_bound': 0, 'range_id': 0, 'range_label': None}]"
Saving warranty information,データ保存用アイテム,vEXTTEMP_CNT_BU[1][4],851,851,2237,0,1,0x389C31,0x22,0xDA7F,sec,0,47,4,2,-1,-1,-1,1,0,0,0,,1,0,0,"[{'no': 1, 'up_bound': 0, 'low_bound': 0, 'range_id': 0, 'range_label': None}]"
Saving warranty information,データ保存用アイテム,vEXTTEMP_CNT_BU[1][5],852,852,2238,0,1,0x389C31,0x22,0xDA7F,sec,0,51,4,2,-1,-1,-1,1,0,0,0,,1,0,0,"[{'no': 1, 'up_bound': 0, 'low_bound': 0, 'range_id': 0, 'range_label': None}]"
Saving warranty information,データ保存用アイテム,vEXTTEMP_CNT_BU[1][6],853,853,2239,0,1,0x389C31,0x22,0xDA7F,sec,0,55,4,2,-1,-1,-1,1,0,0,0,,1,0,0,"[{'no': 1, 'up_bound': 0, 'low_bound': 0, 'range_id': 0, 'range_label': None}]"
Saving warranty information,データ保存用アイテム,vEXTTEMP_CNT_BU[2][0],854,854,2240,0,1,0x389C31,0x22,0xDA7F,sec,0,59,4,2,-1,-1,-1,1,0,0,0,,1,0,0,"[{'no': 1, 'up_bound': 0, 'low_bound': 0, 'range_id': 0, 'range_label': None}]"
Saving warranty information,データ保存用アイテム,vEXTTEMP_CNT_BU[2][1],855,855,2241,0,1,0x389C31,0x22,0xDA7F,sec,0,63,4,2,-1,-1,-1,1,0,0,0,,1,0,0,"[{'no': 1, 'up_bound': 0, 'low_bound': 0, 'range_id': 0, 'range_label': None}]"
Saving warranty information,データ保存用アイテム,vEXTTEMP_CNT_BU[2][2],856,856,2242,0,1,0x389C31,0x22,0xDA7F,sec,0,67,4,2,-1,-1,-1,1,0,0,0,,1,0,0,"[{'no': 1, 'up_bound': 0, 'low_bound': 0, 'range_id': 0, 'range_label': None}]"
Saving warranty information,データ保存用アイテム,vEXTTEMP_CNT_BU[2][3],857,857,2243,0,1,0x389C31,0x22,0xDA7F,sec,0,71,4,2,-1,-1,-1,1,0,0,0,,1,0,0,"[{'no': 1, 'up_bound': 0, 'low_bound': 0, 'range_id': 0, 'range_label': None}]"
Saving warranty information,データ保存用アイテム,vEXTTEMP_CNT_BU[2][4],858,858,2244,0,1,0x389C31,0x22,0xDA7F,sec,0,75,4,2,-1,-1,-1,1,0,0,0,,1,0,0,"[{'no': 1, 'up_bound': 0, 'low_bound': 0, 'range_id': 0, 'range_label': None}]"
Saving warranty information,データ保存用アイテム,vEXTTEMP_CNT_BU[2][5],859,859,2245,0,1,0x389C31,0x22,0xDA7F,sec,0,79,4,2,-1,-1,-1,1,0,0,0,,1,0,0,"[{'no': 1, 'up_bound': 0, 'low_bound': 0, 'range_id': 0, 'range_label': None}]"
Saving warranty information,データ保存用アイテム,vEXTTEMP_CNT_BU[2][6],860,860,2246,0,1,0x389C31,0x22,0xDA7F,sec,0,83,4,2,-1,-1,-1,1,0,0,0,,1,0,0,"[{'no': 1, 'up_bound': 0, 'low_bound': 0, 'range_id': 0, 'range_label': None}]"
Saving warranty information,データ保存用アイテム,vEXTTEMP_CNT_BU[3][0],861,861,2247,0,1,0x389C31,0x22,0xDA7F,sec,0,87,4,2,-1,-1,-1,1,0,0,0,,1,0,0,"[{'no': 1, 'up_bound': 0, 'low_bound': 0, 'range_id': 0, 'range_label': None}]"
Saving warranty information,データ保存用アイテム,vEXTTEMP_CNT_BU[3][1],862,862,2248,0,1,0x389C31,0x22,0xDA7F,sec,0,91,4,2,-1,-1,-1,1,0,0,0,,1,0,0,"[{'no': 1, 'up_bound': 0, 'low_bound': 0, 'range_id': 0, 'range_label': None}]"
Saving warranty information,データ保存用アイテム,vEXTTEMP_CNT_BU[3][2],863,863,2249,0,1,0x389C31,0x22,0xDA7F,sec,0,95,4,2,-1,-1,-1,1,0,0,0,,1,0,0,"[{'no': 1, 'up_bound': 0, 'low_bound': 0, 'range_id': 0, 'range_label': None}]"
Saving warranty information,データ保存用アイテム,vEXTTEMP_CNT_BU[3][3],864,864,2250,0,1,0x389C31,0x22,0xDA7F,sec,0,99,4,2,-1,-1,-1,1,0,0,0,,1,0,0,"[{'no': 1, 'up_bound': 0, 'low_bound': 0, 'range_id': 0, 'range_label': None}]"
Saving warranty information,データ保存用アイテム,vEXTTEMP_CNT_BU[3][4],865,865,2251,0,1,0x389C31,0x22,0xDA7F,sec,0,103,4,2,-1,-1,-1,1,0,0,0,,1,0,0,"[{'no': 1, 'up_bound': 0, 'low_bound': 0, 'range_id': 0, 'range_label': None}]"
Saving warranty information,データ保存用アイテム,vEXTTEMP_CNT_BU[3][5],866,866,2252,0,1,0x389C31,0x22,0xDA7F,sec,0,107,4,2,-1,-1,-1,1,0,0,0,,1,0,0,"[{'no': 1, 'up_bound': 0, 'low_bound': 0, 'range_id': 0, 'range_label': None}]"
Saving warranty information,データ保存用アイテム,vEXTTEMP_CNT_BU[3][6],867,867,2253,0,1,0x389C31,0x22,0xDA7F,sec,0,111,4,2,-1,-1,-1,1,0,0,0,,1,0,0,"[{'no': 1, 'up_bound': 0, 'low_bound': 0, 'range_id': 0, 'range_label': None}]"
Saving warranty information,データ保存用アイテム,vCOMPRESSRPM_CNT_BU[0][0],868,868,2254,0,1,0x389C31,0x22,0xDA80,sec,0,3,4,2,-1,-1,-1,1,0,0,0,,1,0,0,"[{'no': 1, 'up_bound': 0, 'low_bound': 0, 'range_id': 0, 'range_label': None}]"
Saving warranty information,データ保存用アイテム,vCOMPRESSRPM_CNT_BU[0][1],869,869,2255,0,1,0x389C31,0x22,0xDA80,sec,0,7,4,2,-1,-1,-1,1,0,0,0,,1,0,0,"[{'no': 1, 'up_bound': 0, 'low_bound': 0, 'range_id': 0, 'range_label': None}]"
Saving warranty information,データ保存用アイテム,vCOMPRESSRPM_CNT_BU[0][2],870,870,2256,0,1,0x389C31,0x22,0xDA80,sec,0,11,4,2,-1,-1,-1,1,0,0,0,,1,0,0,"[{'no': 1, 'up_bound': 0, 'low_bound': 0, 'range_id': 0, 'range_label': None}]"
Saving warranty information,データ保存用アイテム,vCOMPRESSRPM_CNT_BU[0][3],871,871,2257,0,1,0x389C31,0x22,0xDA80,sec,0,15,4,2,-1,-1,-1,1,0,0,0,,1,0,0,"[{'no': 1, 'up_bound': 0, 'low_bound': 0, 'range_id': 0, 'range_label': None}]"
Saving warranty information,データ保存用アイテム,vCOMPRESSRPM_CNT_BU[0][4],872,872,2258,0,1,0x389C31,0x22,0xDA80,sec,0,19,4,2,-1,-1,-1,1,0,0,0,,1,0,0,"[{'no': 1, 'up_bound': 0, 'low_bound': 0, 'range_id': 0, 'range_label': None}]"
Saving warranty information,データ保存用アイテム,vCOMPRESSRPM_CNT_BU[1][0],873,873,2259,0,1,0x389C31,0x22,0xDA80,sec,0,23,4,2,-1,-1,-1,1,0,0,0,,1,0,0,"[{'no': 1, 'up_bound': 0, 'low_bound': 0, 'range_id': 0, 'range_label': None}]"
Saving warranty information,データ保存用アイテム,vCOMPRESSRPM_CNT_BU[1][1],874,874,2260,0,1,0x389C31,0x22,0xDA80,sec,0,27,4,2,-1,-1,-1,1,0,0,0,,1,0,0,"[{'no': 1, 'up_bound': 0, 'low_bound': 0, 'range_id': 0, 'range_label': None}]"
Saving warranty information,データ保存用アイテム,vCOMPRESSRPM_CNT_BU[1][2],875,875,2261,0,1,0x389C31,0x22,0xDA80,sec,0,31,4,2,-1,-1,-1,1,0,0,0,,1,0,0,"[{'no': 1, 'up_bound': 0, 'low_bound': 0, 'range_id': 0, 'range_label': None}]"
Saving warranty information,データ保存用アイテム,vCOMPRESSRPM_CNT_BU[1][3],876,876,2262,0,1,0x389C31,0x22,0xDA80,sec,0,35,4,2,-1,-1,-1,1,0,0,0,,1,0,0,"[{'no': 1, 'up_bound': 0, 'low_bound': 0, 'range_id': 0, 'range_label': None}]"
Saving warranty information,データ保存用アイテム,vCOMPRESSRPM_CNT_BU[1][4],877,877,2263,0,1,0x389C31,0x22,0xDA80,sec,0,39,4,2,-1,-1,-1,1,0,0,0,,1,0,0,"[{'no': 1, 'up_bound': 0, 'low_bound': 0, 'range_id': 0, 'range_label': None}]"
Saving warranty information,データ保存用アイテム,vCOMPRESSRPM_CNT_BU[2][0],878,878,2264,0,1,0x389C31,0x22,0xDA80,sec,0,43,4,2,-1,-1,-1,1,0,0,0,,1,0,0,"[{'no': 1, 'up_bound': 0, 'low_bound': 0, 'range_id': 0, 'range_label': None}]"
Saving warranty information,データ保存用アイテム,vCOMPRESSRPM_CNT_BU[2][1],879,879,2265,0,1,0x389C31,0x22,0xDA80,sec,0,47,4,2,-1,-1,-1,1,0,0,0,,1,0,0,"[{'no': 1, 'up_bound': 0, 'low_bound': 0, 'range_id': 0, 'range_label': None}]"
Saving warranty information,データ保存用アイテム,vCOMPRESSRPM_CNT_BU[2][2],880,880,2266,0,1,0x389C31,0x22,0xDA80,sec,0,51,4,2,-1,-1,-1,1,0,0,0,,1,0,0,"[{'no': 1, 'up_bound': 0, 'low_bound': 0, 'range_id': 0, 'range_label': None}]"
Saving warranty information,データ保存用アイテム,vCOMPRESSRPM_CNT_BU[2][3],881,881,2267,0,1,0x389C31,0x22,0xDA80,sec,0,55,4,2,-1,-1,-1,1,0,0,0,,1,0,0,"[{'no': 1, 'up_bound': 0, 'low_bound': 0, 'range_id': 0, 'range_label': None}]"
Saving warranty information,データ保存用アイテム,vCOMPRESSRPM_CNT_BU[2][4],882,882,2268,0,1,0x389C31,0x22,0xDA80,sec,0,59,4,2,-1,-1,-1,1,0,0,0,,1,0,0,"[{'no': 1, 'up_bound': 0, 'low_bound': 0, 'range_id': 0, 'range_label': None}]"
Saving warranty information,データ保存用アイテム,vCOMPRESSRPM_CNT_BU[3][0],883,883,2269,0,1,0x389C31,0x22,0xDA80,sec,0,63,4,2,-1,-1,-1,1,0,0,0,,1,0,0,"[{'no': 1, 'up_bound': 0, 'low_bound': 0, 'range_id': 0, 'range_label': None}]"
Saving warranty information,データ保存用アイテム,vCOMPRESSRPM_CNT_BU[3][1],884,884,2270,0,1,0x389C31,0x22,0xDA80,sec,0,67,4,2,-1,-1,-1,1,0,0,0,,1,0,0,"[{'no': 1, 'up_bound': 0, 'low_bound': 0, 'range_id': 0, 'range_label': None}]"
Saving warranty information,データ保存用アイテム,vCOMPRESSRPM_CNT_BU[3][2],885,885,2271,0,1,0x389C31,0x22,0xDA80,sec,0,71,4,2,-1,-1,-1,1,0,0,0,,1,0,0,"[{'no': 1, 'up_bound': 0, 'low_bound': 0, 'range_id': 0, 'range_label': None}]"
Saving warranty information,データ保存用アイテム,vCOMPRESSRPM_CNT_BU[3][3],886,886,2272,0,1,0x389C31,0x22,0xDA80,sec,0,75,4,2,-1,-1,-1,1,0,0,0,,1,0,0,"[{'no': 1, 'up_bound': 0, 'low_bound': 0, 'range_id': 0, 'range_label': None}]"
Saving warranty information,データ保存用アイテム,vCOMPRESSRPM_CNT_BU[3][4],887,887,2273,0,1,0x389C31,0x22,0xDA80,sec,0,79,4,2,-1,-1,-1,1,0,0,0,,1,0,0,"[{'no': 1, 'up_bound': 0, 'low_bound': 0, 'range_id': 0, 'range_label': None}]"
Saving warranty information,データ保存用アイテム,vENGSPEED_CNT_BU[0],888,888,2274,0,1,0x389C31,0x22,0xDA81,sec,0,3,4,2,-1,-1,-1,1,0,0,0,,1,0,0,"[{'no': 1, 'up_bound': 0, 'low_bound': 0, 'range_id': 0, 'range_label': None}]"
Saving warranty information,データ保存用アイテム,vENGSPEED_CNT_BU[1],889,889,2275,0,1,0x389C31,0x22,0xDA81,sec,0,7,4,2,-1,-1,-1,1,0,0,0,,1,0,0,"[{'no': 1, 'up_bound': 0, 'low_bound': 0, 'range_id': 0, 'range_label': None}]"
Saving warranty information,データ保存用アイテム,vENGSPEED_CNT_BU[2],890,890,2276,0,1,0x389C31,0x22,0xDA81,sec,0,11,4,2,-1,-1,-1,1,0,0,0,,1,0,0,"[{'no': 1, 'up_bound': 0, 'low_bound': 0, 'range_id': 0, 'range_label': None}]"
Saving warranty information,データ保存用アイテム,vENGSPEED_CNT_BU[3],891,891,2277,0,1,0x389C31,0x22,0xDA81,sec,0,15,4,2,-1,-1,-1,1,0,0,0,,1,0,0,"[{'no': 1, 'up_bound': 0, 'low_bound': 0, 'range_id': 0, 'range_label': None}]"
Saving warranty information,データ保存用アイテム,vENGSPEED_CNT_BU[4],892,892,2278,0,1,0x389C31,0x22,0xDA81,sec,0,19,4,2,-1,-1,-1,1,0,0,0,,1,0,0,"[{'no': 1, 'up_bound': 0, 'low_bound': 0, 'range_id': 0, 'range_label': None}]"
Saving warranty information,データ保存用アイテム,vENGSPEED_CNT_BU[5],893,893,2279,0,1,0x389C31,0x22,0xDA81,sec,0,23,4,2,-1,-1,-1,1,0,0,0,,1,0,0,"[{'no': 1, 'up_bound': 0, 'low_bound': 0, 'range_id': 0, 'range_label': None}]"
Saving warranty information,データ保存用アイテム,vCOOLON_CNT_BU[0],894,894,2280,0,1,0x389C31,0x22,0xDA81,sec,0,27,4,2,-1,-1,-1,1,0,0,0,,1,0,0,"[{'no': 1, 'up_bound': 0, 'low_bound': 0, 'range_id': 0, 'range_label': None}]"
Saving warranty information,データ保存用アイテム,vCOOLON_CNT_BU[1],895,895,2281,0,1,0x389C31,0x22,0xDA81,sec,0,31,4,2,-1,-1,-1,1,0,0,0,,1,0,0,"[{'no': 1, 'up_bound': 0, 'low_bound': 0, 'range_id': 0, 'range_label': None}]"
Saving warranty information,データ保存用アイテム,vCOOLON_CNT_BU[2],896,896,2282,0,1,0x389C31,0x22,0xDA81,sec,0,35,4,2,-1,-1,-1,1,0,0,0,,1,0,0,"[{'no': 1, 'up_bound': 0, 'low_bound': 0, 'range_id': 0, 'range_label': None}]"
Saving warranty information,データ保存用アイテム,vCOOLON_CNT_BU[3],897,897,2283,0,1,0x389C31,0x22,0xDA81,sec,0,39,4,2,-1,-1,-1,1,0,0,0,,1,0,0,"[{'no': 1, 'up_bound': 0, 'low_bound': 0, 'range_id': 0, 'range_label': None}]"
Saving warranty information,データ保存用アイテム,vCOOLSWOFF_CNT_BU,898,898,2284,0,1,0x389C31,0x22,0xDA81,sec,0,43,4,2,-1,-1,-1,1,0,0,0,,1,0,0,"[{'no': 1, 'up_bound': 0, 'low_bound': 0, 'range_id': 0, 'range_label': None}]"
Saving warranty information,データ保存用アイテム,vOVERTEMP_CNT_BU,899,899,2285,0,1,0x389C31,0x22,0xDA81,sec,0,47,4,2,-1,-1,-1,1,0,0,0,,1,0,0,"[{'no': 1, 'up_bound': 0, 'low_bound': 0, 'range_id': 0, 'range_label': None}]"
Saving warranty information,データ保存用アイテム,vNUME_BU,900,900,2286,0,1,0x389C31,0x22,0xDA81,count,0,51,2,2,-1,-1,-1,1,0,0,0,,1,0,0,"[{'no': 1, 'up_bound': 0, 'low_bound': 0, 'range_id': 0, 'range_label': None}]"
Saving warranty information,データ保存用アイテム,vDENOM_BU,901,901,2287,0,1,0x389C31,0x22,0xDA81,count,0,53,2,2,-1,-1,-1,1,0,0,0,,1,0,0,"[{'no': 1, 'up_bound': 0, 'low_bound': 0, 'range_id': 0, 'range_label': None}]"
Saving warranty information,データ保存用アイテム,vTEMPERR_BU_ALLTM_DR[0],902,902,2288,0,1,0x389C31,0x22,0xDA82,sec,0,3,4,2,-1,-1,-1,1,0,0,0,,1,0,0,"[{'no': 1, 'up_bound': 0, 'low_bound': 0, 'range_id': 0, 'range_label': None}]"
Saving warranty information,データ保存用アイテム,vTEMPERR_BU_ALLTM_DR[1],903,903,2289,0,1,0x389C31,0x22,0xDA82,sec,0,7,4,2,-1,-1,-1,1,0,0,0,,1,0,0,"[{'no': 1, 'up_bound': 0, 'low_bound': 0, 'range_id': 0, 'range_label': None}]"
Saving warranty information,データ保存用アイテム,vTEMPERR_BU_ALLTM_DR[2],904,904,2290,0,1,0x389C31,0x22,0xDA82,sec,0,11,4,2,-1,-1,-1,1,0,0,0,,1,0,0,"[{'no': 1, 'up_bound': 0, 'low_bound': 0, 'range_id': 0, 'range_label': None}]"
Saving warranty information,データ保存用アイテム,vTEMPERR_BU_ALLTM_DR[3],905,905,2291,0,1,0x389C31,0x22,0xDA82,sec,0,15,4,2,-1,-1,-1,1,0,0,0,,1,0,0,"[{'no': 1, 'up_bound': 0, 'low_bound': 0, 'range_id': 0, 'range_label': None}]"
Saving warranty information,データ保存用アイテム,vTEMPERR_BU_ALLTM_DR[4],906,906,2292,0,1,0x389C31,0x22,0xDA82,sec,0,19,4,2,-1,-1,-1,1,0,0,0,,1,0,0,"[{'no': 1, 'up_bound': 0, 'low_bound': 0, 'range_id': 0, 'range_label': None}]"
Saving warranty information,データ保存用アイテム,vTEMPERR_BU_ALLTM_DR[5],907,907,2293,0,1,0x389C31,0x22,0xDA82,sec,0,23,4,2,-1,-1,-1,1,0,0,0,,1,0,0,"[{'no': 1, 'up_bound': 0, 'low_bound': 0, 'range_id': 0, 'range_label': None}]"
Saving warranty information,データ保存用アイテム,vTEMPERR_BU_ALLTM_DR[6],908,908,2294,0,1,0x389C31,0x22,0xDA82,sec,0,27,4,2,-1,-1,-1,1,0,0,0,,1,0,0,"[{'no': 1, 'up_bound': 0, 'low_bound': 0, 'range_id': 0, 'range_label': None}]"
Saving warranty information,データ保存用アイテム,vTEMPERR_BU_ALLTM_NDR[0][0],909,909,2295,0,1,0x389C31,0x22,0xDA83,sec,0,3,4,2,-1,-1,-1,1,0,0,0,,1,0,0,"[{'no': 1, 'up_bound': 0, 'low_bound': 0, 'range_id': 0, 'range_label': None}]"
Saving warranty information,データ保存用アイテム,vTEMPERR_BU_ALLTM_NDR[0][1],910,910,2296,0,1,0x389C31,0x22,0xDA83,sec,0,7,4,2,-1,-1,-1,1,0,0,0,,1,0,0,"[{'no': 1, 'up_bound': 0, 'low_bound': 0, 'range_id': 0, 'range_label': None}]"
Saving warranty information,データ保存用アイテム,vTEMPERR_BU_ALLTM_NDR[0][2],911,911,2297,0,1,0x389C31,0x22,0xDA83,sec,0,11,4,2,-1,-1,-1,1,0,0,0,,1,0,0,"[{'no': 1, 'up_bound': 0, 'low_bound': 0, 'range_id': 0, 'range_label': None}]"
Saving warranty information,データ保存用アイテム,vTEMPERR_BU_ALLTM_NDR[0][3],912,912,2298,0,1,0x389C31,0x22,0xDA83,sec,0,15,4,2,-1,-1,-1,1,0,0,0,,1,0,0,"[{'no': 1, 'up_bound': 0, 'low_bound': 0, 'range_id': 0, 'range_label': None}]"
Saving warranty information,データ保存用アイテム,vTEMPERR_BU_ALLTM_NDR[0][4],913,913,2299,0,1,0x389C31,0x22,0xDA83,sec,0,19,4,2,-1,-1,-1,1,0,0,0,,1,0,0,"[{'no': 1, 'up_bound': 0, 'low_bound': 0, 'range_id': 0, 'range_label': None}]"
Saving warranty information,データ保存用アイテム,vTEMPERR_BU_ALLTM_NDR[1][0],914,914,2300,0,1,0x389C31,0x22,0xDA83,sec,0,23,4,2,-1,-1,-1,1,0,0,0,,1,0,0,"[{'no': 1, 'up_bound': 0, 'low_bound': 0, 'range_id': 0, 'range_label': None}]"
Saving warranty information,データ保存用アイテム,vTEMPERR_BU_ALLTM_NDR[1][1],915,915,2301,0,1,0x389C31,0x22,0xDA83,sec,0,27,4,2,-1,-1,-1,1,0,0,0,,1,0,0,"[{'no': 1, 'up_bound': 0, 'low_bound': 0, 'range_id': 0, 'range_label': None}]"
Saving warranty information,データ保存用アイテム,vTEMPERR_BU_ALLTM_NDR[1][2],916,916,2302,0,1,0x389C31,0x22,0xDA83,sec,0,31,4,2,-1,-1,-1,1,0,0,0,,1,0,0,"[{'no': 1, 'up_bound': 0, 'low_bound': 0, 'range_id': 0, 'range_label': None}]"
Saving warranty information,データ保存用アイテム,vTEMPERR_BU_ALLTM_NDR[1][3],917,917,2303,0,1,0x389C31,0x22,0xDA83,sec,0,35,4,2,-1,-1,-1,1,0,0,0,,1,0,0,"[{'no': 1, 'up_bound': 0, 'low_bound': 0, 'range_id': 0, 'range_label': None}]"
Saving warranty information,データ保存用アイテム,vTEMPERR_BU_ALLTM_NDR[1][4],918,918,2304,0,1,0x389C31,0x22,0xDA83,sec,0,39,4,2,-1,-1,-1,1,0,0,0,,1,0,0,"[{'no': 1, 'up_bound': 0, 'low_bound': 0, 'range_id': 0, 'range_label': None}]"
Saving warranty information,データ保存用アイテム,vTEMPERR_CLTTMP_DR_BU[0],919,919,2305,0,1,0x389C31,0x22,0xDA84,sec,0,3,4,2,-1,-1,-1,1,0,0,0,,1,0,0,"[{'no': 1, 'up_bound': 0, 'low_bound': 0, 'range_id': 0, 'range_label': None}]"
Saving warranty information,データ保存用アイテム,vTEMPERR_CLTTMP_DR_BU[1],920,920,2306,0,1,0x389C31,0x22,0xDA84,sec,0,7,4,2,-1,-1,-1,1,0,0,0,,1,0,0,"[{'no': 1, 'up_bound': 0, 'low_bound': 0, 'range_id': 0, 'range_label': None}]"
Saving warranty information,データ保存用アイテム,vTEMPERR_CLTTMP_DR_BU[2],921,921,2307,0,1,0x389C31,0x22,0xDA84,sec,0,11,4,2,-1,-1,-1,1,0,0,0,,1,0,0,"[{'no': 1, 'up_bound': 0, 'low_bound': 0, 'range_id': 0, 'range_label': None}]"
Saving warranty information,データ保存用アイテム,vTEMPERR_CLTTMP_DR_BU[3],922,922,2308,0,1,0x389C31,0x22,0xDA84,sec,0,15,4,2,-1,-1,-1,1,0,0,0,,1,0,0,"[{'no': 1, 'up_bound': 0, 'low_bound': 0, 'range_id': 0, 'range_label': None}]"
Saving warranty information,データ保存用アイテム,vTEMPERR_CLTTMP_DR_BU[4],923,923,2309,0,1,0x389C31,0x22,0xDA84,sec,0,19,4,2,-1,-1,-1,1,0,0,0,,1,0,0,"[{'no': 1, 'up_bound': 0, 'low_bound': 0, 'range_id': 0, 'range_label': None}]"
Saving warranty information,データ保存用アイテム,vTEMPERR_CLTTMP_DR_BU[5],924,924,2310,0,1,0x389C31,0x22,0xDA84,sec,0,23,4,2,-1,-1,-1,1,0,0,0,,1,0,0,"[{'no': 1, 'up_bound': 0, 'low_bound': 0, 'range_id': 0, 'range_label': None}]"
Saving warranty information,データ保存用アイテム,vTEMPERR_CLTTMP_DR_BU[6],925,925,2311,0,1,0x389C31,0x22,0xDA84,sec,0,27,4,2,-1,-1,-1,1,0,0,0,,1,0,0,"[{'no': 1, 'up_bound': 0, 'low_bound': 0, 'range_id': 0, 'range_label': None}]"
Saving warranty information,データ保存用アイテム,vTEMPERR_CLTTMP_NDR_BU[0][0],926,926,2312,0,1,0x389C31,0x22,0xDA85,sec,0,3,4,2,-1,-1,-1,1,0,0,0,,1,0,0,"[{'no': 1, 'up_bound': 0, 'low_bound': 0, 'range_id': 0, 'range_label': None}]"
Saving warranty information,データ保存用アイテム,vTEMPERR_CLTTMP_NDR_BU[0][1],927,927,2313,0,1,0x389C31,0x22,0xDA85,sec,0,7,4,2,-1,-1,-1,1,0,0,0,,1,0,0,"[{'no': 1, 'up_bound': 0, 'low_bound': 0, 'range_id': 0, 'range_label': None}]"
Saving warranty information,データ保存用アイテム,vTEMPERR_CLTTMP_NDR_BU[0][2],928,928,2314,0,1,0x389C31,0x22,0xDA85,sec,0,11,4,2,-1,-1,-1,1,0,0,0,,1,0,0,"[{'no': 1, 'up_bound': 0, 'low_bound': 0, 'range_id': 0, 'range_label': None}]"
Saving warranty information,データ保存用アイテム,vTEMPERR_CLTTMP_NDR_BU[0][3],929,929,2315,0,1,0x389C31,0x22,0xDA85,sec,0,15,4,2,-1,-1,-1,1,0,0,0,,1,0,0,"[{'no': 1, 'up_bound': 0, 'low_bound': 0, 'range_id': 0, 'range_label': None}]"
Saving warranty information,データ保存用アイテム,vTEMPERR_CLTTMP_NDR_BU[0][4],930,930,2316,0,1,0x389C31,0x22,0xDA85,sec,0,19,4,2,-1,-1,-1,1,0,0,0,,1,0,0,"[{'no': 1, 'up_bound': 0, 'low_bound': 0, 'range_id': 0, 'range_label': None}]"
Saving warranty information,データ保存用アイテム,vTEMPERR_CLTTMP_NDR_BU[1][0],931,931,2317,0,1,0x389C31,0x22,0xDA85,sec,0,23,4,2,-1,-1,-1,1,0,0,0,,1,0,0,"[{'no': 1, 'up_bound': 0, 'low_bound': 0, 'range_id': 0, 'range_label': None}]"
Saving warranty information,データ保存用アイテム,vTEMPERR_CLTTMP_NDR_BU[1][1],932,932,2318,0,1,0x389C31,0x22,0xDA85,sec,0,27,4,2,-1,-1,-1,1,0,0,0,,1,0,0,"[{'no': 1, 'up_bound': 0, 'low_bound': 0, 'range_id': 0, 'range_label': None}]"
Saving warranty information,データ保存用アイテム,vTEMPERR_CLTTMP_NDR_BU[1][2],933,933,2319,0,1,0x389C31,0x22,0xDA85,sec,0,31,4,2,-1,-1,-1,1,0,0,0,,1,0,0,"[{'no': 1, 'up_bound': 0, 'low_bound': 0, 'range_id': 0, 'range_label': None}]"
Saving warranty information,データ保存用アイテム,vTEMPERR_CLTTMP_NDR_BU[1][3],934,934,2320,0,1,0x389C31,0x22,0xDA85,sec,0,35,4,2,-1,-1,-1,1,0,0,0,,1,0,0,"[{'no': 1, 'up_bound': 0, 'low_bound': 0, 'range_id': 0, 'range_label': None}]"
Saving warranty information,データ保存用アイテム,vTEMPERR_CLTTMP_NDR_BU[1][4],935,935,2321,0,1,0x389C31,0x22,0xDA85,sec,0,39,4,2,-1,-1,-1,1,0,0,0,,1,0,0,"[{'no': 1, 'up_bound': 0, 'low_bound': 0, 'range_id': 0, 'range_label': None}]"
Saving warranty information,データ保存用アイテム,vCHG_COND_BU[0][0],936,936,2322,0,1,0x389C31,0x22,0xDA86,sec,0,3,2,2,-1,-1,-1,1,0,0,0,,0.1,0,1,"[{'no': 1, 'up_bound': 0, 'low_bound': 0, 'range_id': 0, 'range_label': None}]"
Saving warranty information,データ保存用アイテム,vCHG_COND_BU[0][1],937,937,2323,0,1,0x389C31,0x22,0xDA86,sec,0,5,2,2,-1,-1,-1,1,0,0,0,,0.1,0,1,"[{'no': 1, 'up_bound': 0, 'low_bound': 0, 'range_id': 0, 'range_label': None}]"
Saving warranty information,データ保存用アイテム,vCHG_COND_BU[0][2],938,938,2324,0,1,0x389C31,0x22,0xDA86,sec,0,7,2,2,-1,-1,-1,1,0,0,0,,0.1,0,1,"[{'no': 1, 'up_bound': 0, 'low_bound': 0, 'range_id': 0, 'range_label': None}]"
Saving warranty information,データ保存用アイテム,vCHG_COND_BU[0][3],939,939,2325,0,1,0x389C31,0x22,0xDA86,sec,0,9,2,2,-1,-1,-1,1,0,0,0,,0.1,0,1,"[{'no': 1, 'up_bound': 0, 'low_bound': 0, 'range_id': 0, 'range_label': None}]"
Saving warranty information,データ保存用アイテム,vCHG_COND_BU[0][4],940,940,2326,0,1,0x389C31,0x22,0xDA86,sec,0,11,2,2,-1,-1,-1,1,0,0,0,,0.1,0,1,"[{'no': 1, 'up_bound': 0, 'low_bound': 0, 'range_id': 0, 'range_label': None}]"
Saving warranty information,データ保存用アイテム,vCHG_COND_BU[1][0],941,941,2327,0,1,0x389C31,0x22,0xDA86,sec,0,13,2,2,-1,-1,-1,1,0,0,0,,0.1,0,1,"[{'no': 1, 'up_bound': 0, 'low_bound': 0, 'range_id': 0, 'range_label': None}]"
Saving warranty information,データ保存用アイテム,vCHG_COND_BU[1][1],942,942,2328,0,1,0x389C31,0x22,0xDA86,sec,0,15,2,2,-1,-1,-1,1,0,0,0,,0.1,0,1,"[{'no': 1, 'up_bound': 0, 'low_bound': 0, 'range_id': 0, 'range_label': None}]"
Saving warranty information,データ保存用アイテム,vCHG_COND_BU[1][2],943,943,2329,0,1,0x389C31,0x22,0xDA86,sec,0,17,2,2,-1,-1,-1,1,0,0,0,,0.1,0,1,"[{'no': 1, 'up_bound': 0, 'low_bound': 0, 'range_id': 0, 'range_label': None}]"
Saving warranty information,データ保存用アイテム,vCHG_COND_BU[1][3],944,944,2330,0,1,0x389C31,0x22,0xDA86,sec,0,19,2,2,-1,-1,-1,1,0,0,0,,0.1,0,1,"[{'no': 1, 'up_bound': 0, 'low_bound': 0, 'range_id': 0, 'range_label': None}]"
Saving warranty information,データ保存用アイテム,vCHG_COND_BU[1][4],945,945,2331,0,1,0x389C31,0x22,0xDA86,sec,0,21,2,2,-1,-1,-1,1,0,0,0,,0.1,0,1,"[{'no': 1, 'up_bound': 0, 'low_bound': 0, 'range_id': 0, 'range_label': None}]"
Saving warranty information,データ保存用アイテム,vCHG_COND_BU[2][0],946,946,2332,0,1,0x389C31,0x22,0xDA86,sec,0,23,2,2,-1,-1,-1,1,0,0,0,,0.1,0,1,"[{'no': 1, 'up_bound': 0, 'low_bound': 0, 'range_id': 0, 'range_label': None}]"
Saving warranty information,データ保存用アイテム,vCHG_COND_BU[2][1],947,947,2333,0,1,0x389C31,0x22,0xDA86,sec,0,25,2,2,-1,-1,-1,1,0,0,0,,0.1,0,1,"[{'no': 1, 'up_bound': 0, 'low_bound': 0, 'range_id': 0, 'range_label': None}]"
Saving warranty information,データ保存用アイテム,vCHG_COND_BU[2][2],948,948,2334,0,1,0x389C31,0x22,0xDA86,sec,0,27,2,2,-1,-1,-1,1,0,0,0,,0.1,0,1,"[{'no': 1, 'up_bound': 0, 'low_bound': 0, 'range_id': 0, 'range_label': None}]"
Saving warranty information,データ保存用アイテム,vCHG_COND_BU[2][3],949,949,2335,0,1,0x389C31,0x22,0xDA86,sec,0,29,2,2,-1,-1,-1,1,0,0,0,,0.1,0,1,"[{'no': 1, 'up_bound': 0, 'low_bound': 0, 'range_id': 0, 'range_label': None}]"
Saving warranty information,データ保存用アイテム,vCHG_COND_BU[2][4],950,950,2336,0,1,0x389C31,0x22,0xDA86,sec,0,31,2,2,-1,-1,-1,1,0,0,0,,0.1,0,1,"[{'no': 1, 'up_bound': 0, 'low_bound': 0, 'range_id': 0, 'range_label': None}]"
Saving warranty information,データ保存用アイテム,vCHG_COND_BU[3][0],951,951,2337,0,1,0x389C31,0x22,0xDA86,sec,0,33,2,2,-1,-1,-1,1,0,0,0,,0.1,0,1,"[{'no': 1, 'up_bound': 0, 'low_bound': 0, 'range_id': 0, 'range_label': None}]"
Saving warranty information,データ保存用アイテム,vCHG_COND_BU[3][1],952,952,2338,0,1,0x389C31,0x22,0xDA86,sec,0,35,2,2,-1,-1,-1,1,0,0,0,,0.1,0,1,"[{'no': 1, 'up_bound': 0, 'low_bound': 0, 'range_id': 0, 'range_label': None}]"
Saving warranty information,データ保存用アイテム,vCHG_COND_BU[3][2],953,953,2339,0,1,0x389C31,0x22,0xDA86,sec,0,37,2,2,-1,-1,-1,1,0,0,0,,0.1,0,1,"[{'no': 1, 'up_bound': 0, 'low_bound': 0, 'range_id': 0, 'range_label': None}]"
Saving warranty information,データ保存用アイテム,vCHG_COND_BU[3][3],954,954,2340,0,1,0x389C31,0x22,0xDA86,sec,0,39,2,2,-1,-1,-1,1,0,0,0,,0.1,0,1,"[{'no': 1, 'up_bound': 0, 'low_bound': 0, 'range_id': 0, 'range_label': None}]"
Saving warranty information,データ保存用アイテム,vCHG_COND_BU[3][4],955,955,2341,0,1,0x389C31,0x22,0xDA86,sec,0,41,2,2,-1,-1,-1,1,0,0,0,,0.1,0,1,"[{'no': 1, 'up_bound': 0, 'low_bound': 0, 'range_id': 0, 'range_label': None}]"
Saving warranty information,データ保存用アイテム,vDISCHG_COND_BU[0][0],956,956,2342,0,1,0x389C31,0x22,0xDA87,sec,0,3,2,2,-1,-1,-1,1,0,0,0,,0.1,0,1,"[{'no': 1, 'up_bound': 0, 'low_bound': 0, 'range_id': 0, 'range_label': None}]"
Saving warranty information,データ保存用アイテム,vDISCHG_COND_BU[0][1],957,957,2343,0,1,0x389C31,0x22,0xDA87,sec,0,5,2,2,-1,-1,-1,1,0,0,0,,0.1,0,1,"[{'no': 1, 'up_bound': 0, 'low_bound': 0, 'range_id': 0, 'range_label': None}]"
Saving warranty information,データ保存用アイテム,vDISCHG_COND_BU[0][2],958,958,2344,0,1,0x389C31,0x22,0xDA87,sec,0,7,2,2,-1,-1,-1,1,0,0,0,,0.1,0,1,"[{'no': 1, 'up_bound': 0, 'low_bound': 0, 'range_id': 0, 'range_label': None}]"
Saving warranty information,データ保存用アイテム,vDISCHG_COND_BU[0][3],959,959,2345,0,1,0x389C31,0x22,0xDA87,sec,0,9,2,2,-1,-1,-1,1,0,0,0,,0.1,0,1,"[{'no': 1, 'up_bound': 0, 'low_bound': 0, 'range_id': 0, 'range_label': None}]"
Saving warranty information,データ保存用アイテム,vDISCHG_COND_BU[0][4],960,960,2346,0,1,0x389C31,0x22,0xDA87,sec,0,11,2,2,-1,-1,-1,1,0,0,0,,0.1,0,1,"[{'no': 1, 'up_bound': 0, 'low_bound': 0, 'range_id': 0, 'range_label': None}]"
Saving warranty information,データ保存用アイテム,vDISCHG_COND_BU[1][0],961,961,2347,0,1,0x389C31,0x22,0xDA87,sec,0,13,2,2,-1,-1,-1,1,0,0,0,,0.1,0,1,"[{'no': 1, 'up_bound': 0, 'low_bound': 0, 'range_id': 0, 'range_label': None}]"
Saving warranty information,データ保存用アイテム,vDISCHG_COND_BU[1][1],962,962,2348,0,1,0x389C31,0x22,0xDA87,sec,0,15,2,2,-1,-1,-1,1,0,0,0,,0.1,0,1,"[{'no': 1, 'up_bound': 0, 'low_bound': 0, 'range_id': 0, 'range_label': None}]"
Saving warranty information,データ保存用アイテム,vDISCHG_COND_BU[1][2],963,963,2349,0,1,0x389C31,0x22,0xDA87,sec,0,17,2,2,-1,-1,-1,1,0,0,0,,0.1,0,1,"[{'no': 1, 'up_bound': 0, 'low_bound': 0, 'range_id': 0, 'range_label': None}]"
Saving warranty information,データ保存用アイテム,vDISCHG_COND_BU[1][3],964,964,2350,0,1,0x389C31,0x22,0xDA87,sec,0,19,2,2,-1,-1,-1,1,0,0,0,,0.1,0,1,"[{'no': 1, 'up_bound': 0, 'low_bound': 0, 'range_id': 0, 'range_label': None}]"
Saving warranty information,データ保存用アイテム,vDISCHG_COND_BU[1][4],965,965,2351,0,1,0x389C31,0x22,0xDA87,sec,0,21,2,2,-1,-1,-1,1,0,0,0,,0.1,0,1,"[{'no': 1, 'up_bound': 0, 'low_bound': 0, 'range_id': 0, 'range_label': None}]"
Saving warranty information,データ保存用アイテム,vDISCHG_COND_BU[2][0],966,966,2352,0,1,0x389C31,0x22,0xDA87,sec,0,23,2,2,-1,-1,-1,1,0,0,0,,0.1,0,1,"[{'no': 1, 'up_bound': 0, 'low_bound': 0, 'range_id': 0, 'range_label': None}]"
Saving warranty information,データ保存用アイテム,vDISCHG_COND_BU[2][1],967,967,2353,0,1,0x389C31,0x22,0xDA87,sec,0,25,2,2,-1,-1,-1,1,0,0,0,,0.1,0,1,"[{'no': 1, 'up_bound': 0, 'low_bound': 0, 'range_id': 0, 'range_label': None}]"
Saving warranty information,データ保存用アイテム,vDISCHG_COND_BU[2][2],968,968,2354,0,1,0x389C31,0x22,0xDA87,sec,0,27,2,2,-1,-1,-1,1,0,0,0,,0.1,0,1,"[{'no': 1, 'up_bound': 0, 'low_bound': 0, 'range_id': 0, 'range_label': None}]"
Saving warranty information,データ保存用アイテム,vDISCHG_COND_BU[2][3],969,969,2355,0,1,0x389C31,0x22,0xDA87,sec,0,29,2,2,-1,-1,-1,1,0,0,0,,0.1,0,1,"[{'no': 1, 'up_bound': 0, 'low_bound': 0, 'range_id': 0, 'range_label': None}]"
Saving warranty information,データ保存用アイテム,vDISCHG_COND_BU[2][4],970,970,2356,0,1,0x389C31,0x22,0xDA87,sec,0,31,2,2,-1,-1,-1,1,0,0,0,,0.1,0,1,"[{'no': 1, 'up_bound': 0, 'low_bound': 0, 'range_id': 0, 'range_label': None}]"
Saving warranty information,データ保存用アイテム,vDISCHG_COND_BU[3][0],971,971,2357,0,1,0x389C31,0x22,0xDA87,sec,0,33,2,2,-1,-1,-1,1,0,0,0,,0.1,0,1,"[{'no': 1, 'up_bound': 0, 'low_bound': 0, 'range_id': 0, 'range_label': None}]"
Saving warranty information,データ保存用アイテム,vDISCHG_COND_BU[3][1],972,972,2358,0,1,0x389C31,0x22,0xDA87,sec,0,35,2,2,-1,-1,-1,1,0,0,0,,0.1,0,1,"[{'no': 1, 'up_bound': 0, 'low_bound': 0, 'range_id': 0, 'range_label': None}]"
Saving warranty information,データ保存用アイテム,vDISCHG_COND_BU[3][2],973,973,2359,0,1,0x389C31,0x22,0xDA87,sec,0,37,2,2,-1,-1,-1,1,0,0,0,,0.1,0,1,"[{'no': 1, 'up_bound': 0, 'low_bound': 0, 'range_id': 0, 'range_label': None}]"
Saving warranty information,データ保存用アイテム,vDISCHG_COND_BU[3][3],974,974,2360,0,1,0x389C31,0x22,0xDA87,sec,0,39,2,2,-1,-1,-1,1,0,0,0,,0.1,0,1,"[{'no': 1, 'up_bound': 0, 'low_bound': 0, 'range_id': 0, 'range_label': None}]"
Saving warranty information,データ保存用アイテム,vDISCHG_COND_BU[3][4],975,975,2361,0,1,0x389C31,0x22,0xDA87,sec,0,41,2,2,-1,-1,-1,1,0,0,0,,0.1,0,1,"[{'no': 1, 'up_bound': 0, 'low_bound': 0, 'range_id': 0, 'range_label': None}]"
Saving warranty information,データ保存用アイテム,vCLTTMP_CNT_BU[0][0],976,976,2362,0,1,0x389C31,0x22,0xDA88,sec,0,3,4,2,-1,-1,-1,1,0,0,0,,1,0,0,"[{'no': 1, 'up_bound': 0, 'low_bound': 0, 'range_id': 0, 'range_label': None}]"
Saving warranty information,データ保存用アイテム,vCLTTMP_CNT_BU[0][1],977,977,2363,0,1,0x389C31,0x22,0xDA88,sec,0,7,4,2,-1,-1,-1,1,0,0,0,,1,0,0,"[{'no': 1, 'up_bound': 0, 'low_bound': 0, 'range_id': 0, 'range_label': None}]"
Saving warranty information,データ保存用アイテム,vCLTTMP_CNT_BU[0][2],978,978,2364,0,1,0x389C31,0x22,0xDA88,sec,0,11,4,2,-1,-1,-1,1,0,0,0,,1,0,0,"[{'no': 1, 'up_bound': 0, 'low_bound': 0, 'range_id': 0, 'range_label': None}]"
Saving warranty information,データ保存用アイテム,vCLTTMP_CNT_BU[0][3],979,979,2365,0,1,0x389C31,0x22,0xDA88,sec,0,15,4,2,-1,-1,-1,1,0,0,0,,1,0,0,"[{'no': 1, 'up_bound': 0, 'low_bound': 0, 'range_id': 0, 'range_label': None}]"
Saving warranty information,データ保存用アイテム,vCLTTMP_CNT_BU[1][0],980,980,2366,0,1,0x389C31,0x22,0xDA88,sec,0,19,4,2,-1,-1,-1,1,0,0,0,,1,0,0,"[{'no': 1, 'up_bound': 0, 'low_bound': 0, 'range_id': 0, 'range_label': None}]"
Saving warranty information,データ保存用アイテム,vCLTTMP_CNT_BU[1][1],981,981,2367,0,1,0x389C31,0x22,0xDA88,sec,0,23,4,2,-1,-1,-1,1,0,0,0,,1,0,0,"[{'no': 1, 'up_bound': 0, 'low_bound': 0, 'range_id': 0, 'range_label': None}]"
Saving warranty information,データ保存用アイテム,vCLTTMP_CNT_BU[1][2],982,982,2368,0,1,0x389C31,0x22,0xDA88,sec,0,27,4,2,-1,-1,-1,1,0,0,0,,1,0,0,"[{'no': 1, 'up_bound': 0, 'low_bound': 0, 'range_id': 0, 'range_label': None}]"
Saving warranty information,データ保存用アイテム,vCLTTMP_CNT_BU[1][3],983,983,2369,0,1,0x389C31,0x22,0xDA88,sec,0,31,4,2,-1,-1,-1,1,0,0,0,,1,0,0,"[{'no': 1, 'up_bound': 0, 'low_bound': 0, 'range_id': 0, 'range_label': None}]"
Saving warranty information,データ保存用アイテム,vCLTTMP_CNT_BU[2][0],984,984,2370,0,1,0x389C31,0x22,0xDA88,sec,0,35,4,2,-1,-1,-1,1,0,0,0,,1,0,0,"[{'no': 1, 'up_bound': 0, 'low_bound': 0, 'range_id': 0, 'range_label': None}]"
Saving warranty information,データ保存用アイテム,vCLTTMP_CNT_BU[2][1],985,985,2371,0,1,0x389C31,0x22,0xDA88,sec,0,39,4,2,-1,-1,-1,1,0,0,0,,1,0,0,"[{'no': 1, 'up_bound': 0, 'low_bound': 0, 'range_id': 0, 'range_label': None}]"
Saving warranty information,データ保存用アイテム,vCLTTMP_CNT_BU[2][2],986,986,2372,0,1,0x389C31,0x22,0xDA88,sec,0,43,4,2,-1,-1,-1,1,0,0,0,,1,0,0,"[{'no': 1, 'up_bound': 0, 'low_bound': 0, 'range_id': 0, 'range_label': None}]"
Saving warranty information,データ保存用アイテム,vCLTTMP_CNT_BU[2][3],987,987,2373,0,1,0x389C31,0x22,0xDA88,sec,0,47,4,2,-1,-1,-1,1,0,0,0,,1,0,0,"[{'no': 1, 'up_bound': 0, 'low_bound': 0, 'range_id': 0, 'range_label': None}]"
Saving warranty information,データ保存用アイテム,vCLTTMP_CNT_BU[3][0],988,988,2374,0,1,0x389C31,0x22,0xDA88,sec,0,51,4,2,-1,-1,-1,1,0,0,0,,1,0,0,"[{'no': 1, 'up_bound': 0, 'low_bound': 0, 'range_id': 0, 'range_label': None}]"
Saving warranty information,データ保存用アイテム,vCLTTMP_CNT_BU[3][1],989,989,2375,0,1,0x389C31,0x22,0xDA88,sec,0,55,4,2,-1,-1,-1,1,0,0,0,,1,0,0,"[{'no': 1, 'up_bound': 0, 'low_bound': 0, 'range_id': 0, 'range_label': None}]"
Saving warranty information,データ保存用アイテム,vCLTTMP_CNT_BU[3][2],990,990,2376,0,1,0x389C31,0x22,0xDA88,sec,0,59,4,2,-1,-1,-1,1,0,0,0,,1,0,0,"[{'no': 1, 'up_bound': 0, 'low_bound': 0, 'range_id': 0, 'range_label': None}]"
Saving warranty information,データ保存用アイテム,vCLTTMP_CNT_BU[3][3],991,991,2377,0,1,0x389C31,0x22,0xDA88,sec,0,63,4,2,-1,-1,-1,1,0,0,0,,1,0,0,"[{'no': 1, 'up_bound': 0, 'low_bound': 0, 'range_id': 0, 'range_label': None}]"
Saving warranty information,データ保存用アイテム,vCLTTMP2_CNT_BU[0][0],992,992,2378,0,1,0x389C31,0x22,0xDA89,sec,0,3,4,2,-1,-1,-1,1,0,0,0,,1,0,0,"[{'no': 1, 'up_bound': 0, 'low_bound': 0, 'range_id': 0, 'range_label': None}]"
Saving warranty information,データ保存用アイテム,vCLTTMP2_CNT_BU[0][1],993,993,2379,0,1,0x389C31,0x22,0xDA89,sec,0,7,4,2,-1,-1,-1,1,0,0,0,,1,0,0,"[{'no': 1, 'up_bound': 0, 'low_bound': 0, 'range_id': 0, 'range_label': None}]"
Saving warranty information,データ保存用アイテム,vCLTTMP2_CNT_BU[0][2],994,994,2380,0,1,0x389C31,0x22,0xDA89,sec,0,11,4,2,-1,-1,-1,1,0,0,0,,1,0,0,"[{'no': 1, 'up_bound': 0, 'low_bound': 0, 'range_id': 0, 'range_label': None}]"
Saving warranty information,データ保存用アイテム,vCLTTMP2_CNT_BU[0][3],995,995,2381,0,1,0x389C31,0x22,0xDA89,sec,0,15,4,2,-1,-1,-1,1,0,0,0,,1,0,0,"[{'no': 1, 'up_bound': 0, 'low_bound': 0, 'range_id': 0, 'range_label': None}]"
Saving warranty information,データ保存用アイテム,vCLTTMP2_CNT_BU[1][0],996,996,2382,0,1,0x389C31,0x22,0xDA89,sec,0,19,4,2,-1,-1,-1,1,0,0,0,,1,0,0,"[{'no': 1, 'up_bound': 0, 'low_bound': 0, 'range_id': 0, 'range_label': None}]"
Saving warranty information,データ保存用アイテム,vCLTTMP2_CNT_BU[1][1],997,997,2383,0,1,0x389C31,0x22,0xDA89,sec,0,23,4,2,-1,-1,-1,1,0,0,0,,1,0,0,"[{'no': 1, 'up_bound': 0, 'low_bound': 0, 'range_id': 0, 'range_label': None}]"
Saving warranty information,データ保存用アイテム,vCLTTMP2_CNT_BU[1][2],998,998,2384,0,1,0x389C31,0x22,0xDA89,sec,0,27,4,2,-1,-1,-1,1,0,0,0,,1,0,0,"[{'no': 1, 'up_bound': 0, 'low_bound': 0, 'range_id': 0, 'range_label': None}]"
Saving warranty information,データ保存用アイテム,vCLTTMP2_CNT_BU[1][3],999,999,2385,0,1,0x389C31,0x22,0xDA89,sec,0,31,4,2,-1,-1,-1,1,0,0,0,,1,0,0,"[{'no': 1, 'up_bound': 0, 'low_bound': 0, 'range_id': 0, 'range_label': None}]"
Saving warranty information,データ保存用アイテム,vCLTTMP2_CNT_BU[2][0],1000,1000,2386,0,1,0x389C31,0x22,0xDA89,sec,0,35,4,2,-1,-1,-1,1,0,0,0,,1,0,0,"[{'no': 1, 'up_bound': 0, 'low_bound': 0, 'range_id': 0, 'range_label': None}]"
Saving warranty information,データ保存用アイテム,vCLTTMP2_CNT_BU[2][1],1001,1001,2387,0,1,0x389C31,0x22,0xDA89,sec,0,39,4,2,-1,-1,-1,1,0,0,0,,1,0,0,"[{'no': 1, 'up_bound': 0, 'low_bound': 0, 'range_id': 0, 'range_label': None}]"
Saving warranty information,データ保存用アイテム,vCLTTMP2_CNT_BU[2][2],1002,1002,2388,0,1,0x389C31,0x22,0xDA89,sec,0,43,4,2,-1,-1,-1,1,0,0,0,,1,0,0,"[{'no': 1, 'up_bound': 0, 'low_bound': 0, 'range_id': 0, 'range_label': None}]"
Saving warranty information,データ保存用アイテム,vCLTTMP2_CNT_BU[2][3],1003,1003,2389,0,1,0x389C31,0x22,0xDA89,sec,0,47,4,2,-1,-1,-1,1,0,0,0,,1,0,0,"[{'no': 1, 'up_bound': 0, 'low_bound': 0, 'range_id': 0, 'range_label': None}]"
Saving warranty information,データ保存用アイテム,vCLTTMP2_CNT_BU[3][0],1004,1004,2390,0,1,0x389C31,0x22,0xDA89,sec,0,51,4,2,-1,-1,-1,1,0,0,0,,1,0,0,"[{'no': 1, 'up_bound': 0, 'low_bound': 0, 'range_id': 0, 'range_label': None}]"
Saving warranty information,データ保存用アイテム,vCLTTMP2_CNT_BU[3][1],1005,1005,2391,0,1,0x389C31,0x22,0xDA89,sec,0,55,4,2,-1,-1,-1,1,0,0,0,,1,0,0,"[{'no': 1, 'up_bound': 0, 'low_bound': 0, 'range_id': 0, 'range_label': None}]"
Saving warranty information,データ保存用アイテム,vCLTTMP2_CNT_BU[3][2],1006,1006,2392,0,1,0x389C31,0x22,0xDA89,sec,0,59,4,2,-1,-1,-1,1,0,0,0,,1,0,0,"[{'no': 1, 'up_bound': 0, 'low_bound': 0, 'range_id': 0, 'range_label': None}]"
Saving warranty information,データ保存用アイテム,vCLTTMP2_CNT_BU[3][3],1007,1007,2393,0,1,0x389C31,0x22,0xDA89,sec,0,63,4,2,-1,-1,-1,1,0,0,0,,1,0,0,"[{'no': 1, 'up_bound': 0, 'low_bound': 0, 'range_id': 0, 'range_label': None}]"
Saving warranty information,データ保存用アイテム,vOVRDIS_NG_CUL_TIME,1008,1008,2394,0,1,0x389C31,0x22,0xDA8A,sec,0,3,2,2,-1,-1,-1,1,0,0,0,,0.01,0,2,"[{'no': 1, 'up_bound': 0, 'low_bound': 0, 'range_id': 0, 'range_label': None}]"
Saving warranty information,データ保存用アイテム,vOVRCHG_NG_CUL_TIME,1009,1009,2395,0,1,0x389C31,0x22,0xDA8B,sec,0,3,2,2,-1,-1,-1,1,0,0,0,,0.01,0,2,"[{'no': 1, 'up_bound': 0, 'low_bound': 0, 'range_id': 0, 'range_label': None}]"
Saving warranty information,データ保存用アイテム,File version,9999,9999,2399,0,1,0x389C31,0x22,0x1E1,,0,3,1,2,-1,-1,-1,1,255,0,10001,1,0,0,0,"[{'no': 1, 'up_bound': 255, 'low_bound': 0, 'range_id': 10001, 'range_label': '1'}]"
