function,group,item,no,no_nas,qual_id,su_qual_id,visible,skey_sid_hex,qual_sid_hex,qual_lid_hex,param_unit,param_data_type,param_byte_pos,param_byte_len,param_byte_ord,param_bit_pos,param_bit_len,param_bit_mask,scale_no,scale_up_bound,scale_low_bound,scale_range_id,scale_range_label,scale_factor,scale_offset,scale_format,scale_labels
Data List,All data,Battery voltage,1,41,2,144,1,0x3DA541,0x22,0x102,V,0,3,2,2,-1,-1,-1,1,0,0,0,,0.025,0,3,"[{'no': 1, 'up_bound': 0, 'low_bound': 0, 'range_id': 0, 'range_label': None}]"
Data List,All data,ACC voltage,2,17,3,145,1,0x3DA541,0x22,0x104,V,0,3,2,2,-1,-1,-1,1,0,0,0,,0.025,0,3,"[{'no': 1, 'up_bound': 0, 'low_bound': 0, 'range_id': 0, 'range_label': None}]"
Data List,All data,CONTROL MODULE MALF,3,50,4,146,1,0x3DA541,0x22,0x105,,1,3,1,2,7,1,-1,1,0,0,1000003,OFF,0,0,0,"[{'no': 1, 'up_bound': 0, 'low_bound': 0, 'range_id': 1000003, 'range_label': 'OFF'}, {'no': 2, 'up_bound': 1, 'low_bound': 1, 'range_id': 1000004, 'range_label': 'ON'}]"
Data List,All data,Diag permission condition,4,55,5,146,1,0x3DA541,0x22,0x105,,1,3,1,2,4,3,-1,1,2,0,8000547,Not permission,0,0,0,"[{'no': 1, 'up_bound': 2, 'low_bound': 0, 'range_id': 8000547, 'range_label': 'Not permission'}, {'no': 2, 'up_bound': 3, 'low_bound': 3, 'range_id': 9100133, 'range_label': 'Permission'}, {'no': 3, 'up_bound': 4, 'low_bound': 4, 'range_id': 8000547, 'range_label': 'Not permission'}, {'no': 4, 'up_bound': 6, 'low_bound': 5, 'range_id': 9100218, 'range_label': 'Not used'}, {'no': 5, 'up_bound': 7, 'low_bound': 7, 'range_id': 11000138, 'range_label': 'Abnormal'}]"
Data List,All data,Chassis control malfunction display,5,48,6,146,1,0x3DA541,0x22,0x105,,1,3,1,2,3,1,-1,1,0,0,1000003,OFF,0,0,0,"[{'no': 1, 'up_bound': 0, 'low_bound': 0, 'range_id': 1000003, 'range_label': 'OFF'}, {'no': 2, 'up_bound': 1, 'low_bound': 1, 'range_id': 1000004, 'range_label': 'ON'}]"
Data List,All data,VEHICLE SPEED,6,144,7,147,1,0x3DA541,0x22,0x110,km/h,0,3,2,2,-1,-1,-1,1,0,0,0,,0.01,0,2,"[{'no': 1, 'up_bound': 0, 'low_bound': 0, 'range_id': 0, 'range_label': None}]"
Data List,All data,VEHICLE SPEED,7,145,8,148,1,0x3DA541,0x22,0x111,km/h,0,3,2,2,-1,-1,-1,1,0,0,0,,0.01,0,2,"[{'no': 1, 'up_bound': 0, 'low_bound': 0, 'range_id': 0, 'range_label': None}]"
Data List,All data,FR WHEEL SPEED,8,91,9,149,1,0x3DA541,0x22,0x112,r/min,0,3,2,2,-1,-1,-1,1,0,0,0,,0.0416667,0,4,"[{'no': 1, 'up_bound': 0, 'low_bound': 0, 'range_id': 0, 'range_label': None}]"
Data List,All data,FL WHEEL SPEED,9,89,10,150,1,0x3DA541,0x22,0x113,r/min,0,3,2,2,-1,-1,-1,1,0,0,0,,0.0416667,0,4,"[{'no': 1, 'up_bound': 0, 'low_bound': 0, 'range_id': 0, 'range_label': None}]"
Data List,All data,RR WHEEL SPEED,10,124,11,151,1,0x3DA541,0x22,0x114,r/min,0,3,2,2,-1,-1,-1,1,0,0,0,,0.0416667,0,4,"[{'no': 1, 'up_bound': 0, 'low_bound': 0, 'range_id': 0, 'range_label': None}]"
Data List,All data,RL WHEEL SPEED,11,122,12,152,1,0x3DA541,0x22,0x115,r/min,0,3,2,2,-1,-1,-1,1,0,0,0,,0.0416667,0,4,"[{'no': 1, 'up_bound': 0, 'low_bound': 0, 'range_id': 0, 'range_label': None}]"
Data List,All data,STEERING ANG SENSOR,12,133,13,153,1,0x3DA541,0x22,0x116,deg,0,3,2,2,-1,-1,-1,1,0,0,0,,0.1,0,1,"[{'no': 1, 'up_bound': 0, 'low_bound': 0, 'range_id': 0, 'range_label': None}]"
Data List,All data,DECEL G SENSOR,13,53,14,154,1,0x3DA541,0x22,0x118,G,0,3,2,2,-1,-1,-1,1,0,0,0,,0.001,0,3,"[{'no': 1, 'up_bound': 0, 'low_bound': 0, 'range_id': 0, 'range_label': None}]"
Data List,All data,Decel G,14,52,15,155,1,0x3DA541,0x22,0x119,G,0,3,2,2,-1,-1,-1,1,0,0,0,,0.001,0,3,"[{'no': 1, 'up_bound': 0, 'low_bound': 0, 'range_id': 0, 'range_label': None}]"
Data List,All data,SIDE G SENSOR,15,127,16,156,1,0x3DA541,0x22,0x11A,G,0,3,2,2,-1,-1,-1,1,0,0,0,,0.001,0,3,"[{'no': 1, 'up_bound': 0, 'low_bound': 0, 'range_id': 0, 'range_label': None}]"
Data List,All data,YAW RATE SENSOR,16,148,17,157,1,0x3DA541,0x22,0x11D,deg/s,0,3,2,2,-1,-1,-1,1,0,0,0,,0.1,0,1,"[{'no': 1, 'up_bound': 0, 'low_bound': 0, 'range_id': 0, 'range_label': None}]"
Data List,All data,ACCELE PEDAL POSITION,17,18,18,158,1,0x3DA541,0x22,0x11E,%,0,3,2,2,-1,-1,-1,1,0,0,0,,0.125,0,3,"[{'no': 1, 'up_bound': 0, 'low_bound': 0, 'range_id': 0, 'range_label': None}]"
Data List,All data,PRESS SENSOR,18,115,19,159,1,0x3DA541,0x22,0x122,bar,0,3,2,2,-1,-1,-1,1,0,0,0,,0.5,0,1,"[{'no': 1, 'up_bound': 0, 'low_bound': 0, 'range_id': 0, 'range_label': None}]"
Data List,All data,Throttle control,19,141,20,160,1,0x3DA541,0x22,0x130,,1,3,1,2,6,2,-1,1,0,0,9100094,Normal,0,0,0,"[{'no': 1, 'up_bound': 0, 'low_bound': 0, 'range_id': 9100094, 'range_label': 'Normal'}, {'no': 2, 'up_bound': 1, 'low_bound': 1, 'range_id': 8000543, 'range_label': 'Abnormal 1'}, {'no': 3, 'up_bound': 2, 'low_bound': 2, 'range_id': 8000544, 'range_label': 'Abnormal 2'}, {'no': 4, 'up_bound': 3, 'low_bound': 3, 'range_id': 8000545, 'range_label': 'Abnormal 3'}]"
Data List,All data,SHIFT POSITION,20,126,21,161,1,0x3DA541,0x22,0x131,,1,3,1,2,2,6,-1,1,0,0,1000003,OFF,0,0,0,"[{'no': 1, 'up_bound': 0, 'low_bound': 0, 'range_id': 1000003, 'range_label': 'OFF'}, {'no': 2, 'up_bound': 1, 'low_bound': 1, 'range_id': 1000583, 'range_label': 'P'}, {'no': 3, 'up_bound': 2, 'low_bound': 2, 'range_id': 1000581, 'range_label': 'R'}, {'no': 4, 'up_bound': 3, 'low_bound': 3, 'range_id': 1000570, 'range_label': 'N'}, {'no': 5, 'up_bound': 4, 'low_bound': 4, 'range_id': 1001355, 'range_label': 'D (A)'}, {'no': 6, 'up_bound': 5, 'low_bound': 5, 'range_id': 33000670, 'range_label': 'S'}, {'no': 7, 'up_bound': 6, 'low_bound': 6, 'range_id': 3000008, 'range_label': 'L'}, {'no': 8, 'up_bound': 7, 'low_bound': 7, 'range_id': 77000022, 'range_label': 'B'}, {'no': 9, 'up_bound': 8, 'low_bound': 8, 'range_id': 10001, 'range_label': '1'}, {'no': 10, 'up_bound': 9, 'low_bound': 9, 'range_id': 10002, 'range_label': '2'}, {'no': 11, 'up_bound': 10, 'low_bound': 10, 'range_id': 10003, 'range_label': '3'}, {'no': 12, 'up_bound': 11, 'low_bound': 11, 'range_id': 10004, 'range_label': '4'}, {'no': 13, 'up_bound': 12, 'low_bound': 12, 'range_id': 10005, 'range_label': '5'}, {'no': 14, 'up_bound': 13, 'low_bound': 13, 'range_id': 10006, 'range_label': '6'}, {'no': 15, 'up_bound': 14, 'low_bound': 14, 'range_id': 10007, 'range_label': '7'}, {'no': 16, 'up_bound': 15, 'low_bound': 15, 'range_id': 10008, 'range_label': '8'}, {'no': 17, 'up_bound': 16, 'low_bound': 16, 'range_id': 13000092, 'range_label': '9'}, {'no': 18, 'up_bound': 17, 'low_bound': 17, 'range_id': 1001343, 'range_label': 'A 1'}, {'no': 19, 'up_bound': 18, 'low_bound': 18, 'range_id': 1001345, 'range_label': 'A 2'}, {'no': 20, 'up_bound': 19, 'low_bound': 19, 'range_id': 1006, 'range_label': '10'}, {'no': 21, 'up_bound': 20, 'low_bound': 20, 'range_id': 1001346, 'range_label': 'A 3'}, {'no': 22, 'up_bound': 21, 'low_bound': 21, 'range_id': 1001347, 'range_label': 'A 4'}, {'no': 23, 'up_bound': 22, 'low_bound': 22, 'range_id': 9100218, 'range_label': 'Not used'}, {'no': 24, 'up_bound': 23, 'low_bound': 23, 'range_id': 1001348, 'range_label': 'A 5'}, {'no': 25, 'up_bound': 24, 'low_bound': 24, 'range_id': 1001349, 'range_label': 'A 6'}, {'no': 26, 'up_bound': 25, 'low_bound': 25, 'range_id': 9100218, 'range_label': 'Not used'}, {'no': 27, 'up_bound': 26, 'low_bound': 26, 'range_id': 1001350, 'range_label': 'A 7'}, {'no': 28, 'up_bound': 27, 'low_bound': 27, 'range_id': 1001351, 'range_label': 'A 8'}, {'no': 29, 'up_bound': 28, 'low_bound': 28, 'range_id': 1001365, 'range_label': 'M 1'}, {'no': 30, 'up_bound': 29, 'low_bound': 29, 'range_id': 1001352, 'range_label': 'A 9'}, {'no': 31, 'up_bound': 30, 'low_bound': 30, 'range_id': 1001344, 'range_label': 'A 10'}, {'no': 32, 'up_bound': 31, 'low_bound': 31, 'range_id': 1001367, 'range_label': 'M 2'}, {'no': 33, 'up_bound': 33, 'low_bound': 32, 'range_id': 9100218, 'range_label': 'Not used'}, {'no': 34, 'up_bound': 34, 'low_bound': 34, 'range_id': 1001368, 'range_label': 'M 3'}, {'no': 35, 'up_bound': 36, 'low_bound': 35, 'range_id': 9100218, 'range_label': 'Not used'}, {'no': 36, 'up_bound': 37, 'low_bound': 37, 'range_id': 1001369, 'range_label': 'M 4'}, {'no': 37, 'up_bound': 39, 'low_bound': 38, 'range_id': 9100218, 'range_label': 'Not used'}, {'no': 38, 'up_bound': 40, 'low_bound': 40, 'range_id': 1001370, 'range_label': 'M 5'}, {'no': 39, 'up_bound': 42, 'low_bound': 41, 'range_id': 9100218, 'range_label': 'Not used'}, {'no': 40, 'up_bound': 43, 'low_bound': 43, 'range_id': 1001371, 'range_label': 'M 6'}, {'no': 41, 'up_bound': 45, 'low_bound': 44, 'range_id': 9100218, 'range_label': 'Not used'}, {'no': 42, 'up_bound': 46, 'low_bound': 46, 'range_id': 1001372, 'range_label': 'M 7'}, {'no': 43, 'up_bound': 48, 'low_bound': 47, 'range_id': 9100218, 'range_label': 'Not used'}, {'no': 44, 'up_bound': 49, 'low_bound': 49, 'range_id': 1001373, 'range_label': 'M 8'}, {'no': 45, 'up_bound': 51, 'low_bound': 50, 'range_id': 9100218, 'range_label': 'Not used'}, {'no': 46, 'up_bound': 52, 'low_bound': 52, 'range_id': 1001374, 'range_label': 'M 9'}, {'no': 47, 'up_bound': 54, 'low_bound': 53, 'range_id': 9100218, 'range_label': 'Not used'}, {'no': 48, 'up_bound': 55, 'low_bound': 55, 'range_id': 1001366, 'range_label': 'M 10'}, {'no': 49, 'up_bound': 63, 'low_bound': 56, 'range_id': 9100218, 'range_label': 'Not used'}]"
Data List,All data,Rear Gear Engaged,21,119,22,162,1,0x3DA541,0x22,0x132,,1,3,1,2,2,2,-1,1,0,0,9100218,Not used,0,0,0,"[{'no': 1, 'up_bound': 0, 'low_bound': 0, 'range_id': 9100218, 'range_label': 'Not used'}, {'no': 2, 'up_bound': 1, 'low_bound': 1, 'range_id': 8002161, 'range_label': 'Reverse Gear not Engaged'}, {'no': 3, 'up_bound': 2, 'low_bound': 2, 'range_id': 8002162, 'range_label': 'Reverse Gear Engaged'}, {'no': 4, 'up_bound': 3, 'low_bound': 3, 'range_id': 11000138, 'range_label': 'Abnormal'}]"
Data List,All data,STOPLIGHT SW,22,136,23,163,1,0x3DA541,0x22,0x133,,1,3,1,2,5,3,-1,1,0,0,9100218,Not used,0,0,0,"[{'no': 1, 'up_bound': 0, 'low_bound': 0, 'range_id': 9100218, 'range_label': 'Not used'}, {'no': 2, 'up_bound': 1, 'low_bound': 1, 'range_id': 1001391, 'range_label': 'Brake pedal not operation'}, {'no': 3, 'up_bound': 2, 'low_bound': 2, 'range_id': 1001389, 'range_label': 'Brake pedal operation 1'}, {'no': 4, 'up_bound': 3, 'low_bound': 3, 'range_id': 9100218, 'range_label': 'Not used'}, {'no': 5, 'up_bound': 4, 'low_bound': 4, 'range_id': 1001390, 'range_label': 'Brake pedal operation 2'}, {'no': 6, 'up_bound': 6, 'low_bound': 5, 'range_id': 9100218, 'range_label': 'Not used'}, {'no': 7, 'up_bound': 7, 'low_bound': 7, 'range_id': 11000138, 'range_label': 'Abnormal'}]"
Data List,All data,Brake Pedal Pressed By Driver,23,42,24,163,1,0x3DA541,0x22,0x133,,1,3,1,2,3,2,-1,1,0,0,9100218,Not used,0,0,0,"[{'no': 1, 'up_bound': 0, 'low_bound': 0, 'range_id': 9100218, 'range_label': 'Not used'}, {'no': 2, 'up_bound': 1, 'low_bound': 1, 'range_id': 8002163, 'range_label': 'Brake pedal not pressed'}, {'no': 3, 'up_bound': 2, 'low_bound': 2, 'range_id': 8002164, 'range_label': 'Brake pedal pressed'}, {'no': 4, 'up_bound': 3, 'low_bound': 3, 'range_id': 11000138, 'range_label': 'Abnormal'}]"
Data List,All data,ABS,24,12,25,164,1,0x3DA541,0x22,0x134,,1,3,1,2,7,1,-1,1,0,0,3000198,Inactive,0,0,0,"[{'no': 1, 'up_bound': 0, 'low_bound': 0, 'range_id': 3000198, 'range_label': 'Inactive'}, {'no': 2, 'up_bound': 1, 'low_bound': 1, 'range_id': 3000271, 'range_label': 'Active'}]"
Data List,All data,ABS MALF,25,13,26,164,1,0x3DA541,0x22,0x134,,1,3,1,2,6,1,-1,1,0,0,1000003,OFF,0,0,0,"[{'no': 1, 'up_bound': 0, 'low_bound': 0, 'range_id': 1000003, 'range_label': 'OFF'}, {'no': 2, 'up_bound': 1, 'low_bound': 1, 'range_id': 1000004, 'range_label': 'ON'}]"
Data List,All data,EBD,26,62,27,164,1,0x3DA541,0x22,0x134,,1,3,1,2,5,1,-1,1,0,0,3000198,Inactive,0,0,0,"[{'no': 1, 'up_bound': 0, 'low_bound': 0, 'range_id': 3000198, 'range_label': 'Inactive'}, {'no': 2, 'up_bound': 1, 'low_bound': 1, 'range_id': 3000271, 'range_label': 'Active'}]"
Data List,All data,TCL,27,139,28,164,1,0x3DA541,0x22,0x134,,1,3,1,2,4,1,-1,1,0,0,3000198,Inactive,0,0,0,"[{'no': 1, 'up_bound': 0, 'low_bound': 0, 'range_id': 3000198, 'range_label': 'Inactive'}, {'no': 2, 'up_bound': 1, 'low_bound': 1, 'range_id': 3000271, 'range_label': 'Active'}]"
Data List,All data,TCL MALF,28,140,29,164,1,0x3DA541,0x22,0x134,,1,3,1,2,3,1,-1,1,0,0,1000003,OFF,0,0,0,"[{'no': 1, 'up_bound': 0, 'low_bound': 0, 'range_id': 1000003, 'range_label': 'OFF'}, {'no': 2, 'up_bound': 1, 'low_bound': 1, 'range_id': 1000004, 'range_label': 'ON'}]"
Data List,All data,ASC,29,32,30,164,1,0x3DA541,0x22,0x134,,1,3,1,2,2,1,-1,1,0,0,3000198,Inactive,0,0,0,"[{'no': 1, 'up_bound': 0, 'low_bound': 0, 'range_id': 3000198, 'range_label': 'Inactive'}, {'no': 2, 'up_bound': 1, 'low_bound': 1, 'range_id': 3000271, 'range_label': 'Active'}]"
Data List,All data,ASC MALF,30,33,31,164,1,0x3DA541,0x22,0x134,,1,3,1,2,1,1,-1,1,0,0,1000003,OFF,0,0,0,"[{'no': 1, 'up_bound': 0, 'low_bound': 0, 'range_id': 1000003, 'range_label': 'OFF'}, {'no': 2, 'up_bound': 1, 'low_bound': 1, 'range_id': 1000004, 'range_label': 'ON'}]"
Data List,All data,ASC OFF SWITCH,31,34,32,164,1,0x3DA541,0x22,0x134,,1,3,1,2,0,1,-1,1,0,0,1000003,OFF,0,0,0,"[{'no': 1, 'up_bound': 0, 'low_bound': 0, 'range_id': 1000003, 'range_label': 'OFF'}, {'no': 2, 'up_bound': 1, 'low_bound': 1, 'range_id': 1000004, 'range_label': 'ON'}]"
Data List,All data,ACC brake active status,32,14,33,165,1,0x3DA541,0x22,0x180,,1,3,1,2,5,3,-1,1,0,0,11000138,Abnormal,0,0,0,"[{'no': 1, 'up_bound': 0, 'low_bound': 0, 'range_id': 11000138, 'range_label': 'Abnormal'}, {'no': 2, 'up_bound': 1, 'low_bound': 1, 'range_id': 9100218, 'range_label': 'Not used'}, {'no': 3, 'up_bound': 2, 'low_bound': 2, 'range_id': 8000547, 'range_label': 'Not permission'}, {'no': 4, 'up_bound': 4, 'low_bound': 3, 'range_id': 9100218, 'range_label': 'Not used'}, {'no': 5, 'up_bound': 5, 'low_bound': 5, 'range_id': 9100133, 'range_label': 'Permission'}, {'no': 6, 'up_bound': 7, 'low_bound': 6, 'range_id': 9100218, 'range_label': 'Not used'}]"
Data List,All data,Yaw rate (ADAS),33,147,34,165,1,0x3DA541,0x22,0x180,,1,3,1,2,3,2,-1,1,0,0,8002234,Braking fully operational,0,0,0,"[{'no': 1, 'up_bound': 0, 'low_bound': 0, 'range_id': 8002234, 'range_label': 'Braking fully operational'}, {'no': 2, 'up_bound': 1, 'low_bound': 1, 'range_id': 8002166, 'range_label': 'Impossible to execute request'}, {'no': 3, 'up_bound': 2, 'low_bound': 2, 'range_id': 9100218, 'range_label': 'Not used'}, {'no': 4, 'up_bound': 3, 'low_bound': 3, 'range_id': 11000138, 'range_label': 'Abnormal'}]"
Data List,All data,MI PILOT assist park,34,110,35,165,1,0x3DA541,0x22,0x180,,1,3,1,2,1,2,-1,1,0,0,11000138,Abnormal,0,0,0,"[{'no': 1, 'up_bound': 0, 'low_bound': 0, 'range_id': 11000138, 'range_label': 'Abnormal'}, {'no': 2, 'up_bound': 1, 'low_bound': 1, 'range_id': 8002166, 'range_label': 'Impossible to execute request'}, {'no': 3, 'up_bound': 2, 'low_bound': 2, 'range_id': 8002234, 'range_label': 'Braking fully operational'}, {'no': 4, 'up_bound': 3, 'low_bound': 3, 'range_id': 9100218, 'range_label': 'Not used'}]"
Data List,All data,ADA Corner Decel Engine Brake Target,35,20,36,166,1,0x3DA541,0x22,0x20F,G,0,3,2,2,-1,-1,-1,1,0,0,0,,0.0001,0,4,"[{'no': 1, 'up_bound': 0, 'low_bound': 0, 'range_id': 0, 'range_label': None}]"
Data List,All data,ADA Decel Engine Brake Target,36,21,37,167,1,0x3DA541,0x22,0x210,G,0,3,2,2,-1,-1,-1,1,0,0,0,,0.0001,0,4,"[{'no': 1, 'up_bound': 0, 'low_bound': 0, 'range_id': 0, 'range_label': None}]"
Data List,All data,VMC BSB BRAKE OUT BSB,37,146,38,168,1,0x3DA541,0x22,0x213,Nm,0,3,2,2,-1,-1,-1,1,0,0,0,,2,0,0,"[{'no': 1, 'up_bound': 0, 'low_bound': 0, 'range_id': 0, 'range_label': None}]"
Data List,All data,CCSL Brake Wheel Torque Request,38,46,39,169,1,0x3DA541,0x22,0x214,Nm,0,3,2,2,-1,-1,-1,1,0,0,0,,1,0,0,"[{'no': 1, 'up_bound': 0, 'low_bound': 0, 'range_id': 0, 'range_label': None}]"
Data List,All data,AYC Yaw Moment Request,39,40,40,170,1,0x3DA541,0x22,0x215,Nm,0,3,2,2,-1,-1,-1,1,0,0,0,,1,0,0,"[{'no': 1, 'up_bound': 0, 'low_bound': 0, 'range_id': 0, 'range_label': None}]"
Data List,All data,Global Brake Wheel Torque Request,40,97,41,171,1,0x3DA541,0x22,0x216,Nm,0,3,2,2,-1,-1,-1,1,0,0,0,,1,0,0,"[{'no': 1, 'up_bound': 0, 'low_bound': 0, 'range_id': 0, 'range_label': None}]"
Data List,All data,ADAS Yaw Moment Request,41,30,42,172,1,0x3DA541,0x22,0x217,Nm,0,3,2,2,-1,-1,-1,1,0,0,0,,0.5,0,1,"[{'no': 1, 'up_bound': 0, 'low_bound': 0, 'range_id': 0, 'range_label': None}]"
Data List,All data,Elec Brake Wheel Torque Request,42,64,43,173,1,0x3DA541,0x22,0x218,Nm,0,3,2,2,-1,-1,-1,1,0,0,0,,1,0,0,"[{'no': 1, 'up_bound': 0, 'low_bound': 0, 'range_id': 0, 'range_label': None}]"
Data List,All data,PWT Driver Arbitrated Torque,43,116,44,174,1,0x3DA541,0x22,0x219,Nm,0,3,2,2,-1,-1,-1,1,0,0,0,,2,0,0,"[{'no': 1, 'up_bound': 0, 'low_bound': 0, 'range_id': 0, 'range_label': None}]"
Data List,All data,CCSL Brake Wheel Torque Order,44,45,45,175,1,0x3DA541,0x22,0x221,,1,3,1,2,7,1,-1,1,0,0,8002167,No Brake Request,0,0,0,"[{'no': 1, 'up_bound': 0, 'low_bound': 0, 'range_id': 8002167, 'range_label': 'No Brake Request'}, {'no': 2, 'up_bound': 1, 'low_bound': 1, 'range_id': 8002168, 'range_label': 'CCSL Brake Torque request'}]"
Data List,All data,AYC Yaw Moment Order,45,39,46,175,1,0x3DA541,0x22,0x221,,1,3,1,2,6,1,-1,1,0,0,8002169,No yaw moment requested,0,0,0,"[{'no': 1, 'up_bound': 0, 'low_bound': 0, 'range_id': 8002169, 'range_label': 'No yaw moment requested'}, {'no': 2, 'up_bound': 1, 'low_bound': 1, 'range_id': 8002170, 'range_label': 'Yaw moment requested'}]"
Data List,All data,Longitudinal Control Status,46,108,47,175,1,0x3DA541,0x22,0x221,,1,3,1,2,5,1,-1,1,0,0,8002166,Impossible to execute request,0,0,0,"[{'no': 1, 'up_bound': 0, 'low_bound': 0, 'range_id': 8002166, 'range_label': 'Impossible to execute request'}, {'no': 2, 'up_bound': 1, 'low_bound': 1, 'range_id': 8002234, 'range_label': 'Braking fully operational'}]"
Data List,All data,Lateral Control Status,47,106,48,175,1,0x3DA541,0x22,0x221,,1,3,1,2,4,1,-1,1,0,0,8002166,Impossible to execute request,0,0,0,"[{'no': 1, 'up_bound': 0, 'low_bound': 0, 'range_id': 8002166, 'range_label': 'Impossible to execute request'}, {'no': 2, 'up_bound': 1, 'low_bound': 1, 'range_id': 8002234, 'range_label': 'Braking fully operational'}]"
Data List,All data,Maintenance Mode Status,48,109,49,176,1,0x3DA541,0x22,0x222,,1,3,1,2,6,2,-1,1,0,0,9100218,Not used,0,0,0,"[{'no': 1, 'up_bound': 0, 'low_bound': 0, 'range_id': 9100218, 'range_label': 'Not used'}, {'no': 2, 'up_bound': 1, 'low_bound': 1, 'range_id': 1001705, 'range_label': 'No request'}, {'no': 3, 'up_bound': 2, 'low_bound': 2, 'range_id': 1001710, 'range_label': 'Request'}, {'no': 4, 'up_bound': 3, 'low_bound': 3, 'range_id': 37000045, 'range_label': 'Unavailable'}]"
Data List,All data,Regen Brake Malfunction ASC,49,121,50,176,1,0x3DA541,0x22,0x222,,1,3,1,2,5,1,-1,1,0,0,8002171,No failure,0,0,0,"[{'no': 1, 'up_bound': 0, 'low_bound': 0, 'range_id': 8002171, 'range_label': 'No failure'}, {'no': 2, 'up_bound': 1, 'low_bound': 1, 'range_id': 8002126, 'range_label': 'Failure detected'}]"
Data List,All data,Elec Brake Torque Actuator Status,50,63,51,176,1,0x3DA541,0x22,0x222,,1,3,1,2,2,2,-1,1,0,0,37000045,Unavailable,0,0,0,"[{'no': 1, 'up_bound': 0, 'low_bound': 0, 'range_id': 37000045, 'range_label': 'Unavailable'}, {'no': 2, 'up_bound': 1, 'low_bound': 1, 'range_id': 8002172, 'range_label': 'EVC Available as an actuator'}, {'no': 3, 'up_bound': 2, 'low_bound': 2, 'range_id': 8002173, 'range_label': 'EVC Not available as an actuator'}, {'no': 4, 'up_bound': 3, 'low_bound': 3, 'range_id': 9100218, 'range_label': 'Not used'}]"
Data List,All data,PWT Status for VMC,51,117,52,176,1,0x3DA541,0x22,0x222,,1,3,1,2,1,1,-1,1,0,0,8002174,VMC Torque Limitation invalid,0,0,0,"[{'no': 1, 'up_bound': 0, 'low_bound': 0, 'range_id': 8002174, 'range_label': 'VMC Torque Limitation invalid'}, {'no': 2, 'up_bound': 1, 'low_bound': 1, 'range_id': 8002175, 'range_label': 'VMC Torque Limitation valid'}]"
Data List,All data,ADA Authorization Status,52,19,53,176,1,0x3DA541,0x22,0x222,,1,3,1,2,0,1,-1,1,0,0,8002176,ADA impossible,0,0,0,"[{'no': 1, 'up_bound': 0, 'low_bound': 0, 'range_id': 8002176, 'range_label': 'ADA impossible'}, {'no': 2, 'up_bound': 1, 'low_bound': 1, 'range_id': 8002177, 'range_label': 'ADA possible'}]"
Data List,All data,Cruise Control Status,53,51,54,177,1,0x3DA541,0x22,0x223,,1,3,1,2,5,3,-1,1,0,0,8002178,CC and SL OFF,0,0,0,"[{'no': 1, 'up_bound': 0, 'low_bound': 0, 'range_id': 8002178, 'range_label': 'CC and SL OFF'}, {'no': 2, 'up_bound': 1, 'low_bound': 1, 'range_id': 8002179, 'range_label': 'SL active'}, {'no': 3, 'up_bound': 2, 'low_bound': 2, 'range_id': 8002180, 'range_label': 'SL ON and Awaiting/Suspended'}, {'no': 4, 'up_bound': 3, 'low_bound': 3, 'range_id': 8002181, 'range_label': 'SL requested and in failure'}, {'no': 5, 'up_bound': 4, 'low_bound': 4, 'range_id': 8002182, 'range_label': 'CC active'}, {'no': 6, 'up_bound': 5, 'low_bound': 5, 'range_id': 8002183, 'range_label': 'CC ON and Awaiting/Suspended'}, {'no': 7, 'up_bound': 6, 'low_bound': 6, 'range_id': 8002184, 'range_label': 'CC requested and in failure'}, {'no': 8, 'up_bound': 7, 'low_bound': 7, 'range_id': 8002185, 'range_label': 'Vehicle not equipped with CC/SL'}]"
Data List,All data,Global Braking Performance Status,54,98,55,177,1,0x3DA541,0x22,0x223,,1,3,1,2,4,1,-1,1,0,0,8002166,Impossible to execute request,0,0,0,"[{'no': 1, 'up_bound': 0, 'low_bound': 0, 'range_id': 8002166, 'range_label': 'Impossible to execute request'}, {'no': 2, 'up_bound': 1, 'low_bound': 1, 'range_id': 8002234, 'range_label': 'Braking fully operational'}]"
Data List,All data,Global Brake Wheel Torque Order,55,96,56,177,1,0x3DA541,0x22,0x223,,1,3,1,2,1,3,-1,1,0,0,8002167,No Brake Request,0,0,0,"[{'no': 1, 'up_bound': 0, 'low_bound': 0, 'range_id': 8002167, 'range_label': 'No Brake Request'}, {'no': 2, 'up_bound': 1, 'low_bound': 1, 'range_id': 8002186, 'range_label': 'ACC brake request'}, {'no': 3, 'up_bound': 2, 'low_bound': 2, 'range_id': 8002187, 'range_label': 'HFPB/Full APK brake request'}, {'no': 4, 'up_bound': 7, 'low_bound': 3, 'range_id': 9100218, 'range_label': 'Not used'}]"
Data List,All data,ADAS Yaw Moment Order,56,29,57,177,1,0x3DA541,0x22,0x223,,1,3,1,2,0,1,-1,1,0,0,1001705,No request,0,0,0,"[{'no': 1, 'up_bound': 0, 'low_bound': 0, 'range_id': 1001705, 'range_label': 'No request'}, {'no': 2, 'up_bound': 1, 'low_bound': 1, 'range_id': 1001710, 'range_label': 'Request'}]"
Data List,All data,Fail judgement A for RAS control,57,76,58,178,1,0x3DA541,0x22,0x280,,1,3,1,2,7,1,-1,1,0,0,9100094,Normal,0,0,0,"[{'no': 1, 'up_bound': 0, 'low_bound': 0, 'range_id': 9100094, 'range_label': 'Normal'}, {'no': 2, 'up_bound': 1, 'low_bound': 1, 'range_id': 64000016, 'range_label': 'Fail'}]"
Data List,All data,Fail judgement B for RAS control (with DTC),58,85,59,178,1,0x3DA541,0x22,0x280,,1,3,1,2,6,1,-1,1,0,0,9100094,Normal,0,0,0,"[{'no': 1, 'up_bound': 0, 'low_bound': 0, 'range_id': 9100094, 'range_label': 'Normal'}, {'no': 2, 'up_bound': 1, 'low_bound': 1, 'range_id': 64000016, 'range_label': 'Fail'}]"
Data List,All data,Fail judgement A for YLE control,59,77,60,178,1,0x3DA541,0x22,0x280,,1,3,1,2,5,1,-1,1,0,0,9100094,Normal,0,0,0,"[{'no': 1, 'up_bound': 0, 'low_bound': 0, 'range_id': 9100094, 'range_label': 'Normal'}, {'no': 2, 'up_bound': 1, 'low_bound': 1, 'range_id': 64000016, 'range_label': 'Fail'}]"
Data List,All data,Fail judgement B for YLE control (with DTC),60,86,61,178,1,0x3DA541,0x22,0x280,,1,3,1,2,4,1,-1,1,0,0,9100094,Normal,0,0,0,"[{'no': 1, 'up_bound': 0, 'low_bound': 0, 'range_id': 9100094, 'range_label': 'Normal'}, {'no': 2, 'up_bound': 1, 'low_bound': 1, 'range_id': 64000016, 'range_label': 'Fail'}]"
Data List,All data,Fail judgement A for AUC control,61,72,62,178,1,0x3DA541,0x22,0x280,,1,3,1,2,3,1,-1,1,0,0,9100094,Normal,0,0,0,"[{'no': 1, 'up_bound': 0, 'low_bound': 0, 'range_id': 9100094, 'range_label': 'Normal'}, {'no': 2, 'up_bound': 1, 'low_bound': 1, 'range_id': 64000016, 'range_label': 'Fail'}]"
Data List,All data,Fail judgement B for AUC control (with DTC),62,81,63,178,1,0x3DA541,0x22,0x280,,1,3,1,2,2,1,-1,1,0,0,9100094,Normal,0,0,0,"[{'no': 1, 'up_bound': 0, 'low_bound': 0, 'range_id': 9100094, 'range_label': 'Normal'}, {'no': 2, 'up_bound': 1, 'low_bound': 1, 'range_id': 64000016, 'range_label': 'Fail'}]"
Data List,All data,Fail judgement A for ATC A control,63,70,64,178,1,0x3DA541,0x22,0x280,,1,3,1,2,1,1,-1,1,0,0,9100094,Normal,0,0,0,"[{'no': 1, 'up_bound': 0, 'low_bound': 0, 'range_id': 9100094, 'range_label': 'Normal'}, {'no': 2, 'up_bound': 1, 'low_bound': 1, 'range_id': 64000016, 'range_label': 'Fail'}]"
Data List,All data,Fail judgement B for ATC A control (with DTC),64,79,65,178,1,0x3DA541,0x22,0x280,,1,3,1,2,0,1,-1,1,0,0,9100094,Normal,0,0,0,"[{'no': 1, 'up_bound': 0, 'low_bound': 0, 'range_id': 9100094, 'range_label': 'Normal'}, {'no': 2, 'up_bound': 1, 'low_bound': 1, 'range_id': 64000016, 'range_label': 'Fail'}]"
Data List,All data,Fail judgement A for ATC B control,65,71,66,179,1,0x3DA541,0x22,0x281,,1,3,1,2,7,1,-1,1,0,0,9100094,Normal,0,0,0,"[{'no': 1, 'up_bound': 0, 'low_bound': 0, 'range_id': 9100094, 'range_label': 'Normal'}, {'no': 2, 'up_bound': 1, 'low_bound': 1, 'range_id': 64000016, 'range_label': 'Fail'}]"
Data List,All data,Fail judgement B for ATC B control (with DTC),66,80,67,179,1,0x3DA541,0x22,0x281,,1,3,1,2,6,1,-1,1,0,0,9100094,Normal,0,0,0,"[{'no': 1, 'up_bound': 0, 'low_bound': 0, 'range_id': 9100094, 'range_label': 'Normal'}, {'no': 2, 'up_bound': 1, 'low_bound': 1, 'range_id': 64000016, 'range_label': 'Fail'}]"
Data List,All data,Fail judgement A for AEB control,67,69,68,179,1,0x3DA541,0x22,0x281,,1,3,1,2,5,1,-1,1,0,0,9100094,Normal,0,0,0,"[{'no': 1, 'up_bound': 0, 'low_bound': 0, 'range_id': 9100094, 'range_label': 'Normal'}, {'no': 2, 'up_bound': 1, 'low_bound': 1, 'range_id': 64000016, 'range_label': 'Fail'}]"
Data List,All data,Fail judgement B for AEB control (with DTC),68,78,69,179,1,0x3DA541,0x22,0x281,,1,3,1,2,4,1,-1,1,0,0,9100094,Normal,0,0,0,"[{'no': 1, 'up_bound': 0, 'low_bound': 0, 'range_id': 9100094, 'range_label': 'Normal'}, {'no': 2, 'up_bound': 1, 'low_bound': 1, 'range_id': 64000016, 'range_label': 'Fail'}]"
Data List,All data,Fail judgement A for BSB control,69,74,70,179,1,0x3DA541,0x22,0x281,,1,3,1,2,3,1,-1,1,0,0,9100094,Normal,0,0,0,"[{'no': 1, 'up_bound': 0, 'low_bound': 0, 'range_id': 9100094, 'range_label': 'Normal'}, {'no': 2, 'up_bound': 1, 'low_bound': 1, 'range_id': 64000016, 'range_label': 'Fail'}]"
Data List,All data,Fail judgement B for BSB control (with DTC),70,83,71,179,1,0x3DA541,0x22,0x281,,1,3,1,2,2,1,-1,1,0,0,9100094,Normal,0,0,0,"[{'no': 1, 'up_bound': 0, 'low_bound': 0, 'range_id': 9100094, 'range_label': 'Normal'}, {'no': 2, 'up_bound': 1, 'low_bound': 1, 'range_id': 64000016, 'range_label': 'Fail'}]"
Data List,All data,Fail judgement for ADAS deceleration control,71,87,72,179,1,0x3DA541,0x22,0x281,,1,3,1,2,1,1,-1,1,0,0,9100094,Normal,0,0,0,"[{'no': 1, 'up_bound': 0, 'low_bound': 0, 'range_id': 9100094, 'range_label': 'Normal'}, {'no': 2, 'up_bound': 1, 'low_bound': 1, 'range_id': 64000016, 'range_label': 'Fail'}]"
Data List,All data,Fail judgement for ADAS YAW request control,72,88,73,179,1,0x3DA541,0x22,0x281,,1,3,1,2,0,1,-1,1,0,0,9100094,Normal,0,0,0,"[{'no': 1, 'up_bound': 0, 'low_bound': 0, 'range_id': 9100094, 'range_label': 'Normal'}, {'no': 2, 'up_bound': 1, 'low_bound': 1, 'range_id': 64000016, 'range_label': 'Fail'}]"
Data List,All data,Fail judgement A for BSB control,73,75,74,180,1,0x3DA541,0x22,0x283,,1,3,1,2,6,1,-1,1,0,0,9100094,Normal,0,0,0,"[{'no': 1, 'up_bound': 0, 'low_bound': 0, 'range_id': 9100094, 'range_label': 'Normal'}, {'no': 2, 'up_bound': 1, 'low_bound': 1, 'range_id': 64000016, 'range_label': 'Fail'}]"
Data List,All data,Fail judgement B for BSB control (with DTC),74,84,75,180,1,0x3DA541,0x22,0x283,,1,3,1,2,5,1,-1,1,0,0,9100094,Normal,0,0,0,"[{'no': 1, 'up_bound': 0, 'low_bound': 0, 'range_id': 9100094, 'range_label': 'Normal'}, {'no': 2, 'up_bound': 1, 'low_bound': 1, 'range_id': 64000016, 'range_label': 'Fail'}]"
Data List,All data,Fail judgement A for AYC control,75,73,76,180,1,0x3DA541,0x22,0x283,,1,3,1,2,2,1,-1,1,0,0,9100094,Normal,0,0,0,"[{'no': 1, 'up_bound': 0, 'low_bound': 0, 'range_id': 9100094, 'range_label': 'Normal'}, {'no': 2, 'up_bound': 1, 'low_bound': 1, 'range_id': 11000138, 'range_label': 'Abnormal'}]"
Data List,All data,Fail judgement B for AYC control (with DTC),76,82,77,180,1,0x3DA541,0x22,0x283,,1,3,1,2,1,1,-1,1,0,0,9100094,Normal,0,0,0,"[{'no': 1, 'up_bound': 0, 'low_bound': 0, 'range_id': 9100094, 'range_label': 'Normal'}, {'no': 2, 'up_bound': 1, 'low_bound': 1, 'range_id': 11000138, 'range_label': 'Abnormal'}]"
Data List,All data,Parking brake operation status,77,113,78,181,1,0x3DA541,0x22,0x400,,1,3,1,2,2,2,-1,1,0,0,1001682,Release,0,0,0,"[{'no': 1, 'up_bound': 0, 'low_bound': 0, 'range_id': 1001682, 'range_label': 'Release'}, {'no': 2, 'up_bound': 1, 'low_bound': 1, 'range_id': 1001687, 'range_label': 'Apply'}, {'no': 3, 'up_bound': 2, 'low_bound': 2, 'range_id': 9100218, 'range_label': 'Not used'}, {'no': 4, 'up_bound': 3, 'low_bound': 3, 'range_id': 11000138, 'range_label': 'Abnormal'}]"
Data List,All data,Stop hold (ASC),78,134,79,181,1,0x3DA541,0x22,0x400,,1,3,1,2,0,2,-1,1,0,0,8002188,Vehicle not hold,0,0,0,"[{'no': 1, 'up_bound': 0, 'low_bound': 0, 'range_id': 8002188, 'range_label': 'Vehicle not hold'}, {'no': 2, 'up_bound': 1, 'low_bound': 1, 'range_id': 8002189, 'range_label': 'Vehicle hold'}, {'no': 3, 'up_bound': 2, 'low_bound': 2, 'range_id': 8002190, 'range_label': 'Vehicle hold not possible'}, {'no': 4, 'up_bound': 3, 'low_bound': 3, 'range_id': 9100218, 'range_label': 'Not used'}]"
Data List,All data,FR wheel speed pulse (stop hold),79,92,80,182,1,0x3DA541,0x22,0x403,,0,3,1,2,-1,-1,-1,1,0,0,0,,1,0,0,"[{'no': 1, 'up_bound': 0, 'low_bound': 0, 'range_id': 0, 'range_label': None}]"
Data List,All data,FL wheel speed pulse (stop hold),80,90,81,183,1,0x3DA541,0x22,0x404,,0,3,1,2,-1,-1,-1,1,0,0,0,,1,0,0,"[{'no': 1, 'up_bound': 0, 'low_bound': 0, 'range_id': 0, 'range_label': None}]"
Data List,All data,RR wheel speed pulse (stop hold),81,125,82,184,1,0x3DA541,0x22,0x405,,0,3,1,2,-1,-1,-1,1,0,0,0,,1,0,0,"[{'no': 1, 'up_bound': 0, 'low_bound': 0, 'range_id': 0, 'range_label': None}]"
Data List,All data,RL wheel speed pulse (stop hold),82,123,83,185,1,0x3DA541,0x22,0x406,,0,3,1,2,-1,-1,-1,1,0,0,0,,1,0,0,"[{'no': 1, 'up_bound': 0, 'low_bound': 0, 'range_id': 0, 'range_label': None}]"
Data List,All data,ACC status,83,16,84,186,1,0x3DA541,0x22,0x407,,1,3,1,2,0,4,-1,1,0,0,1000003,OFF,0,0,0,"[{'no': 1, 'up_bound': 0, 'low_bound': 0, 'range_id': 1000003, 'range_label': 'OFF'}, {'no': 2, 'up_bound': 1, 'low_bound': 1, 'range_id': 1001688, 'range_label': 'Operation'}, {'no': 3, 'up_bound': 2, 'low_bound': 2, 'range_id': 1001689, 'range_label': 'Stop'}, {'no': 4, 'up_bound': 3, 'low_bound': 3, 'range_id': 1001693, 'range_label': 'Wait'}, {'no': 5, 'up_bound': 4, 'low_bound': 4, 'range_id': 1001683, 'range_label': 'Suspend'}, {'no': 6, 'up_bound': 5, 'low_bound': 5, 'range_id': 1001392, 'range_label': 'Brake mode'}, {'no': 7, 'up_bound': 6, 'low_bound': 6, 'range_id': 1001684, 'range_label': 'Regulation'}, {'no': 8, 'up_bound': 7, 'low_bound': 7, 'range_id': 1001388, 'range_label': 'Driver override'}, {'no': 9, 'up_bound': 8, 'low_bound': 8, 'range_id': 1001681, 'range_label': 'Malfunction'}, {'no': 10, 'up_bound': 14, 'low_bound': 9, 'range_id': 9100218, 'range_label': 'Not used'}, {'no': 11, 'up_bound': 15, 'low_bound': 15, 'range_id': 11000138, 'range_label': 'Abnormal'}]"
Data List,All data,ABH warning display request,84,11,85,187,1,0x3DA541,0x22,0x411,,1,3,1,2,2,1,-1,1,0,0,1001705,No request,0,0,0,"[{'no': 1, 'up_bound': 0, 'low_bound': 0, 'range_id': 1001705, 'range_label': 'No request'}, {'no': 2, 'up_bound': 1, 'low_bound': 1, 'range_id': 1001710, 'range_label': 'Request'}]"
Data List,All data,ABH select status,85,6,86,188,1,0x3DA541,0x22,0x420,,1,3,1,2,4,2,-1,1,0,0,8002191,SSA OFF select state,0,0,0,"[{'no': 1, 'up_bound': 0, 'low_bound': 0, 'range_id': 8002191, 'range_label': 'SSA OFF select state'}, {'no': 2, 'up_bound': 1, 'low_bound': 1, 'range_id': 9100218, 'range_label': 'Not used'}, {'no': 3, 'up_bound': 2, 'low_bound': 2, 'range_id': 8002192, 'range_label': 'SSA AUTO mode select state'}, {'no': 4, 'up_bound': 3, 'low_bound': 3, 'range_id': 1001331, 'range_label': 'Reserved'}]"
Data List,All data,ABH status 1,86,7,87,188,1,0x3DA541,0x22,0x420,,1,3,1,2,3,1,-1,1,0,0,3000198,Inactive,0,0,0,"[{'no': 1, 'up_bound': 0, 'low_bound': 0, 'range_id': 3000198, 'range_label': 'Inactive'}, {'no': 2, 'up_bound': 1, 'low_bound': 1, 'range_id': 3000271, 'range_label': 'Active'}]"
Data List,All data,ABH status 2,87,8,88,188,1,0x3DA541,0x22,0x420,,1,3,1,2,2,1,-1,1,0,0,3000198,Inactive,0,0,0,"[{'no': 1, 'up_bound': 0, 'low_bound': 0, 'range_id': 3000198, 'range_label': 'Inactive'}, {'no': 2, 'up_bound': 1, 'low_bound': 1, 'range_id': 3000271, 'range_label': 'Active'}]"
Data List,All data,Electric parking brake active request (automatic brake hold),88,65,89,188,1,0x3DA541,0x22,0x420,,1,3,1,2,1,1,-1,1,0,0,1001705,No request,0,0,0,"[{'no': 1, 'up_bound': 0, 'low_bound': 0, 'range_id': 1001705, 'range_label': 'No request'}, {'no': 2, 'up_bound': 1, 'low_bound': 1, 'range_id': 1001710, 'range_label': 'Request'}]"
Data List,All data,ABH stop hold request 2,89,10,90,188,1,0x3DA541,0x22,0x420,,1,3,1,2,0,1,-1,1,0,0,1001705,No request,0,0,0,"[{'no': 1, 'up_bound': 0, 'low_bound': 0, 'range_id': 1001705, 'range_label': 'No request'}, {'no': 2, 'up_bound': 1, 'low_bound': 1, 'range_id': 1001710, 'range_label': 'Request'}]"
Data List,All data,ABH status 3,90,9,91,189,1,0x3DA541,0x22,0x421,,1,3,1,2,3,1,-1,1,0,0,1001705,No request,0,0,0,"[{'no': 1, 'up_bound': 0, 'low_bound': 0, 'range_id': 1001705, 'range_label': 'No request'}, {'no': 2, 'up_bound': 1, 'low_bound': 1, 'range_id': 1001710, 'range_label': 'Request'}]"
Data List,All data,MI PILOT assist stop hold status,91,111,92,189,1,0x3DA541,0x22,0x421,,1,3,1,2,2,1,-1,1,0,0,1001705,No request,0,0,0,"[{'no': 1, 'up_bound': 0, 'low_bound': 0, 'range_id': 1001705, 'range_label': 'No request'}, {'no': 2, 'up_bound': 1, 'low_bound': 1, 'range_id': 3000271, 'range_label': 'Active'}]"
Data List,All data,EPB active request (MI PILOT assist),92,67,93,189,1,0x3DA541,0x22,0x421,,1,3,1,2,1,1,-1,1,0,0,1001705,No request,0,0,0,"[{'no': 1, 'up_bound': 0, 'low_bound': 0, 'range_id': 1001705, 'range_label': 'No request'}, {'no': 2, 'up_bound': 1, 'low_bound': 1, 'range_id': 1001710, 'range_label': 'Request'}]"
Data List,All data,ABH active request (MI PILOT assist),93,5,94,189,1,0x3DA541,0x22,0x421,,1,3,1,2,0,1,-1,1,0,0,1001705,No request,0,0,0,"[{'no': 1, 'up_bound': 0, 'low_bound': 0, 'range_id': 1001705, 'range_label': 'No request'}, {'no': 2, 'up_bound': 1, 'low_bound': 1, 'range_id': 1001710, 'range_label': 'Request'}]"
Data List,All data,Innovative Pedal Operation stand still request flag,94,102,95,190,1,0x3DA541,0x22,0x426,,1,3,1,2,7,1,-1,1,0,0,8002518,No stand still request,0,0,0,"[{'no': 1, 'up_bound': 0, 'low_bound': 0, 'range_id': 8002518, 'range_label': 'No stand still request'}, {'no': 2, 'up_bound': 1, 'low_bound': 1, 'range_id': 8002519, 'range_label': 'With stand still request'}]"
Data List,All data,Innovative Pedal Operation stop holding State flag,95,104,96,190,1,0x3DA541,0x22,0x426,,1,3,1,2,6,1,-1,1,0,0,8002517,Not maintained state,0,0,0,"[{'no': 1, 'up_bound': 0, 'low_bound': 0, 'range_id': 8002517, 'range_label': 'Not maintained state'}, {'no': 2, 'up_bound': 1, 'low_bound': 1, 'range_id': 8001923, 'range_label': 'TJP stand still state'}]"
Data List,All data,Innovative Pedal Operation Active Status to SSA,96,101,97,190,1,0x3DA541,0x22,0x426,,1,3,1,2,5,1,-1,1,0,0,1000003,OFF,0,0,0,"[{'no': 1, 'up_bound': 0, 'low_bound': 0, 'range_id': 1000003, 'range_label': 'OFF'}, {'no': 2, 'up_bound': 1, 'low_bound': 1, 'range_id': 1000004, 'range_label': 'ON'}]"
Data List,All data,SSA inhibit for Innovative Pedal Operation,97,131,98,190,1,0x3DA541,0x22,0x426,,1,3,1,2,4,1,-1,1,0,0,9100094,Normal,0,0,0,"[{'no': 1, 'up_bound': 0, 'low_bound': 0, 'range_id': 9100094, 'range_label': 'Normal'}, {'no': 2, 'up_bound': 1, 'low_bound': 1, 'range_id': 7000787, 'range_label': 'Inhibit'}]"
Data List,All data,Innovative Pedal Operation stop holding permit flag,98,103,99,190,1,0x3DA541,0x22,0x426,,1,3,1,2,3,1,-1,1,0,0,8000547,Not permission,0,0,0,"[{'no': 1, 'up_bound': 0, 'low_bound': 0, 'range_id': 8000547, 'range_label': 'Not permission'}, {'no': 2, 'up_bound': 1, 'low_bound': 1, 'range_id': 9100133, 'range_label': 'Permission'}]"
Data List,All data,CDM controller input switch 2,99,47,100,191,1,0x3DA541,0x22,0x430,,1,3,1,2,7,1,-1,1,0,0,8001926,No push,0,0,0,"[{'no': 1, 'up_bound': 0, 'low_bound': 0, 'range_id': 8001926, 'range_label': 'No push'}, {'no': 2, 'up_bound': 1, 'low_bound': 1, 'range_id': 8001927, 'range_label': 'Push'}]"
Data List,All data,SSA LED2 lighting request,100,132,101,191,1,0x3DA541,0x22,0x430,,1,3,1,2,5,1,-1,1,0,0,1001690,Extinction,0,0,0,"[{'no': 1, 'up_bound': 0, 'low_bound': 0, 'range_id': 1001690, 'range_label': 'Extinction'}, {'no': 2, 'up_bound': 1, 'low_bound': 1, 'range_id': 1001694, 'range_label': 'Lighting'}]"
Data List,All data,DRIVE MODE SELECTOR,101,59,102,192,1,0x3DA541,0x22,0x500,,0,3,1,2,-1,-1,-1,1,0,0,1001649,Mode 0,0,0,0,"[{'no': 1, 'up_bound': 0, 'low_bound': 0, 'range_id': 1001649, 'range_label': 'Mode 0'}, {'no': 2, 'up_bound': 1, 'low_bound': 1, 'range_id': 16000178, 'range_label': 'Mode 1'}, {'no': 3, 'up_bound': 2, 'low_bound': 2, 'range_id': 16000177, 'range_label': 'Mode 2'}, {'no': 4, 'up_bound': 3, 'low_bound': 3, 'range_id': 13000209, 'range_label': 'Mode 3'}, {'no': 5, 'up_bound': 4, 'low_bound': 4, 'range_id': 13000210, 'range_label': 'Mode 4'}, {'no': 6, 'up_bound': 5, 'low_bound': 5, 'range_id': 1000897, 'range_label': 'Mode 5'}, {'no': 7, 'up_bound': 6, 'low_bound': 6, 'range_id': 1001671, 'range_label': 'Mode 6'}, {'no': 8, 'up_bound': 7, 'low_bound': 7, 'range_id': 1001672, 'range_label': 'Mode 7'}, {'no': 9, 'up_bound': 8, 'low_bound': 8, 'range_id': 1001673, 'range_label': 'Mode 8'}, {'no': 10, 'up_bound': 9, 'low_bound': 9, 'range_id': 1001674, 'range_label': 'Mode 9'}, {'no': 11, 'up_bound': 10, 'low_bound': 10, 'range_id': 1001650, 'range_label': 'Mode 10'}, {'no': 12, 'up_bound': 11, 'low_bound': 11, 'range_id': 1001651, 'range_label': 'Mode 11'}, {'no': 13, 'up_bound': 12, 'low_bound': 12, 'range_id': 1001652, 'range_label': 'Mode 12'}, {'no': 14, 'up_bound': 13, 'low_bound': 13, 'range_id': 1001653, 'range_label': 'Mode 13'}, {'no': 15, 'up_bound': 14, 'low_bound': 14, 'range_id': 1001654, 'range_label': 'Mode 14'}, {'no': 16, 'up_bound': 15, 'low_bound': 15, 'range_id': 1001655, 'range_label': 'Mode 15'}, {'no': 17, 'up_bound': 16, 'low_bound': 16, 'range_id': 1001656, 'range_label': 'Mode 16'}, {'no': 18, 'up_bound': 17, 'low_bound': 17, 'range_id': 1001657, 'range_label': 'Mode 17'}, {'no': 19, 'up_bound': 18, 'low_bound': 18, 'range_id': 1001658, 'range_label': 'Mode 18'}, {'no': 20, 'up_bound': 19, 'low_bound': 19, 'range_id': 1001659, 'range_label': 'Mode 19'}, {'no': 21, 'up_bound': 20, 'low_bound': 20, 'range_id': 1001660, 'range_label': 'Mode 20'}, {'no': 22, 'up_bound': 21, 'low_bound': 21, 'range_id': 1001661, 'range_label': 'Mode 21'}, {'no': 23, 'up_bound': 22, 'low_bound': 22, 'range_id': 1001662, 'range_label': 'Mode 22'}, {'no': 24, 'up_bound': 23, 'low_bound': 23, 'range_id': 1001663, 'range_label': 'Mode 23'}, {'no': 25, 'up_bound': 24, 'low_bound': 24, 'range_id': 1001664, 'range_label': 'Mode 24'}, {'no': 26, 'up_bound': 25, 'low_bound': 25, 'range_id': 1001665, 'range_label': 'Mode 25'}, {'no': 27, 'up_bound': 26, 'low_bound': 26, 'range_id': 1001666, 'range_label': 'Mode 26'}, {'no': 28, 'up_bound': 27, 'low_bound': 27, 'range_id': 1001667, 'range_label': 'Mode 27'}, {'no': 29, 'up_bound': 28, 'low_bound': 28, 'range_id': 1001668, 'range_label': 'Mode 28'}, {'no': 30, 'up_bound': 29, 'low_bound': 29, 'range_id': 1001669, 'range_label': 'Mode 29'}, {'no': 31, 'up_bound': 30, 'low_bound': 30, 'range_id': 1001670, 'range_label': 'Mode 30'}, {'no': 32, 'up_bound': 255, 'low_bound': 31, 'range_id': 9100218, 'range_label': 'Not used'}]"
Data List,All data,User,102,143,103,193,1,0x3DA541,0x22,0x501,,1,3,1,2,5,3,-1,1,0,0,1001387,Guest,0,0,0,"[{'no': 1, 'up_bound': 0, 'low_bound': 0, 'range_id': 1001387, 'range_label': 'Guest'}, {'no': 2, 'up_bound': 1, 'low_bound': 1, 'range_id': 1001675, 'range_label': 'User 1'}, {'no': 3, 'up_bound': 2, 'low_bound': 2, 'range_id': 1001676, 'range_label': 'User 2'}, {'no': 4, 'up_bound': 3, 'low_bound': 3, 'range_id': 1001677, 'range_label': 'User 3'}, {'no': 5, 'up_bound': 4, 'low_bound': 4, 'range_id': 1001678, 'range_label': 'User 4'}, {'no': 6, 'up_bound': 5, 'low_bound': 5, 'range_id': 1001679, 'range_label': 'User 5'}, {'no': 7, 'up_bound': 6, 'low_bound': 6, 'range_id': 9100218, 'range_label': 'Not used'}, {'no': 8, 'up_bound': 7, 'low_bound': 7, 'range_id': 37000045, 'range_label': 'Unavailable'}]"
Data List,All data,DRIVE MODE SELECTOR,103,60,104,194,1,0x3DA541,0x22,0x502,,0,3,1,2,-1,-1,-1,1,0,0,1001393,Position 0,0,0,0,"[{'no': 1, 'up_bound': 0, 'low_bound': 0, 'range_id': 1001393, 'range_label': 'Position 0'}, {'no': 2, 'up_bound': 1, 'low_bound': 1, 'range_id': 1001394, 'range_label': 'Position 1'}, {'no': 3, 'up_bound': 2, 'low_bound': 2, 'range_id': 1001505, 'range_label': 'Position 2'}, {'no': 4, 'up_bound': 3, 'low_bound': 3, 'range_id': 1001572, 'range_label': 'Position 3'}, {'no': 5, 'up_bound': 4, 'low_bound': 4, 'range_id': 1001583, 'range_label': 'Position 4'}, {'no': 6, 'up_bound': 5, 'low_bound': 5, 'range_id': 1001594, 'range_label': 'Position 5'}, {'no': 7, 'up_bound': 6, 'low_bound': 6, 'range_id': 1001605, 'range_label': 'Position 6'}, {'no': 8, 'up_bound': 7, 'low_bound': 7, 'range_id': 1001616, 'range_label': 'Position 7'}, {'no': 9, 'up_bound': 8, 'low_bound': 8, 'range_id': 1001627, 'range_label': 'Position 8'}, {'no': 10, 'up_bound': 9, 'low_bound': 9, 'range_id': 1001638, 'range_label': 'Position 9'}, {'no': 11, 'up_bound': 10, 'low_bound': 10, 'range_id': 1001395, 'range_label': 'Position 10'}, {'no': 12, 'up_bound': 11, 'low_bound': 11, 'range_id': 1001406, 'range_label': 'Position 11'}, {'no': 13, 'up_bound': 12, 'low_bound': 12, 'range_id': 1001417, 'range_label': 'Position 12'}, {'no': 14, 'up_bound': 13, 'low_bound': 13, 'range_id': 1001428, 'range_label': 'Position 13'}, {'no': 15, 'up_bound': 14, 'low_bound': 14, 'range_id': 1001439, 'range_label': 'Position 14'}, {'no': 16, 'up_bound': 15, 'low_bound': 15, 'range_id': 1001450, 'range_label': 'Position 15'}, {'no': 17, 'up_bound': 16, 'low_bound': 16, 'range_id': 1001461, 'range_label': 'Position 16'}, {'no': 18, 'up_bound': 17, 'low_bound': 17, 'range_id': 1001472, 'range_label': 'Position 17'}, {'no': 19, 'up_bound': 18, 'low_bound': 18, 'range_id': 1001483, 'range_label': 'Position 18'}, {'no': 20, 'up_bound': 19, 'low_bound': 19, 'range_id': 1001494, 'range_label': 'Position 19'}, {'no': 21, 'up_bound': 20, 'low_bound': 20, 'range_id': 1001506, 'range_label': 'Position 20'}, {'no': 22, 'up_bound': 21, 'low_bound': 21, 'range_id': 1001517, 'range_label': 'Position 21'}, {'no': 23, 'up_bound': 22, 'low_bound': 22, 'range_id': 1001528, 'range_label': 'Position 22'}, {'no': 24, 'up_bound': 23, 'low_bound': 23, 'range_id': 1001539, 'range_label': 'Position 23'}, {'no': 25, 'up_bound': 24, 'low_bound': 24, 'range_id': 1001550, 'range_label': 'Position 24'}, {'no': 26, 'up_bound': 25, 'low_bound': 25, 'range_id': 1001561, 'range_label': 'Position 25'}, {'no': 27, 'up_bound': 26, 'low_bound': 26, 'range_id': 1001568, 'range_label': 'Position 26'}, {'no': 28, 'up_bound': 27, 'low_bound': 27, 'range_id': 1001569, 'range_label': 'Position 27'}, {'no': 29, 'up_bound': 28, 'low_bound': 28, 'range_id': 1001570, 'range_label': 'Position 28'}, {'no': 30, 'up_bound': 29, 'low_bound': 29, 'range_id': 1001571, 'range_label': 'Position 29'}, {'no': 31, 'up_bound': 30, 'low_bound': 30, 'range_id': 1001573, 'range_label': 'Position 30'}, {'no': 32, 'up_bound': 31, 'low_bound': 31, 'range_id': 1001574, 'range_label': 'Position 31'}, {'no': 33, 'up_bound': 32, 'low_bound': 32, 'range_id': 1001575, 'range_label': 'Position 32'}, {'no': 34, 'up_bound': 33, 'low_bound': 33, 'range_id': 1001576, 'range_label': 'Position 33'}, {'no': 35, 'up_bound': 34, 'low_bound': 34, 'range_id': 1001577, 'range_label': 'Position 34'}, {'no': 36, 'up_bound': 35, 'low_bound': 35, 'range_id': 1001578, 'range_label': 'Position 35'}, {'no': 37, 'up_bound': 36, 'low_bound': 36, 'range_id': 1001579, 'range_label': 'Position 36'}, {'no': 38, 'up_bound': 37, 'low_bound': 37, 'range_id': 1001580, 'range_label': 'Position 37'}, {'no': 39, 'up_bound': 38, 'low_bound': 38, 'range_id': 1001581, 'range_label': 'Position 38'}, {'no': 40, 'up_bound': 39, 'low_bound': 39, 'range_id': 1001582, 'range_label': 'Position 39'}, {'no': 41, 'up_bound': 40, 'low_bound': 40, 'range_id': 1001584, 'range_label': 'Position 40'}, {'no': 42, 'up_bound': 41, 'low_bound': 41, 'range_id': 1001585, 'range_label': 'Position 41'}, {'no': 43, 'up_bound': 42, 'low_bound': 42, 'range_id': 1001586, 'range_label': 'Position 42'}, {'no': 44, 'up_bound': 43, 'low_bound': 43, 'range_id': 1001587, 'range_label': 'Position 43'}, {'no': 45, 'up_bound': 44, 'low_bound': 44, 'range_id': 1001588, 'range_label': 'Position 44'}, {'no': 46, 'up_bound': 45, 'low_bound': 45, 'range_id': 1001589, 'range_label': 'Position 45'}, {'no': 47, 'up_bound': 46, 'low_bound': 46, 'range_id': 1001590, 'range_label': 'Position 46'}, {'no': 48, 'up_bound': 47, 'low_bound': 47, 'range_id': 1001591, 'range_label': 'Position 47'}, {'no': 49, 'up_bound': 48, 'low_bound': 48, 'range_id': 1001592, 'range_label': 'Position 48'}, {'no': 50, 'up_bound': 49, 'low_bound': 49, 'range_id': 1001593, 'range_label': 'Position 49'}, {'no': 51, 'up_bound': 50, 'low_bound': 50, 'range_id': 1001595, 'range_label': 'Position 50'}, {'no': 52, 'up_bound': 51, 'low_bound': 51, 'range_id': 1001596, 'range_label': 'Position 51'}, {'no': 53, 'up_bound': 52, 'low_bound': 52, 'range_id': 1001597, 'range_label': 'Position 52'}, {'no': 54, 'up_bound': 53, 'low_bound': 53, 'range_id': 1001598, 'range_label': 'Position 53'}, {'no': 55, 'up_bound': 54, 'low_bound': 54, 'range_id': 1001599, 'range_label': 'Position 54'}, {'no': 56, 'up_bound': 55, 'low_bound': 55, 'range_id': 1001600, 'range_label': 'Position 55'}, {'no': 57, 'up_bound': 56, 'low_bound': 56, 'range_id': 1001601, 'range_label': 'Position 56'}, {'no': 58, 'up_bound': 57, 'low_bound': 57, 'range_id': 1001602, 'range_label': 'Position 57'}, {'no': 59, 'up_bound': 58, 'low_bound': 58, 'range_id': 1001603, 'range_label': 'Position 58'}, {'no': 60, 'up_bound': 59, 'low_bound': 59, 'range_id': 1001604, 'range_label': 'Position 59'}, {'no': 61, 'up_bound': 60, 'low_bound': 60, 'range_id': 1001606, 'range_label': 'Position 60'}, {'no': 62, 'up_bound': 61, 'low_bound': 61, 'range_id': 1001607, 'range_label': 'Position 61'}, {'no': 63, 'up_bound': 62, 'low_bound': 62, 'range_id': 1001608, 'range_label': 'Position 62'}, {'no': 64, 'up_bound': 63, 'low_bound': 63, 'range_id': 1001609, 'range_label': 'Position 63'}, {'no': 65, 'up_bound': 64, 'low_bound': 64, 'range_id': 1001610, 'range_label': 'Position 64'}, {'no': 66, 'up_bound': 65, 'low_bound': 65, 'range_id': 1001611, 'range_label': 'Position 65'}, {'no': 67, 'up_bound': 66, 'low_bound': 66, 'range_id': 1001612, 'range_label': 'Position 66'}, {'no': 68, 'up_bound': 67, 'low_bound': 67, 'range_id': 1001613, 'range_label': 'Position 67'}, {'no': 69, 'up_bound': 68, 'low_bound': 68, 'range_id': 1001614, 'range_label': 'Position 68'}, {'no': 70, 'up_bound': 69, 'low_bound': 69, 'range_id': 1001615, 'range_label': 'Position 69'}, {'no': 71, 'up_bound': 70, 'low_bound': 70, 'range_id': 1001617, 'range_label': 'Position 70'}, {'no': 72, 'up_bound': 71, 'low_bound': 71, 'range_id': 1001618, 'range_label': 'Position 71'}, {'no': 73, 'up_bound': 72, 'low_bound': 72, 'range_id': 1001619, 'range_label': 'Position 72'}, {'no': 74, 'up_bound': 73, 'low_bound': 73, 'range_id': 1001620, 'range_label': 'Position 73'}, {'no': 75, 'up_bound': 74, 'low_bound': 74, 'range_id': 1001621, 'range_label': 'Position 74'}, {'no': 76, 'up_bound': 75, 'low_bound': 75, 'range_id': 1001622, 'range_label': 'Position 75'}, {'no': 77, 'up_bound': 76, 'low_bound': 76, 'range_id': 1001623, 'range_label': 'Position 76'}, {'no': 78, 'up_bound': 77, 'low_bound': 77, 'range_id': 1001624, 'range_label': 'Position 77'}, {'no': 79, 'up_bound': 78, 'low_bound': 78, 'range_id': 1001625, 'range_label': 'Position 78'}, {'no': 80, 'up_bound': 79, 'low_bound': 79, 'range_id': 1001626, 'range_label': 'Position 79'}, {'no': 81, 'up_bound': 80, 'low_bound': 80, 'range_id': 1001628, 'range_label': 'Position 80'}, {'no': 82, 'up_bound': 81, 'low_bound': 81, 'range_id': 1001629, 'range_label': 'Position 81'}, {'no': 83, 'up_bound': 82, 'low_bound': 82, 'range_id': 1001630, 'range_label': 'Position 82'}, {'no': 84, 'up_bound': 83, 'low_bound': 83, 'range_id': 1001631, 'range_label': 'Position 83'}, {'no': 85, 'up_bound': 84, 'low_bound': 84, 'range_id': 1001632, 'range_label': 'Position 84'}, {'no': 86, 'up_bound': 85, 'low_bound': 85, 'range_id': 1001633, 'range_label': 'Position 85'}, {'no': 87, 'up_bound': 86, 'low_bound': 86, 'range_id': 1001634, 'range_label': 'Position 86'}, {'no': 88, 'up_bound': 87, 'low_bound': 87, 'range_id': 1001635, 'range_label': 'Position 87'}, {'no': 89, 'up_bound': 88, 'low_bound': 88, 'range_id': 1001636, 'range_label': 'Position 88'}, {'no': 90, 'up_bound': 89, 'low_bound': 89, 'range_id': 1001637, 'range_label': 'Position 89'}, {'no': 91, 'up_bound': 90, 'low_bound': 90, 'range_id': 1001639, 'range_label': 'Position 90'}, {'no': 92, 'up_bound': 91, 'low_bound': 91, 'range_id': 1001640, 'range_label': 'Position 91'}, {'no': 93, 'up_bound': 92, 'low_bound': 92, 'range_id': 1001641, 'range_label': 'Position 92'}, {'no': 94, 'up_bound': 93, 'low_bound': 93, 'range_id': 1001642, 'range_label': 'Position 93'}, {'no': 95, 'up_bound': 94, 'low_bound': 94, 'range_id': 1001643, 'range_label': 'Position 94'}, {'no': 96, 'up_bound': 95, 'low_bound': 95, 'range_id': 1001644, 'range_label': 'Position 95'}, {'no': 97, 'up_bound': 96, 'low_bound': 96, 'range_id': 1001645, 'range_label': 'Position 96'}, {'no': 98, 'up_bound': 97, 'low_bound': 97, 'range_id': 1001646, 'range_label': 'Position 97'}, {'no': 99, 'up_bound': 98, 'low_bound': 98, 'range_id': 1001647, 'range_label': 'Position 98'}, {'no': 100, 'up_bound': 99, 'low_bound': 99, 'range_id': 1001648, 'range_label': 'Position 99'}, {'no': 101, 'up_bound': 100, 'low_bound': 100, 'range_id': 1001396, 'range_label': 'Position 100'}, {'no': 102, 'up_bound': 101, 'low_bound': 101, 'range_id': 1001397, 'range_label': 'Position 101'}, {'no': 103, 'up_bound': 102, 'low_bound': 102, 'range_id': 1001398, 'range_label': 'Position 102'}, {'no': 104, 'up_bound': 103, 'low_bound': 103, 'range_id': 1001399, 'range_label': 'Position 103'}, {'no': 105, 'up_bound': 104, 'low_bound': 104, 'range_id': 1001400, 'range_label': 'Position 104'}, {'no': 106, 'up_bound': 105, 'low_bound': 105, 'range_id': 1001401, 'range_label': 'Position 105'}, {'no': 107, 'up_bound': 106, 'low_bound': 106, 'range_id': 1001402, 'range_label': 'Position 106'}, {'no': 108, 'up_bound': 107, 'low_bound': 107, 'range_id': 1001403, 'range_label': 'Position 107'}, {'no': 109, 'up_bound': 108, 'low_bound': 108, 'range_id': 1001404, 'range_label': 'Position 108'}, {'no': 110, 'up_bound': 109, 'low_bound': 109, 'range_id': 1001405, 'range_label': 'Position 109'}, {'no': 111, 'up_bound': 110, 'low_bound': 110, 'range_id': 1001407, 'range_label': 'Position 110'}, {'no': 112, 'up_bound': 111, 'low_bound': 111, 'range_id': 1001408, 'range_label': 'Position 111'}, {'no': 113, 'up_bound': 112, 'low_bound': 112, 'range_id': 1001409, 'range_label': 'Position 112'}, {'no': 114, 'up_bound': 113, 'low_bound': 113, 'range_id': 1001410, 'range_label': 'Position 113'}, {'no': 115, 'up_bound': 114, 'low_bound': 114, 'range_id': 1001411, 'range_label': 'Position 114'}, {'no': 116, 'up_bound': 115, 'low_bound': 115, 'range_id': 1001412, 'range_label': 'Position 115'}, {'no': 117, 'up_bound': 116, 'low_bound': 116, 'range_id': 1001413, 'range_label': 'Position 116'}, {'no': 118, 'up_bound': 117, 'low_bound': 117, 'range_id': 1001414, 'range_label': 'Position 117'}, {'no': 119, 'up_bound': 118, 'low_bound': 118, 'range_id': 1001415, 'range_label': 'Position 118'}, {'no': 120, 'up_bound': 119, 'low_bound': 119, 'range_id': 1001416, 'range_label': 'Position 119'}, {'no': 121, 'up_bound': 120, 'low_bound': 120, 'range_id': 1001418, 'range_label': 'Position 120'}, {'no': 122, 'up_bound': 121, 'low_bound': 121, 'range_id': 1001419, 'range_label': 'Position 121'}, {'no': 123, 'up_bound': 122, 'low_bound': 122, 'range_id': 1001420, 'range_label': 'Position 122'}, {'no': 124, 'up_bound': 123, 'low_bound': 123, 'range_id': 1001421, 'range_label': 'Position 123'}, {'no': 125, 'up_bound': 124, 'low_bound': 124, 'range_id': 1001422, 'range_label': 'Position 124'}, {'no': 126, 'up_bound': 125, 'low_bound': 125, 'range_id': 1001423, 'range_label': 'Position 125'}, {'no': 127, 'up_bound': 126, 'low_bound': 126, 'range_id': 1001424, 'range_label': 'Position 126'}, {'no': 128, 'up_bound': 127, 'low_bound': 127, 'range_id': 1001425, 'range_label': 'Position 127'}, {'no': 129, 'up_bound': 128, 'low_bound': 128, 'range_id': 1001426, 'range_label': 'Position 128'}, {'no': 130, 'up_bound': 129, 'low_bound': 129, 'range_id': 1001427, 'range_label': 'Position 129'}, {'no': 131, 'up_bound': 130, 'low_bound': 130, 'range_id': 1001429, 'range_label': 'Position 130'}, {'no': 132, 'up_bound': 131, 'low_bound': 131, 'range_id': 1001430, 'range_label': 'Position 131'}, {'no': 133, 'up_bound': 132, 'low_bound': 132, 'range_id': 1001431, 'range_label': 'Position 132'}, {'no': 134, 'up_bound': 133, 'low_bound': 133, 'range_id': 1001432, 'range_label': 'Position 133'}, {'no': 135, 'up_bound': 134, 'low_bound': 134, 'range_id': 1001433, 'range_label': 'Position 134'}, {'no': 136, 'up_bound': 135, 'low_bound': 135, 'range_id': 1001434, 'range_label': 'Position 135'}, {'no': 137, 'up_bound': 136, 'low_bound': 136, 'range_id': 1001435, 'range_label': 'Position 136'}, {'no': 138, 'up_bound': 137, 'low_bound': 137, 'range_id': 1001436, 'range_label': 'Position 137'}, {'no': 139, 'up_bound': 138, 'low_bound': 138, 'range_id': 1001437, 'range_label': 'Position 138'}, {'no': 140, 'up_bound': 139, 'low_bound': 139, 'range_id': 1001438, 'range_label': 'Position 139'}, {'no': 141, 'up_bound': 140, 'low_bound': 140, 'range_id': 1001440, 'range_label': 'Position 140'}, {'no': 142, 'up_bound': 141, 'low_bound': 141, 'range_id': 1001441, 'range_label': 'Position 141'}, {'no': 143, 'up_bound': 142, 'low_bound': 142, 'range_id': 1001442, 'range_label': 'Position 142'}, {'no': 144, 'up_bound': 143, 'low_bound': 143, 'range_id': 1001443, 'range_label': 'Position 143'}, {'no': 145, 'up_bound': 144, 'low_bound': 144, 'range_id': 1001444, 'range_label': 'Position 144'}, {'no': 146, 'up_bound': 145, 'low_bound': 145, 'range_id': 1001445, 'range_label': 'Position 145'}, {'no': 147, 'up_bound': 146, 'low_bound': 146, 'range_id': 1001446, 'range_label': 'Position 146'}, {'no': 148, 'up_bound': 147, 'low_bound': 147, 'range_id': 1001447, 'range_label': 'Position 147'}, {'no': 149, 'up_bound': 148, 'low_bound': 148, 'range_id': 1001448, 'range_label': 'Position 148'}, {'no': 150, 'up_bound': 149, 'low_bound': 149, 'range_id': 1001449, 'range_label': 'Position 149'}, {'no': 151, 'up_bound': 150, 'low_bound': 150, 'range_id': 1001451, 'range_label': 'Position 150'}, {'no': 152, 'up_bound': 151, 'low_bound': 151, 'range_id': 1001452, 'range_label': 'Position 151'}, {'no': 153, 'up_bound': 152, 'low_bound': 152, 'range_id': 1001453, 'range_label': 'Position 152'}, {'no': 154, 'up_bound': 153, 'low_bound': 153, 'range_id': 1001454, 'range_label': 'Position 153'}, {'no': 155, 'up_bound': 154, 'low_bound': 154, 'range_id': 1001455, 'range_label': 'Position 154'}, {'no': 156, 'up_bound': 155, 'low_bound': 155, 'range_id': 1001456, 'range_label': 'Position 155'}, {'no': 157, 'up_bound': 156, 'low_bound': 156, 'range_id': 1001457, 'range_label': 'Position 156'}, {'no': 158, 'up_bound': 157, 'low_bound': 157, 'range_id': 1001458, 'range_label': 'Position 157'}, {'no': 159, 'up_bound': 158, 'low_bound': 158, 'range_id': 1001459, 'range_label': 'Position 158'}, {'no': 160, 'up_bound': 159, 'low_bound': 159, 'range_id': 1001460, 'range_label': 'Position 159'}, {'no': 161, 'up_bound': 160, 'low_bound': 160, 'range_id': 1001462, 'range_label': 'Position 160'}, {'no': 162, 'up_bound': 161, 'low_bound': 161, 'range_id': 1001463, 'range_label': 'Position 161'}, {'no': 163, 'up_bound': 162, 'low_bound': 162, 'range_id': 1001464, 'range_label': 'Position 162'}, {'no': 164, 'up_bound': 163, 'low_bound': 163, 'range_id': 1001465, 'range_label': 'Position 163'}, {'no': 165, 'up_bound': 164, 'low_bound': 164, 'range_id': 1001466, 'range_label': 'Position 164'}, {'no': 166, 'up_bound': 165, 'low_bound': 165, 'range_id': 1001467, 'range_label': 'Position 165'}, {'no': 167, 'up_bound': 166, 'low_bound': 166, 'range_id': 1001468, 'range_label': 'Position 166'}, {'no': 168, 'up_bound': 167, 'low_bound': 167, 'range_id': 1001469, 'range_label': 'Position 167'}, {'no': 169, 'up_bound': 168, 'low_bound': 168, 'range_id': 1001470, 'range_label': 'Position 168'}, {'no': 170, 'up_bound': 169, 'low_bound': 169, 'range_id': 1001471, 'range_label': 'Position 169'}, {'no': 171, 'up_bound': 170, 'low_bound': 170, 'range_id': 1001473, 'range_label': 'Position 170'}, {'no': 172, 'up_bound': 171, 'low_bound': 171, 'range_id': 1001474, 'range_label': 'Position 171'}, {'no': 173, 'up_bound': 172, 'low_bound': 172, 'range_id': 1001475, 'range_label': 'Position 172'}, {'no': 174, 'up_bound': 173, 'low_bound': 173, 'range_id': 1001476, 'range_label': 'Position 173'}, {'no': 175, 'up_bound': 174, 'low_bound': 174, 'range_id': 1001477, 'range_label': 'Position 174'}, {'no': 176, 'up_bound': 175, 'low_bound': 175, 'range_id': 1001478, 'range_label': 'Position 175'}, {'no': 177, 'up_bound': 176, 'low_bound': 176, 'range_id': 1001479, 'range_label': 'Position 176'}, {'no': 178, 'up_bound': 177, 'low_bound': 177, 'range_id': 1001480, 'range_label': 'Position 177'}, {'no': 179, 'up_bound': 178, 'low_bound': 178, 'range_id': 1001481, 'range_label': 'Position 178'}, {'no': 180, 'up_bound': 179, 'low_bound': 179, 'range_id': 1001482, 'range_label': 'Position 179'}, {'no': 181, 'up_bound': 180, 'low_bound': 180, 'range_id': 1001484, 'range_label': 'Position 180'}, {'no': 182, 'up_bound': 181, 'low_bound': 181, 'range_id': 1001485, 'range_label': 'Position 181'}, {'no': 183, 'up_bound': 182, 'low_bound': 182, 'range_id': 1001486, 'range_label': 'Position 182'}, {'no': 184, 'up_bound': 183, 'low_bound': 183, 'range_id': 1001487, 'range_label': 'Position 183'}, {'no': 185, 'up_bound': 184, 'low_bound': 184, 'range_id': 1001488, 'range_label': 'Position 184'}, {'no': 186, 'up_bound': 185, 'low_bound': 185, 'range_id': 1001489, 'range_label': 'Position 185'}, {'no': 187, 'up_bound': 186, 'low_bound': 186, 'range_id': 1001490, 'range_label': 'Position 186'}, {'no': 188, 'up_bound': 187, 'low_bound': 187, 'range_id': 1001491, 'range_label': 'Position 187'}, {'no': 189, 'up_bound': 188, 'low_bound': 188, 'range_id': 1001492, 'range_label': 'Position 188'}, {'no': 190, 'up_bound': 189, 'low_bound': 189, 'range_id': 1001493, 'range_label': 'Position 189'}, {'no': 191, 'up_bound': 190, 'low_bound': 190, 'range_id': 1001495, 'range_label': 'Position 190'}, {'no': 192, 'up_bound': 191, 'low_bound': 191, 'range_id': 1001496, 'range_label': 'Position 191'}, {'no': 193, 'up_bound': 192, 'low_bound': 192, 'range_id': 1001497, 'range_label': 'Position 192'}, {'no': 194, 'up_bound': 193, 'low_bound': 193, 'range_id': 1001498, 'range_label': 'Position 193'}, {'no': 195, 'up_bound': 194, 'low_bound': 194, 'range_id': 1001499, 'range_label': 'Position 194'}, {'no': 196, 'up_bound': 195, 'low_bound': 195, 'range_id': 1001500, 'range_label': 'Position 195'}, {'no': 197, 'up_bound': 196, 'low_bound': 196, 'range_id': 1001501, 'range_label': 'Position 196'}, {'no': 198, 'up_bound': 197, 'low_bound': 197, 'range_id': 1001502, 'range_label': 'Position 197'}, {'no': 199, 'up_bound': 198, 'low_bound': 198, 'range_id': 1001503, 'range_label': 'Position 198'}, {'no': 200, 'up_bound': 199, 'low_bound': 199, 'range_id': 1001504, 'range_label': 'Position 199'}, {'no': 201, 'up_bound': 200, 'low_bound': 200, 'range_id': 1001507, 'range_label': 'Position 200'}, {'no': 202, 'up_bound': 201, 'low_bound': 201, 'range_id': 1001508, 'range_label': 'Position 201'}, {'no': 203, 'up_bound': 202, 'low_bound': 202, 'range_id': 1001509, 'range_label': 'Position 202'}, {'no': 204, 'up_bound': 203, 'low_bound': 203, 'range_id': 1001510, 'range_label': 'Position 203'}, {'no': 205, 'up_bound': 204, 'low_bound': 204, 'range_id': 1001511, 'range_label': 'Position 204'}, {'no': 206, 'up_bound': 205, 'low_bound': 205, 'range_id': 1001512, 'range_label': 'Position 205'}, {'no': 207, 'up_bound': 206, 'low_bound': 206, 'range_id': 1001513, 'range_label': 'Position 206'}, {'no': 208, 'up_bound': 207, 'low_bound': 207, 'range_id': 1001514, 'range_label': 'Position 207'}, {'no': 209, 'up_bound': 208, 'low_bound': 208, 'range_id': 1001515, 'range_label': 'Position 208'}, {'no': 210, 'up_bound': 209, 'low_bound': 209, 'range_id': 1001516, 'range_label': 'Position 209'}, {'no': 211, 'up_bound': 210, 'low_bound': 210, 'range_id': 1001518, 'range_label': 'Position 210'}, {'no': 212, 'up_bound': 211, 'low_bound': 211, 'range_id': 1001519, 'range_label': 'Position 211'}, {'no': 213, 'up_bound': 212, 'low_bound': 212, 'range_id': 1001520, 'range_label': 'Position 212'}, {'no': 214, 'up_bound': 213, 'low_bound': 213, 'range_id': 1001521, 'range_label': 'Position 213'}, {'no': 215, 'up_bound': 214, 'low_bound': 214, 'range_id': 1001522, 'range_label': 'Position 214'}, {'no': 216, 'up_bound': 215, 'low_bound': 215, 'range_id': 1001523, 'range_label': 'Position 215'}, {'no': 217, 'up_bound': 216, 'low_bound': 216, 'range_id': 1001524, 'range_label': 'Position 216'}, {'no': 218, 'up_bound': 217, 'low_bound': 217, 'range_id': 1001525, 'range_label': 'Position 217'}, {'no': 219, 'up_bound': 218, 'low_bound': 218, 'range_id': 1001526, 'range_label': 'Position 218'}, {'no': 220, 'up_bound': 219, 'low_bound': 219, 'range_id': 1001527, 'range_label': 'Position 219'}, {'no': 221, 'up_bound': 220, 'low_bound': 220, 'range_id': 1001529, 'range_label': 'Position 220'}, {'no': 222, 'up_bound': 221, 'low_bound': 221, 'range_id': 1001530, 'range_label': 'Position 221'}, {'no': 223, 'up_bound': 222, 'low_bound': 222, 'range_id': 1001531, 'range_label': 'Position 222'}, {'no': 224, 'up_bound': 223, 'low_bound': 223, 'range_id': 1001532, 'range_label': 'Position 223'}, {'no': 225, 'up_bound': 224, 'low_bound': 224, 'range_id': 1001533, 'range_label': 'Position 224'}, {'no': 226, 'up_bound': 225, 'low_bound': 225, 'range_id': 1001534, 'range_label': 'Position 225'}, {'no': 227, 'up_bound': 226, 'low_bound': 226, 'range_id': 1001535, 'range_label': 'Position 226'}, {'no': 228, 'up_bound': 227, 'low_bound': 227, 'range_id': 1001536, 'range_label': 'Position 227'}, {'no': 229, 'up_bound': 228, 'low_bound': 228, 'range_id': 1001537, 'range_label': 'Position 228'}, {'no': 230, 'up_bound': 229, 'low_bound': 229, 'range_id': 1001538, 'range_label': 'Position 229'}, {'no': 231, 'up_bound': 230, 'low_bound': 230, 'range_id': 1001540, 'range_label': 'Position 230'}, {'no': 232, 'up_bound': 231, 'low_bound': 231, 'range_id': 1001541, 'range_label': 'Position 231'}, {'no': 233, 'up_bound': 232, 'low_bound': 232, 'range_id': 1001542, 'range_label': 'Position 232'}, {'no': 234, 'up_bound': 233, 'low_bound': 233, 'range_id': 1001543, 'range_label': 'Position 233'}, {'no': 235, 'up_bound': 234, 'low_bound': 234, 'range_id': 1001544, 'range_label': 'Position 234'}, {'no': 236, 'up_bound': 235, 'low_bound': 235, 'range_id': 1001545, 'range_label': 'Position 235'}, {'no': 237, 'up_bound': 236, 'low_bound': 236, 'range_id': 1001546, 'range_label': 'Position 236'}, {'no': 238, 'up_bound': 237, 'low_bound': 237, 'range_id': 1001547, 'range_label': 'Position 237'}, {'no': 239, 'up_bound': 238, 'low_bound': 238, 'range_id': 1001548, 'range_label': 'Position 238'}, {'no': 240, 'up_bound': 239, 'low_bound': 239, 'range_id': 1001549, 'range_label': 'Position 239'}, {'no': 241, 'up_bound': 240, 'low_bound': 240, 'range_id': 1001551, 'range_label': 'Position 240'}, {'no': 242, 'up_bound': 241, 'low_bound': 241, 'range_id': 1001552, 'range_label': 'Position 241'}, {'no': 243, 'up_bound': 242, 'low_bound': 242, 'range_id': 1001553, 'range_label': 'Position 242'}, {'no': 244, 'up_bound': 243, 'low_bound': 243, 'range_id': 1001554, 'range_label': 'Position 243'}, {'no': 245, 'up_bound': 244, 'low_bound': 244, 'range_id': 1001555, 'range_label': 'Position 244'}, {'no': 246, 'up_bound': 245, 'low_bound': 245, 'range_id': 1001556, 'range_label': 'Position 245'}, {'no': 247, 'up_bound': 246, 'low_bound': 246, 'range_id': 1001557, 'range_label': 'Position 246'}, {'no': 248, 'up_bound': 247, 'low_bound': 247, 'range_id': 1001558, 'range_label': 'Position 247'}, {'no': 249, 'up_bound': 248, 'low_bound': 248, 'range_id': 1001559, 'range_label': 'Position 248'}, {'no': 250, 'up_bound': 249, 'low_bound': 249, 'range_id': 1001560, 'range_label': 'Position 249'}, {'no': 251, 'up_bound': 250, 'low_bound': 250, 'range_id': 1001562, 'range_label': 'Position 250'}, {'no': 252, 'up_bound': 251, 'low_bound': 251, 'range_id': 1001563, 'range_label': 'Position 251'}, {'no': 253, 'up_bound': 252, 'low_bound': 252, 'range_id': 1001564, 'range_label': 'Position 252'}, {'no': 254, 'up_bound': 253, 'low_bound': 253, 'range_id': 1001565, 'range_label': 'Position 253'}, {'no': 255, 'up_bound': 254, 'low_bound': 254, 'range_id': 1001566, 'range_label': 'Position 254'}, {'no': 256, 'up_bound': 255, 'low_bound': 255, 'range_id': 1001567, 'range_label': 'Position 255'}]"
Data List,All data,Engine/TM setting,104,66,105,195,1,0x3DA541,0x22,0x503,,1,3,1,2,4,4,-1,1,0,0,16000178,Mode 1,0,0,0,"[{'no': 1, 'up_bound': 0, 'low_bound': 0, 'range_id': 16000178, 'range_label': 'Mode 1'}, {'no': 2, 'up_bound': 1, 'low_bound': 1, 'range_id': 16000177, 'range_label': 'Mode 2'}, {'no': 3, 'up_bound': 2, 'low_bound': 2, 'range_id': 13000209, 'range_label': 'Mode 3'}, {'no': 4, 'up_bound': 3, 'low_bound': 3, 'range_id': 13000210, 'range_label': 'Mode 4'}, {'no': 5, 'up_bound': 4, 'low_bound': 4, 'range_id': 1000897, 'range_label': 'Mode 5'}, {'no': 6, 'up_bound': 5, 'low_bound': 5, 'range_id': 1001671, 'range_label': 'Mode 6'}, {'no': 7, 'up_bound': 6, 'low_bound': 6, 'range_id': 1001672, 'range_label': 'Mode 7'}, {'no': 8, 'up_bound': 7, 'low_bound': 7, 'range_id': 1001673, 'range_label': 'Mode 8'}, {'no': 9, 'up_bound': 8, 'low_bound': 8, 'range_id': 1001674, 'range_label': 'Mode 9'}, {'no': 10, 'up_bound': 9, 'low_bound': 9, 'range_id': 1001650, 'range_label': 'Mode 10'}, {'no': 11, 'up_bound': 10, 'low_bound': 10, 'range_id': 1001651, 'range_label': 'Mode 11'}, {'no': 12, 'up_bound': 11, 'low_bound': 11, 'range_id': 1001652, 'range_label': 'Mode 12'}, {'no': 13, 'up_bound': 12, 'low_bound': 12, 'range_id': 1001653, 'range_label': 'Mode 13'}, {'no': 14, 'up_bound': 13, 'low_bound': 13, 'range_id': 1001654, 'range_label': 'Mode 14'}, {'no': 15, 'up_bound': 15, 'low_bound': 14, 'range_id': 9100218, 'range_label': 'Not used'}]"
Data List,All data,STRG SETTING,105,137,106,195,1,0x3DA541,0x22,0x503,,1,3,1,2,0,4,-1,1,0,0,16000178,Mode 1,0,0,0,"[{'no': 1, 'up_bound': 0, 'low_bound': 0, 'range_id': 16000178, 'range_label': 'Mode 1'}, {'no': 2, 'up_bound': 1, 'low_bound': 1, 'range_id': 16000177, 'range_label': 'Mode 2'}, {'no': 3, 'up_bound': 2, 'low_bound': 2, 'range_id': 13000209, 'range_label': 'Mode 3'}, {'no': 4, 'up_bound': 3, 'low_bound': 3, 'range_id': 13000210, 'range_label': 'Mode 4'}, {'no': 5, 'up_bound': 4, 'low_bound': 4, 'range_id': 1000897, 'range_label': 'Mode 5'}, {'no': 6, 'up_bound': 5, 'low_bound': 5, 'range_id': 1001671, 'range_label': 'Mode 6'}, {'no': 7, 'up_bound': 6, 'low_bound': 6, 'range_id': 1001672, 'range_label': 'Mode 7'}, {'no': 8, 'up_bound': 7, 'low_bound': 7, 'range_id': 1001673, 'range_label': 'Mode 8'}, {'no': 9, 'up_bound': 8, 'low_bound': 8, 'range_id': 1001674, 'range_label': 'Mode 9'}, {'no': 10, 'up_bound': 9, 'low_bound': 9, 'range_id': 1001650, 'range_label': 'Mode 10'}, {'no': 11, 'up_bound': 10, 'low_bound': 10, 'range_id': 1001651, 'range_label': 'Mode 11'}, {'no': 12, 'up_bound': 11, 'low_bound': 11, 'range_id': 1001652, 'range_label': 'Mode 12'}, {'no': 13, 'up_bound': 12, 'low_bound': 12, 'range_id': 1001653, 'range_label': 'Mode 13'}, {'no': 14, 'up_bound': 13, 'low_bound': 13, 'range_id': 1001654, 'range_label': 'Mode 14'}, {'no': 15, 'up_bound': 15, 'low_bound': 14, 'range_id': 9100218, 'range_label': 'Not used'}]"
Data List,All data,4WD setting,106,3,107,196,1,0x3DA541,0x22,0x504,,1,3,1,2,5,3,-1,1,0,0,16000178,Mode 1,0,0,0,"[{'no': 1, 'up_bound': 0, 'low_bound': 0, 'range_id': 16000178, 'range_label': 'Mode 1'}, {'no': 2, 'up_bound': 1, 'low_bound': 1, 'range_id': 16000177, 'range_label': 'Mode 2'}, {'no': 3, 'up_bound': 2, 'low_bound': 2, 'range_id': 13000209, 'range_label': 'Mode 3'}, {'no': 4, 'up_bound': 3, 'low_bound': 3, 'range_id': 13000210, 'range_label': 'Mode 4'}, {'no': 5, 'up_bound': 4, 'low_bound': 4, 'range_id': 1000897, 'range_label': 'Mode 5'}, {'no': 6, 'up_bound': 5, 'low_bound': 5, 'range_id': 1001671, 'range_label': 'Mode 6'}, {'no': 7, 'up_bound': 7, 'low_bound': 6, 'range_id': 9100218, 'range_label': 'Not used'}]"
Data List,All data,ATC SETTING,107,36,108,197,1,0x3DA541,0x22,0x505,,1,3,1,2,7,1,-1,1,0,0,1000004,ON,0,0,0,"[{'no': 1, 'up_bound': 0, 'low_bound': 0, 'range_id': 1000004, 'range_label': 'ON'}, {'no': 2, 'up_bound': 1, 'low_bound': 1, 'range_id': 1000003, 'range_label': 'OFF'}]"
Data List,All data,ACC setting,108,15,109,197,1,0x3DA541,0x22,0x505,,1,3,1,2,6,1,-1,1,0,0,1000004,ON,0,0,0,"[{'no': 1, 'up_bound': 0, 'low_bound': 0, 'range_id': 1000004, 'range_label': 'ON'}, {'no': 2, 'up_bound': 1, 'low_bound': 1, 'range_id': 1000003, 'range_label': 'OFF'}]"
Data List,All data,Keyless operation key LINK,109,105,110,198,1,0x3DA541,0x22,0x506,,1,3,1,2,7,1,-1,1,0,0,1000003,OFF,0,0,0,"[{'no': 1, 'up_bound': 0, 'low_bound': 0, 'range_id': 1000003, 'range_label': 'OFF'}, {'no': 2, 'up_bound': 1, 'low_bound': 1, 'range_id': 1000004, 'range_label': 'ON'}]"
Data List,All data,LOG-IN PERMIS,110,107,111,198,1,0x3DA541,0x22,0x506,,1,3,1,2,6,1,-1,1,0,0,8000547,Not permission,0,0,0,"[{'no': 1, 'up_bound': 0, 'low_bound': 0, 'range_id': 8000547, 'range_label': 'Not permission'}, {'no': 2, 'up_bound': 1, 'low_bound': 1, 'range_id': 9100133, 'range_label': 'Permission'}]"
Data List,All data,Drive mode select switch (UP),111,58,112,198,1,0x3DA541,0x22,0x506,,1,3,1,2,5,1,-1,1,0,0,1001702,Not operation,0,0,0,"[{'no': 1, 'up_bound': 0, 'low_bound': 0, 'range_id': 1001702, 'range_label': 'Not operation'}, {'no': 2, 'up_bound': 1, 'low_bound': 1, 'range_id': 1001692, 'range_label': 'Operation'}]"
Data List,All data,Drive mode select switch (DOWN),112,57,113,198,1,0x3DA541,0x22,0x506,,1,3,1,2,4,1,-1,1,0,0,1001702,Not operation,0,0,0,"[{'no': 1, 'up_bound': 0, 'low_bound': 0, 'range_id': 1001702, 'range_label': 'Not operation'}, {'no': 2, 'up_bound': 1, 'low_bound': 1, 'range_id': 1001692, 'range_label': 'Operation'}]"
Data List,All data,Driver Request Torque,113,61,114,199,1,0x3DA541,0x22,0x600,Nm,0,3,2,2,-1,-1,-1,1,0,0,0,,2,0,0,"[{'no': 1, 'up_bound': 0, 'low_bound': 0, 'range_id': 0, 'range_label': None}]"
Data List,All data,Slope Torque Estimation,114,129,115,200,1,0x3DA541,0x22,0x601,Nm,0,3,2,2,-1,-1,-1,1,0,0,0,,0.5,0,1,"[{'no': 1, 'up_bound': 0, 'low_bound': 0, 'range_id': 0, 'range_label': None}]"
Data List,All data,Front Motor Rotating Speed,115,94,116,201,1,0x3DA541,0x22,0x602,r/min,0,3,2,2,-1,-1,-1,1,0,0,0,,10,0,0,"[{'no': 1, 'up_bound': 0, 'low_bound': 0, 'range_id': 0, 'range_label': None}]"
Data List,All data,Rear Motor Rotating Speed,116,120,117,202,1,0x3DA541,0x22,0x603,r/min,0,3,2,2,-1,-1,-1,1,0,0,0,,10,0,0,"[{'no': 1, 'up_bound': 0, 'low_bound': 0, 'range_id': 0, 'range_label': None}]"
Data List,All data,Front Brake Wheel Torque,117,93,118,203,1,0x3DA541,0x22,0x604,Nm,0,3,2,2,-1,-1,-1,1,0,0,0,,2,0,0,"[{'no': 1, 'up_bound': 0, 'low_bound': 0, 'range_id': 0, 'range_label': None}]"
Data List,All data,Rear Brake Wheel Torque,118,118,119,204,1,0x3DA541,0x22,0x605,Nm,0,3,2,2,-1,-1,-1,1,0,0,0,,2,0,0,"[{'no': 1, 'up_bound': 0, 'low_bound': 0, 'range_id': 0, 'range_label': None}]"
Data List,All data,Brake Wheel Torque Estimation,119,44,120,205,1,0x3DA541,0x22,0x606,Nm,0,3,2,2,-1,-1,-1,1,0,0,0,,1,0,0,"[{'no': 1, 'up_bound': 0, 'low_bound': 0, 'range_id': 0, 'range_label': None}]"
Data List,All data,Target Braking Force,120,138,121,206,1,0x3DA541,0x22,0x607,N,0,3,2,2,-1,-1,-1,1,0,0,0,,10,0,0,"[{'no': 1, 'up_bound': 0, 'low_bound': 0, 'range_id': 0, 'range_label': None}]"
Data List,All data,Torque Control Type from ASC,121,142,122,207,1,0x3DA541,0x22,0x608,,1,3,1,2,5,3,-1,1,0,0,8002193,No torque request,0,0,0,"[{'no': 1, 'up_bound': 0, 'low_bound': 0, 'range_id': 8002193, 'range_label': 'No torque request'}, {'no': 2, 'up_bound': 4, 'low_bound': 1, 'range_id': 9100218, 'range_label': 'Not used'}, {'no': 3, 'up_bound': 5, 'low_bound': 5, 'range_id': 8002194, 'range_label': 'ASR torque request'}, {'no': 4, 'up_bound': 6, 'low_bound': 6, 'range_id': 8002195, 'range_label': 'MSR torque request'}, {'no': 5, 'up_bound': 7, 'low_bound': 7, 'range_id': 9100218, 'range_label': 'Not used'}]"
Data List,All data,Chassis Dynamometer Mode Status,122,49,123,207,1,0x3DA541,0x22,0x608,,1,3,1,2,3,2,-1,1,0,0,8002196,No regulation (default),0,0,0,"[{'no': 1, 'up_bound': 0, 'low_bound': 0, 'range_id': 8002196, 'range_label': 'No regulation (default)'}, {'no': 2, 'up_bound': 1, 'low_bound': 1, 'range_id': 8002197, 'range_label': 'In regulation'}, {'no': 3, 'up_bound': 2, 'low_bound': 2, 'range_id': 8002198, 'range_label': 'Prohibited temporary'}, {'no': 4, 'up_bound': 3, 'low_bound': 3, 'range_id': 8002199, 'range_label': 'Prohibited'}]"
Data List,All data,Stoplight Request,123,135,124,207,1,0x3DA541,0x22,0x608,,1,3,1,2,2,1,-1,1,0,0,7000789,No request,0,0,0,"[{'no': 1, 'up_bound': 0, 'low_bound': 0, 'range_id': 7000789, 'range_label': 'No request'}, {'no': 2, 'up_bound': 1, 'low_bound': 1, 'range_id': 8001631, 'range_label': 'Stoplight ON request'}]"
Data List,All data,ADA2 Warning Request,124,28,125,207,1,0x3DA541,0x22,0x608,,1,3,1,2,1,1,-1,1,0,0,7000791,No Warning,0,0,0,"[{'no': 1, 'up_bound': 0, 'low_bound': 0, 'range_id': 7000791, 'range_label': 'No Warning'}, {'no': 2, 'up_bound': 1, 'low_bound': 1, 'range_id': 33000064, 'range_label': 'Warning'}]"
Data List,All data,ADA2 Dec Limit Torque Request,125,22,126,207,1,0x3DA541,0x22,0x608,,1,3,1,2,0,1,-1,1,0,0,8001551,No request,0,0,0,"[{'no': 1, 'up_bound': 0, 'low_bound': 0, 'range_id': 8001551, 'range_label': 'No request'}, {'no': 2, 'up_bound': 1, 'low_bound': 1, 'range_id': 1001710, 'range_label': 'Request'}]"
Data List,All data,Gear Lever Position,126,95,127,208,1,0x3DA541,0x22,0x609,,1,3,1,2,4,4,-1,1,0,0,8002200,Parking - P,0,0,0,"[{'no': 1, 'up_bound': 0, 'low_bound': 0, 'range_id': 8002200, 'range_label': 'Parking - P'}, {'no': 2, 'up_bound': 1, 'low_bound': 1, 'range_id': 8002201, 'range_label': 'Reverse - R'}, {'no': 3, 'up_bound': 2, 'low_bound': 2, 'range_id': 8002202, 'range_label': 'Neutral - N'}, {'no': 4, 'up_bound': 3, 'low_bound': 3, 'range_id': 8002203, 'range_label': 'Drive - D'}, {'no': 5, 'up_bound': 4, 'low_bound': 4, 'range_id': 8002204, 'range_label': 'Manual mode - M'}, {'no': 6, 'up_bound': 5, 'low_bound': 5, 'range_id': 3000008, 'range_label': 'L'}, {'no': 7, 'up_bound': 6, 'low_bound': 6, 'range_id': 3000130, 'range_label': 'Ds'}, {'no': 8, 'up_bound': 7, 'low_bound': 7, 'range_id': 8002205, 'range_label': 'Confirmed lever position'}, {'no': 9, 'up_bound': 8, 'low_bound': 8, 'range_id': 8002206, 'range_label': 'Brake - B'}, {'no': 10, 'up_bound': 14, 'low_bound': 9, 'range_id': 9100218, 'range_label': 'Not used'}, {'no': 11, 'up_bound': 15, 'low_bound': 15, 'range_id': 7000942, 'range_label': 'Not available'}]"
Data List,All data,Hold Torque Output Request,127,100,128,208,1,0x3DA541,0x22,0x609,,1,3,1,2,3,1,-1,1,0,0,7000792,No output,0,0,0,"[{'no': 1, 'up_bound': 0, 'low_bound': 0, 'range_id': 7000792, 'range_label': 'No output'}, {'no': 2, 'up_bound': 1, 'low_bound': 1, 'range_id': 7000793, 'range_label': 'Output'}]"
Data List,All data,ADA2 function Terminate,128,23,129,208,1,0x3DA541,0x22,0x609,,1,3,1,2,2,1,-1,1,0,0,9100094,Normal,0,0,0,"[{'no': 1, 'up_bound': 0, 'low_bound': 0, 'range_id': 9100094, 'range_label': 'Normal'}, {'no': 2, 'up_bound': 1, 'low_bound': 1, 'range_id': 7000794, 'range_label': 'ADA2 Terminate'}]"
Data List,All data,ADA2 Hold suspend to SSA,129,24,130,208,1,0x3DA541,0x22,0x609,,1,3,1,2,1,1,-1,1,0,0,9100094,Normal,0,0,0,"[{'no': 1, 'up_bound': 0, 'low_bound': 0, 'range_id': 9100094, 'range_label': 'Normal'}, {'no': 2, 'up_bound': 1, 'low_bound': 1, 'range_id': 7000795, 'range_label': 'ADA2 Hold Suspend'}]"
Data List,All data,Hold Torque executive to SSA,130,99,131,208,1,0x3DA541,0x22,0x609,,1,3,1,2,0,1,-1,1,0,0,7000796,No hold torque,0,0,0,"[{'no': 1, 'up_bound': 0, 'low_bound': 0, 'range_id': 7000796, 'range_label': 'No hold torque'}, {'no': 2, 'up_bound': 1, 'low_bound': 1, 'range_id': 7000797, 'range_label': 'ADA2 Hold Torque executive'}]"
Data List,All data,ASA Request Brake Torque,131,31,132,209,1,0x3DA541,0x22,0x610,Nm,0,3,2,2,-1,-1,-1,1,0,0,0,,1,0,0,"[{'no': 1, 'up_bound': 0, 'low_bound': 0, 'range_id': 0, 'range_label': None}]"
Data List,All data,ADA2 PHEV-ECU Fail Flag,132,27,133,210,1,0x3DA541,0x22,0x611,,1,3,1,2,7,1,-1,1,0,0,8002171,No failure,0,0,0,"[{'no': 1, 'up_bound': 0, 'low_bound': 0, 'range_id': 8002171, 'range_label': 'No failure'}, {'no': 2, 'up_bound': 1, 'low_bound': 1, 'range_id': 8002207, 'range_label': 'Failure'}]"
Data List,All data,ADA2 ON/OFF SW Flag,133,26,134,210,1,0x3DA541,0x22,0x611,,1,3,1,2,6,1,-1,1,0,0,1000003,OFF,0,0,0,"[{'no': 1, 'up_bound': 0, 'low_bound': 0, 'range_id': 1000003, 'range_label': 'OFF'}, {'no': 2, 'up_bound': 1, 'low_bound': 1, 'range_id': 1000004, 'range_label': 'ON'}]"
Data List,All data,EPB Dynamic Braking status,134,68,135,210,1,0x3DA541,0x22,0x611,,1,3,1,2,5,1,-1,1,0,0,8002208,EPB dynamic braking in progress,0,0,0,"[{'no': 1, 'up_bound': 0, 'low_bound': 0, 'range_id': 8002208, 'range_label': 'EPB dynamic braking in progress'}, {'no': 2, 'up_bound': 1, 'low_bound': 1, 'range_id': 8002209, 'range_label': 'EPB dynamic braking not progress'}]"
Data List,All data,ASR MSR Acknowledgement,135,35,136,210,1,0x3DA541,0x22,0x611,,1,3,1,2,4,1,-1,1,0,0,8002215,Not consistent,0,0,0,"[{'no': 1, 'up_bound': 0, 'low_bound': 0, 'range_id': 8002215, 'range_label': 'Not consistent'}, {'no': 2, 'up_bound': 1, 'low_bound': 1, 'range_id': 8002216, 'range_label': 'Consistent'}]"
Data List,All data,ADA2 IDM Fail Flag,136,25,137,210,1,0x3DA541,0x22,0x611,,1,3,1,2,3,1,-1,1,0,0,8002171,No failure,0,0,0,"[{'no': 1, 'up_bound': 0, 'low_bound': 0, 'range_id': 8002171, 'range_label': 'No failure'}, {'no': 2, 'up_bound': 1, 'low_bound': 1, 'range_id': 8002207, 'range_label': 'Failure'}]"
Data List,All data,Slope Estimation Permission Flag,137,128,138,210,1,0x3DA541,0x22,0x611,,1,3,1,2,2,1,-1,1,0,0,8002210,Not authorised,0,0,0,"[{'no': 1, 'up_bound': 0, 'low_bound': 0, 'range_id': 8002210, 'range_label': 'Not authorised'}, {'no': 2, 'up_bound': 1, 'low_bound': 1, 'range_id': 8002211, 'range_label': 'Authorized'}]"
Data List,All data,Smooth Stop Permission Flag,138,130,139,210,1,0x3DA541,0x22,0x611,,1,3,1,2,1,1,-1,1,0,0,8002212,Forbidden,0,0,0,"[{'no': 1, 'up_bound': 0, 'low_bound': 0, 'range_id': 8002212, 'range_label': 'Forbidden'}, {'no': 2, 'up_bound': 1, 'low_bound': 1, 'range_id': 8002211, 'range_label': 'Authorized'}]"
Data List,All data,Decel Limit Target Torque,139,54,140,211,1,0x3DA541,0x22,0x612,Nm,0,3,2,2,-1,-1,-1,1,0,0,0,,2.5,0,1,"[{'no': 1, 'up_bound': 0, 'low_bound': 0, 'range_id': 0, 'range_label': None}]"
Data List,All data,Auto Hold Request Torque,140,37,141,212,1,0x3DA541,0x22,0x613,Nm,0,3,1,2,-1,-1,-1,1,0,0,0,,15,0,0,"[{'no': 1, 'up_bound': 0, 'low_bound': 0, 'range_id': 0, 'range_label': None}]"
Data List,All data,Parking Status,141,114,142,213,1,0x3DA541,0x22,0x614,,1,3,1,2,6,2,-1,1,0,0,9100218,Not used,0,0,0,"[{'no': 1, 'up_bound': 0, 'low_bound': 0, 'range_id': 9100218, 'range_label': 'Not used'}, {'no': 2, 'up_bound': 1, 'low_bound': 1, 'range_id': 7000799, 'range_label': 'Park not engaged'}, {'no': 3, 'up_bound': 2, 'low_bound': 2, 'range_id': 7000800, 'range_label': 'Park engaged'}, {'no': 4, 'up_bound': 3, 'low_bound': 3, 'range_id': 37000045, 'range_label': 'Unavailable'}]"
Data List,All data,Parking Brake Malfunction,142,112,143,213,1,0x3DA541,0x22,0x614,,1,3,1,2,5,1,-1,1,0,0,7000801,No parking brake malfunction,0,0,0,"[{'no': 1, 'up_bound': 0, 'low_bound': 0, 'range_id': 7000801, 'range_label': 'No parking brake malfunction'}, {'no': 2, 'up_bound': 1, 'low_bound': 1, 'range_id': 7000802, 'range_label': 'Parking brake malfunction'}]"
Data List,All data,4WD switch information,143,4,401,408,1,0x3DA541,0x22,0x140,,1,3,1,2,5,3,-1,1,0,0,3000200,AUTO,0,0,0,"[{'no': 1, 'up_bound': 0, 'low_bound': 0, 'range_id': 3000200, 'range_label': 'AUTO'}, {'no': 2, 'up_bound': 1, 'low_bound': 1, 'range_id': 11000068, 'range_label': 'LOCK'}, {'no': 3, 'up_bound': 2, 'low_bound': 2, 'range_id': 9100076, 'range_label': '2WD'}, {'no': 4, 'up_bound': 3, 'low_bound': 3, 'range_id': 4000033, 'range_label': '4L'}, {'no': 5, 'up_bound': 6, 'low_bound': 4, 'range_id': 1000525, 'range_label': '-'}, {'no': 6, 'up_bound': 7, 'low_bound': 7, 'range_id': 37000045, 'range_label': 'Unavailable'}]"
Data List,All data,4WD mode status,144,2,402,409,1,0x3DA541,0x22,0x140,,1,3,1,2,3,2,-1,1,0,0,8002710,Automatic selection mode,0,0,0,"[{'no': 1, 'up_bound': 0, 'low_bound': 0, 'range_id': 8002710, 'range_label': 'Automatic selection mode'}, {'no': 2, 'up_bound': 1, 'low_bound': 1, 'range_id': 8002711, 'range_label': 'Fixed 4WD mode'}, {'no': 3, 'up_bound': 2, 'low_bound': 2, 'range_id': 8002712, 'range_label': 'Fixed 2WD mode'}, {'no': 4, 'up_bound': 3, 'low_bound': 3, 'range_id': 8002713, 'range_label': '4 Lo Mode'}]"
Data List,All data,4WD mode fail,145,1,403,410,1,0x3DA541,0x22,0x140,,1,3,1,2,2,1,-1,1,0,0,8002714,No malfunction,0,0,0,"[{'no': 1, 'up_bound': 0, 'low_bound': 0, 'range_id': 8002714, 'range_label': 'No malfunction'}, {'no': 2, 'up_bound': 1, 'low_bound': 1, 'range_id': 60000013, 'range_label': 'Malfunction'}]"
Data List,All data,AYC fail,146,38,404,411,1,0x3DA541,0x22,0x221,,1,3,1,2,1,1,-1,1,0,0,8002715,No AYC malfunction,0,0,0,"[{'no': 1, 'up_bound': 0, 'low_bound': 0, 'range_id': 8002715, 'range_label': 'No AYC malfunction'}, {'no': 2, 'up_bound': 1, 'low_bound': 1, 'range_id': 8002716, 'range_label': 'AYC malfunction'}]"
Data List,All data,Brake Torque Rate,147,43,405,412,1,0x3DA541,0x22,0x224,%,0,3,1,2,-1,-1,-1,1,0,0,0,,1,0,0,"[{'no': 1, 'up_bound': 0, 'low_bound': 0, 'range_id': 0, 'range_label': None}]"
Data List,All data,Drive Mode interrupt display,148,56,406,413,1,0x3DA541,0x22,0x507,,1,3,1,2,7,1,-1,1,0,0,1001705,No request,0,0,0,"[{'no': 1, 'up_bound': 0, 'low_bound': 0, 'range_id': 1001705, 'range_label': 'No request'}, {'no': 2, 'up_bound': 1, 'low_bound': 1, 'range_id': 1001710, 'range_label': 'Request'}]"
Data gathering,,Data(DA00),1,1,377,0,1,0x3DA541,0x22,0xDA00,,0,0,318,2,-1,-1,-1,,,,,,,,,[]
Data gathering,,Data(DA10),2,2,378,0,1,0x3DA541,0x22,0xDA10,,0,0,75,2,-1,-1,-1,,,,,,,,,[]
Data gathering,,Data(DA11),3,3,379,0,1,0x3DA541,0x22,0xDA11,,0,0,75,2,-1,-1,-1,,,,,,,,,[]
Data gathering,,Data(DA12),4,4,380,0,1,0x3DA541,0x22,0xDA12,,0,0,75,2,-1,-1,-1,,,,,,,,,[]
Data gathering,,Data(DA13),5,5,381,0,1,0x3DA541,0x22,0xDA13,,0,0,75,2,-1,-1,-1,,,,,,,,,[]
Data gathering,,Data(DA14),6,6,382,0,1,0x3DA541,0x22,0xDA14,,0,0,75,2,-1,-1,-1,,,,,,,,,[]
Data gathering,,Data(DA30),7,7,383,0,1,0x3DA541,0x22,0xDA30,,0,0,125,2,-1,-1,-1,,,,,,,,,[]
Data gathering,,Data(DA31),8,8,384,0,1,0x3DA541,0x22,0xDA31,,0,0,125,2,-1,-1,-1,,,,,,,,,[]
Data gathering,,Data(DA32),9,9,385,0,1,0x3DA541,0x22,0xDA32,,0,0,125,2,-1,-1,-1,,,,,,,,,[]
Data gathering,,Data(DA33),10,10,386,0,1,0x3DA541,0x22,0xDA33,,0,0,125,2,-1,-1,-1,,,,,,,,,[]
Data gathering,,Data(DA34),11,11,387,0,1,0x3DA541,0x22,0xDA34,,0,0,125,2,-1,-1,-1,,,,,,,,,[]
Data gathering,,Data(DA50),12,12,388,0,1,0x3DA541,0x22,0xDA50,,0,0,771,2,-1,-1,-1,,,,,,,,,[]
Data gathering,,Data(DA51),13,13,389,0,1,0x3DA541,0x22,0xDA51,,0,0,771,2,-1,-1,-1,,,,,,,,,[]
Data gathering,,Data(DA52),14,14,390,0,1,0x3DA541,0x22,0xDA52,,0,0,771,2,-1,-1,-1,,,,,,,,,[]
Data gathering,,Data(DA53),15,15,391,0,1,0x3DA541,0x22,0xDA53,,0,0,771,2,-1,-1,-1,,,,,,,,,[]
Data gathering,,Data(DA54),16,16,392,0,1,0x3DA541,0x22,0xDA54,,0,0,771,2,-1,-1,-1,,,,,,,,,[]
Freeze Frame Data,Fuel control,ODO/TRIP METER,10,600,216,0,1,0x3DA541,0xF0,0xD0,km,0,2,3,2,-1,-1,-1,1,0,0,0,,1,0,0,"[{'no': 1, 'up_bound': 0, 'low_bound': 0, 'range_id': 0, 'range_label': None}]"
Freeze Frame Data,Fuel control,DTC count,20,400,217,0,1,0x3DA541,0xF0,0xD1,count,0,2,1,2,-1,-1,-1,1,0,0,0,,1,0,0,"[{'no': 1, 'up_bound': 0, 'low_bound': 0, 'range_id': 0, 'range_label': None}]"
Freeze Frame Data,Fuel control,DTC Local Code,30,410,218,0,1,0x3DA541,0x1,0x0,,0,2,4,2,-1,-1,-1,1,0,0,0,,1,0,0,"[{'no': 1, 'up_bound': 0, 'low_bound': 0, 'range_id': 0, 'range_label': None}]"
Freeze Frame Data,Fuel control,Variant code,40,890,219,0,1,0x3DA541,0x1,0x1,,0,2,2,2,-1,-1,-1,1,0,0,0,,1,0,0,"[{'no': 1, 'up_bound': 0, 'low_bound': 0, 'range_id': 0, 'range_label': None}]"
Freeze Frame Data,Fuel control,Battery voltage,50,280,220,0,1,0x3DA541,0x1,0x2,V,0,2,2,2,-1,-1,-1,1,0,0,0,,0.025,0,3,"[{'no': 1, 'up_bound': 0, 'low_bound': 0, 'range_id': 0, 'range_label': None}]"
Freeze Frame Data,Fuel control,ACC voltage,60,130,221,0,1,0x3DA541,0x1,0x4,V,0,2,2,2,-1,-1,-1,1,0,0,0,,0.025,0,3,"[{'no': 1, 'up_bound': 0, 'low_bound': 0, 'range_id': 0, 'range_label': None}]"
Freeze Frame Data,Fuel control,Diag permission condition,70,340,222,0,1,0x3DA541,0x1,0x5,,1,2,1,2,4,3,-1,1,2,0,8000547,Not permission,0,0,0,"[{'no': 1, 'up_bound': 2, 'low_bound': 0, 'range_id': 8000547, 'range_label': 'Not permission'}, {'no': 2, 'up_bound': 3, 'low_bound': 3, 'range_id': 9100133, 'range_label': 'Permission'}, {'no': 3, 'up_bound': 4, 'low_bound': 4, 'range_id': 8000547, 'range_label': 'Not permission'}, {'no': 4, 'up_bound': 6, 'low_bound': 5, 'range_id': 9100218, 'range_label': 'Not used'}, {'no': 5, 'up_bound': 7, 'low_bound': 7, 'range_id': 11000138, 'range_label': 'Abnormal'}]"
Freeze Frame Data,Fuel control,Chassis control malfunction display,80,300,223,0,1,0x3DA541,0x1,0x5,,1,2,1,2,3,1,-1,1,0,0,1000003,OFF,0,0,0,"[{'no': 1, 'up_bound': 0, 'low_bound': 0, 'range_id': 1000003, 'range_label': 'OFF'}, {'no': 2, 'up_bound': 1, 'low_bound': 1, 'range_id': 1000004, 'range_label': 'ON'}]"
Freeze Frame Data,Fuel control,VEHICLE SPEED,90,900,224,0,1,0x3DA541,0x1,0x10,km/h,0,2,2,2,-1,-1,-1,1,0,0,0,,0.01,0,2,"[{'no': 1, 'up_bound': 0, 'low_bound': 0, 'range_id': 0, 'range_label': None}]"
Freeze Frame Data,Fuel control,FR WHEEL SPEED,100,480,225,0,1,0x3DA541,0x1,0x12,r/min,0,2,2,2,-1,-1,-1,1,0,0,0,,0.0416667,0,4,"[{'no': 1, 'up_bound': 0, 'low_bound': 0, 'range_id': 0, 'range_label': None}]"
Freeze Frame Data,Fuel control,FL WHEEL SPEED,110,460,226,0,1,0x3DA541,0x1,0x13,r/min,0,2,2,2,-1,-1,-1,1,0,0,0,,0.0416667,0,4,"[{'no': 1, 'up_bound': 0, 'low_bound': 0, 'range_id': 0, 'range_label': None}]"
Freeze Frame Data,Fuel control,RR WHEEL SPEED,120,690,227,0,1,0x3DA541,0x1,0x14,r/min,0,2,2,2,-1,-1,-1,1,0,0,0,,0.0416667,0,4,"[{'no': 1, 'up_bound': 0, 'low_bound': 0, 'range_id': 0, 'range_label': None}]"
Freeze Frame Data,Fuel control,RL WHEEL SPEED,130,670,228,0,1,0x3DA541,0x1,0x15,r/min,0,2,2,2,-1,-1,-1,1,0,0,0,,0.0416667,0,4,"[{'no': 1, 'up_bound': 0, 'low_bound': 0, 'range_id': 0, 'range_label': None}]"
Freeze Frame Data,Fuel control,STEERING ANG SENSOR,140,770,229,0,1,0x3DA541,0x1,0x16,deg,0,2,2,2,-1,-1,-1,1,0,0,0,,0.1,0,1,"[{'no': 1, 'up_bound': 0, 'low_bound': 0, 'range_id': 0, 'range_label': None}]"
Freeze Frame Data,Fuel control,DECEL G SENSOR,150,320,230,0,1,0x3DA541,0x1,0x18,G,0,2,2,2,-1,-1,-1,1,0,0,0,,0.001,0,3,"[{'no': 1, 'up_bound': 0, 'low_bound': 0, 'range_id': 0, 'range_label': None}]"
Freeze Frame Data,Fuel control,SIDE G SENSOR,160,720,231,0,1,0x3DA541,0x1,0x1A,G,0,2,2,2,-1,-1,-1,1,0,0,0,,0.001,0,3,"[{'no': 1, 'up_bound': 0, 'low_bound': 0, 'range_id': 0, 'range_label': None}]"
Freeze Frame Data,Fuel control,ACCELE PEDAL POSITION,170,140,232,0,1,0x3DA541,0x1,0x1E,%,0,2,2,2,-1,-1,-1,1,0,0,0,,0.125,0,3,"[{'no': 1, 'up_bound': 0, 'low_bound': 0, 'range_id': 0, 'range_label': None}]"
Freeze Frame Data,Fuel control,PRESS SENSOR,180,640,233,0,1,0x3DA541,0x1,0x22,bar,0,2,2,2,-1,-1,-1,1,0,0,0,,0.5,0,1,"[{'no': 1, 'up_bound': 0, 'low_bound': 0, 'range_id': 0, 'range_label': None}]"
Freeze Frame Data,Fuel control,Throttle control,190,860,234,0,1,0x3DA541,0x1,0x30,,1,2,1,2,6,2,-1,1,0,0,9100094,Normal,0,0,0,"[{'no': 1, 'up_bound': 0, 'low_bound': 0, 'range_id': 9100094, 'range_label': 'Normal'}, {'no': 2, 'up_bound': 1, 'low_bound': 1, 'range_id': 8000543, 'range_label': 'Abnormal 1'}, {'no': 3, 'up_bound': 2, 'low_bound': 2, 'range_id': 8000544, 'range_label': 'Abnormal 2'}, {'no': 4, 'up_bound': 3, 'low_bound': 3, 'range_id': 8000545, 'range_label': 'Abnormal 3'}]"
Freeze Frame Data,Fuel control,SHIFT POSITION,200,710,235,0,1,0x3DA541,0x1,0x31,,1,2,1,2,2,6,-1,1,0,0,1000003,OFF,0,0,0,"[{'no': 1, 'up_bound': 0, 'low_bound': 0, 'range_id': 1000003, 'range_label': 'OFF'}, {'no': 2, 'up_bound': 1, 'low_bound': 1, 'range_id': 1000583, 'range_label': 'P'}, {'no': 3, 'up_bound': 2, 'low_bound': 2, 'range_id': 1000581, 'range_label': 'R'}, {'no': 4, 'up_bound': 3, 'low_bound': 3, 'range_id': 1000570, 'range_label': 'N'}, {'no': 5, 'up_bound': 4, 'low_bound': 4, 'range_id': 1001355, 'range_label': 'D (A)'}, {'no': 6, 'up_bound': 5, 'low_bound': 5, 'range_id': 33000670, 'range_label': 'S'}, {'no': 7, 'up_bound': 6, 'low_bound': 6, 'range_id': 3000008, 'range_label': 'L'}, {'no': 8, 'up_bound': 7, 'low_bound': 7, 'range_id': 77000022, 'range_label': 'B'}, {'no': 9, 'up_bound': 8, 'low_bound': 8, 'range_id': 10001, 'range_label': '1'}, {'no': 10, 'up_bound': 9, 'low_bound': 9, 'range_id': 10002, 'range_label': '2'}, {'no': 11, 'up_bound': 10, 'low_bound': 10, 'range_id': 10003, 'range_label': '3'}, {'no': 12, 'up_bound': 11, 'low_bound': 11, 'range_id': 10004, 'range_label': '4'}, {'no': 13, 'up_bound': 12, 'low_bound': 12, 'range_id': 10005, 'range_label': '5'}, {'no': 14, 'up_bound': 13, 'low_bound': 13, 'range_id': 10006, 'range_label': '6'}, {'no': 15, 'up_bound': 14, 'low_bound': 14, 'range_id': 10007, 'range_label': '7'}, {'no': 16, 'up_bound': 15, 'low_bound': 15, 'range_id': 10008, 'range_label': '8'}, {'no': 17, 'up_bound': 16, 'low_bound': 16, 'range_id': 13000092, 'range_label': '9'}, {'no': 18, 'up_bound': 17, 'low_bound': 17, 'range_id': 1001343, 'range_label': 'A 1'}, {'no': 19, 'up_bound': 18, 'low_bound': 18, 'range_id': 1001345, 'range_label': 'A 2'}, {'no': 20, 'up_bound': 19, 'low_bound': 19, 'range_id': 1006, 'range_label': '10'}, {'no': 21, 'up_bound': 20, 'low_bound': 20, 'range_id': 1001346, 'range_label': 'A 3'}, {'no': 22, 'up_bound': 21, 'low_bound': 21, 'range_id': 1001347, 'range_label': 'A 4'}, {'no': 23, 'up_bound': 22, 'low_bound': 22, 'range_id': 9100218, 'range_label': 'Not used'}, {'no': 24, 'up_bound': 23, 'low_bound': 23, 'range_id': 1001348, 'range_label': 'A 5'}, {'no': 25, 'up_bound': 24, 'low_bound': 24, 'range_id': 1001349, 'range_label': 'A 6'}, {'no': 26, 'up_bound': 25, 'low_bound': 25, 'range_id': 9100218, 'range_label': 'Not used'}, {'no': 27, 'up_bound': 26, 'low_bound': 26, 'range_id': 1001350, 'range_label': 'A 7'}, {'no': 28, 'up_bound': 27, 'low_bound': 27, 'range_id': 1001351, 'range_label': 'A 8'}, {'no': 29, 'up_bound': 28, 'low_bound': 28, 'range_id': 1001365, 'range_label': 'M 1'}, {'no': 30, 'up_bound': 29, 'low_bound': 29, 'range_id': 1001352, 'range_label': 'A 9'}, {'no': 31, 'up_bound': 30, 'low_bound': 30, 'range_id': 1001344, 'range_label': 'A 10'}, {'no': 32, 'up_bound': 31, 'low_bound': 31, 'range_id': 1001367, 'range_label': 'M 2'}, {'no': 33, 'up_bound': 33, 'low_bound': 32, 'range_id': 9100218, 'range_label': 'Not used'}, {'no': 34, 'up_bound': 34, 'low_bound': 34, 'range_id': 1001368, 'range_label': 'M 3'}, {'no': 35, 'up_bound': 36, 'low_bound': 35, 'range_id': 9100218, 'range_label': 'Not used'}, {'no': 36, 'up_bound': 37, 'low_bound': 37, 'range_id': 1001369, 'range_label': 'M 4'}, {'no': 37, 'up_bound': 39, 'low_bound': 38, 'range_id': 9100218, 'range_label': 'Not used'}, {'no': 38, 'up_bound': 40, 'low_bound': 40, 'range_id': 1001370, 'range_label': 'M 5'}, {'no': 39, 'up_bound': 42, 'low_bound': 41, 'range_id': 9100218, 'range_label': 'Not used'}, {'no': 40, 'up_bound': 43, 'low_bound': 43, 'range_id': 1001371, 'range_label': 'M 6'}, {'no': 41, 'up_bound': 45, 'low_bound': 44, 'range_id': 9100218, 'range_label': 'Not used'}, {'no': 42, 'up_bound': 46, 'low_bound': 46, 'range_id': 1001372, 'range_label': 'M 7'}, {'no': 43, 'up_bound': 48, 'low_bound': 47, 'range_id': 9100218, 'range_label': 'Not used'}, {'no': 44, 'up_bound': 49, 'low_bound': 49, 'range_id': 1001373, 'range_label': 'M 8'}, {'no': 45, 'up_bound': 51, 'low_bound': 50, 'range_id': 9100218, 'range_label': 'Not used'}, {'no': 46, 'up_bound': 52, 'low_bound': 52, 'range_id': 1001374, 'range_label': 'M 9'}, {'no': 47, 'up_bound': 54, 'low_bound': 53, 'range_id': 9100218, 'range_label': 'Not used'}, {'no': 48, 'up_bound': 55, 'low_bound': 55, 'range_id': 1001366, 'range_label': 'M 10'}, {'no': 49, 'up_bound': 63, 'low_bound': 56, 'range_id': 9100218, 'range_label': 'Not used'}]"
Freeze Frame Data,Fuel control,STOPLIGHT SW,210,810,236,0,1,0x3DA541,0x1,0x33,,1,2,1,2,5,3,-1,1,0,0,9100218,Not used,0,0,0,"[{'no': 1, 'up_bound': 0, 'low_bound': 0, 'range_id': 9100218, 'range_label': 'Not used'}, {'no': 2, 'up_bound': 1, 'low_bound': 1, 'range_id': 1001391, 'range_label': 'Brake pedal not operation'}, {'no': 3, 'up_bound': 2, 'low_bound': 2, 'range_id': 1001389, 'range_label': 'Brake pedal operation 1'}, {'no': 4, 'up_bound': 3, 'low_bound': 3, 'range_id': 9100218, 'range_label': 'Not used'}, {'no': 5, 'up_bound': 4, 'low_bound': 4, 'range_id': 1001390, 'range_label': 'Brake pedal operation 2'}, {'no': 6, 'up_bound': 6, 'low_bound': 5, 'range_id': 9100218, 'range_label': 'Not used'}, {'no': 7, 'up_bound': 7, 'low_bound': 7, 'range_id': 11000138, 'range_label': 'Abnormal'}]"
Freeze Frame Data,Fuel control,Steering angle sensor,220,780,237,0,1,0x3DA541,0x1,0x33,,1,2,1,2,0,3,-1,1,0,0,8000541,Calibration incomplete 1,0,0,0,"[{'no': 1, 'up_bound': 0, 'low_bound': 0, 'range_id': 8000541, 'range_label': 'Calibration incomplete 1'}, {'no': 2, 'up_bound': 1, 'low_bound': 1, 'range_id': 8000542, 'range_label': 'Calibration incomplete 2'}, {'no': 3, 'up_bound': 2, 'low_bound': 2, 'range_id': 1001681, 'range_label': 'Malfunction'}, {'no': 4, 'up_bound': 3, 'low_bound': 3, 'range_id': 1001331, 'range_label': 'Reserved'}, {'no': 5, 'up_bound': 4, 'low_bound': 4, 'range_id': 8000539, 'range_label': 'Calibration complete 1'}, {'no': 6, 'up_bound': 5, 'low_bound': 5, 'range_id': 8000540, 'range_label': 'Calibration complete 2'}, {'no': 7, 'up_bound': 7, 'low_bound': 6, 'range_id': 1001331, 'range_label': 'Reserved'}]"
Freeze Frame Data,Fuel control,ABS,230,90,238,0,1,0x3DA541,0x1,0x34,,1,2,1,2,7,1,-1,1,0,0,3000198,Inactive,0,0,0,"[{'no': 1, 'up_bound': 0, 'low_bound': 0, 'range_id': 3000198, 'range_label': 'Inactive'}, {'no': 2, 'up_bound': 1, 'low_bound': 1, 'range_id': 3000271, 'range_label': 'Active'}]"
Freeze Frame Data,Fuel control,ABS MALF,240,100,239,0,1,0x3DA541,0x1,0x34,,1,2,1,2,6,1,-1,1,0,0,1000003,OFF,0,0,0,"[{'no': 1, 'up_bound': 0, 'low_bound': 0, 'range_id': 1000003, 'range_label': 'OFF'}, {'no': 2, 'up_bound': 1, 'low_bound': 1, 'range_id': 1000004, 'range_label': 'ON'}]"
Freeze Frame Data,Fuel control,TCL,250,840,240,0,1,0x3DA541,0x1,0x34,,1,2,1,2,4,1,-1,1,0,0,3000198,Inactive,0,0,0,"[{'no': 1, 'up_bound': 0, 'low_bound': 0, 'range_id': 3000198, 'range_label': 'Inactive'}, {'no': 2, 'up_bound': 1, 'low_bound': 1, 'range_id': 3000271, 'range_label': 'Active'}]"
Freeze Frame Data,Fuel control,TCL MALF,260,850,241,0,1,0x3DA541,0x1,0x34,,1,2,1,2,3,1,-1,1,0,0,1000003,OFF,0,0,0,"[{'no': 1, 'up_bound': 0, 'low_bound': 0, 'range_id': 1000003, 'range_label': 'OFF'}, {'no': 2, 'up_bound': 1, 'low_bound': 1, 'range_id': 1000004, 'range_label': 'ON'}]"
Freeze Frame Data,Fuel control,ASC,270,210,242,0,1,0x3DA541,0x1,0x34,,1,2,1,2,2,1,-1,1,0,0,3000198,Inactive,0,0,0,"[{'no': 1, 'up_bound': 0, 'low_bound': 0, 'range_id': 3000198, 'range_label': 'Inactive'}, {'no': 2, 'up_bound': 1, 'low_bound': 1, 'range_id': 3000271, 'range_label': 'Active'}]"
Freeze Frame Data,Fuel control,ASC MALF,280,220,243,0,1,0x3DA541,0x1,0x34,,1,2,1,2,1,1,-1,1,0,0,1000003,OFF,0,0,0,"[{'no': 1, 'up_bound': 0, 'low_bound': 0, 'range_id': 1000003, 'range_label': 'OFF'}, {'no': 2, 'up_bound': 1, 'low_bound': 1, 'range_id': 1000004, 'range_label': 'ON'}]"
Freeze Frame Data,Fuel control,ASC OFF SWITCH,290,230,244,0,1,0x3DA541,0x1,0x34,,1,2,1,2,0,1,-1,1,0,0,1000003,OFF,0,0,0,"[{'no': 1, 'up_bound': 0, 'low_bound': 0, 'range_id': 1000003, 'range_label': 'OFF'}, {'no': 2, 'up_bound': 1, 'low_bound': 1, 'range_id': 1000004, 'range_label': 'ON'}]"
Freeze Frame Data,Fuel control,AYC fail,300,270,245,0,1,0x3DA541,0x2,0x21,,1,2,1,2,1,1,-1,1,0,0,8002213,No AYC malfunction,0,0,0,"[{'no': 1, 'up_bound': 0, 'low_bound': 0, 'range_id': 8002213, 'range_label': 'No AYC malfunction'}, {'no': 2, 'up_bound': 1, 'low_bound': 1, 'range_id': 8002214, 'range_label': 'AYC malfunction'}]"
Freeze Frame Data,Fuel control,Parking brake operation status,310,620,246,0,1,0x3DA541,0x4,0x0,,1,2,1,2,2,2,-1,1,0,0,1001682,Release,0,0,0,"[{'no': 1, 'up_bound': 0, 'low_bound': 0, 'range_id': 1001682, 'range_label': 'Release'}, {'no': 2, 'up_bound': 1, 'low_bound': 1, 'range_id': 1001687, 'range_label': 'Apply'}, {'no': 3, 'up_bound': 2, 'low_bound': 2, 'range_id': 9100218, 'range_label': 'Not used'}, {'no': 4, 'up_bound': 3, 'low_bound': 3, 'range_id': 11000138, 'range_label': 'Abnormal'}]"
Freeze Frame Data,Fuel control,Stop hold (ASC),320,790,247,0,1,0x3DA541,0x4,0x0,,1,2,1,2,0,2,-1,1,0,0,1001682,Release,0,0,0,"[{'no': 1, 'up_bound': 0, 'low_bound': 0, 'range_id': 1001682, 'range_label': 'Release'}, {'no': 2, 'up_bound': 1, 'low_bound': 1, 'range_id': 8000548, 'range_label': 'Hold'}, {'no': 3, 'up_bound': 2, 'low_bound': 2, 'range_id': 8000546, 'range_label': 'Impossible'}, {'no': 4, 'up_bound': 3, 'low_bound': 3, 'range_id': 9100218, 'range_label': 'Not used'}]"
Freeze Frame Data,Fuel control,FR wheel speed pulse (stop hold),330,490,248,0,1,0x3DA541,0x4,0x3,,0,2,1,2,-1,-1,-1,1,0,0,0,,1,0,0,"[{'no': 1, 'up_bound': 0, 'low_bound': 0, 'range_id': 0, 'range_label': None}]"
Freeze Frame Data,Fuel control,FL wheel speed pulse (stop hold),340,470,249,0,1,0x3DA541,0x4,0x4,,0,2,1,2,-1,-1,-1,1,0,0,0,,1,0,0,"[{'no': 1, 'up_bound': 0, 'low_bound': 0, 'range_id': 0, 'range_label': None}]"
Freeze Frame Data,Fuel control,RR wheel speed pulse (stop hold),350,700,250,0,1,0x3DA541,0x4,0x5,,0,2,1,2,-1,-1,-1,1,0,0,0,,1,0,0,"[{'no': 1, 'up_bound': 0, 'low_bound': 0, 'range_id': 0, 'range_label': None}]"
Freeze Frame Data,Fuel control,RL wheel speed pulse (stop hold),360,680,251,0,1,0x3DA541,0x4,0x6,,0,2,1,2,-1,-1,-1,1,0,0,0,,1,0,0,"[{'no': 1, 'up_bound': 0, 'low_bound': 0, 'range_id': 0, 'range_label': None}]"
Freeze Frame Data,Fuel control,ACC status,370,120,252,0,1,0x3DA541,0x4,0x7,,1,2,1,2,0,4,-1,1,0,0,1000003,OFF,0,0,0,"[{'no': 1, 'up_bound': 0, 'low_bound': 0, 'range_id': 1000003, 'range_label': 'OFF'}, {'no': 2, 'up_bound': 1, 'low_bound': 1, 'range_id': 1001688, 'range_label': 'Operation'}, {'no': 3, 'up_bound': 2, 'low_bound': 2, 'range_id': 1001689, 'range_label': 'Stop'}, {'no': 4, 'up_bound': 3, 'low_bound': 3, 'range_id': 1001693, 'range_label': 'Wait'}, {'no': 5, 'up_bound': 4, 'low_bound': 4, 'range_id': 1001683, 'range_label': 'Suspend'}, {'no': 6, 'up_bound': 5, 'low_bound': 5, 'range_id': 1001392, 'range_label': 'Brake mode'}, {'no': 7, 'up_bound': 6, 'low_bound': 6, 'range_id': 1001684, 'range_label': 'Regulation'}, {'no': 8, 'up_bound': 7, 'low_bound': 7, 'range_id': 1001388, 'range_label': 'Driver override'}, {'no': 9, 'up_bound': 8, 'low_bound': 8, 'range_id': 1001681, 'range_label': 'Malfunction'}, {'no': 10, 'up_bound': 14, 'low_bound': 9, 'range_id': 9100218, 'range_label': 'Not used'}, {'no': 11, 'up_bound': 15, 'low_bound': 15, 'range_id': 11000138, 'range_label': 'Abnormal'}]"
Freeze Frame Data,Fuel control,ABH warning display request,380,80,253,0,1,0x3DA541,0x4,0x11,,1,2,1,2,2,1,-1,1,0,0,1001705,No request,0,0,0,"[{'no': 1, 'up_bound': 0, 'low_bound': 0, 'range_id': 1001705, 'range_label': 'No request'}, {'no': 2, 'up_bound': 1, 'low_bound': 1, 'range_id': 1001710, 'range_label': 'Request'}]"
Freeze Frame Data,Fuel control,ABH select status,390,30,254,0,1,0x3DA541,0x4,0x20,,1,2,1,2,4,2,-1,1,0,0,8000536,OFF mode,0,0,0,"[{'no': 1, 'up_bound': 0, 'low_bound': 0, 'range_id': 8000536, 'range_label': 'OFF mode'}, {'no': 2, 'up_bound': 1, 'low_bound': 1, 'range_id': 9100218, 'range_label': 'Not used'}, {'no': 3, 'up_bound': 2, 'low_bound': 2, 'range_id': 8000516, 'range_label': 'AUTO mode'}, {'no': 4, 'up_bound': 3, 'low_bound': 3, 'range_id': 1001331, 'range_label': 'Reserved'}]"
Freeze Frame Data,Fuel control,ABH status 1,400,40,255,0,1,0x3DA541,0x4,0x20,,1,2,1,2,3,1,-1,1,0,0,3000198,Inactive,0,0,0,"[{'no': 1, 'up_bound': 0, 'low_bound': 0, 'range_id': 3000198, 'range_label': 'Inactive'}, {'no': 2, 'up_bound': 1, 'low_bound': 1, 'range_id': 3000271, 'range_label': 'Active'}]"
Freeze Frame Data,Fuel control,ABH status 2,410,50,256,0,1,0x3DA541,0x4,0x20,,1,2,1,2,2,1,-1,1,0,0,3000198,Inactive,0,0,0,"[{'no': 1, 'up_bound': 0, 'low_bound': 0, 'range_id': 3000198, 'range_label': 'Inactive'}, {'no': 2, 'up_bound': 1, 'low_bound': 1, 'range_id': 3000271, 'range_label': 'Active'}]"
Freeze Frame Data,Fuel control,Electric parking brake active request (automatic brake hold),420,420,257,0,1,0x3DA541,0x4,0x20,,1,2,1,2,1,1,-1,1,0,0,1001705,No request,0,0,0,"[{'no': 1, 'up_bound': 0, 'low_bound': 0, 'range_id': 1001705, 'range_label': 'No request'}, {'no': 2, 'up_bound': 1, 'low_bound': 1, 'range_id': 1001710, 'range_label': 'Request'}]"
Freeze Frame Data,Fuel control,ABH stop hold request 2,430,70,258,0,1,0x3DA541,0x4,0x20,,1,2,1,2,0,1,-1,1,0,0,1001705,No request,0,0,0,"[{'no': 1, 'up_bound': 0, 'low_bound': 0, 'range_id': 1001705, 'range_label': 'No request'}, {'no': 2, 'up_bound': 1, 'low_bound': 1, 'range_id': 1001710, 'range_label': 'Request'}]"
Freeze Frame Data,Fuel control,ABH status 3,440,60,259,0,1,0x3DA541,0x4,0x21,,1,2,1,2,3,1,-1,1,0,0,1001705,No request,0,0,0,"[{'no': 1, 'up_bound': 0, 'low_bound': 0, 'range_id': 1001705, 'range_label': 'No request'}, {'no': 2, 'up_bound': 1, 'low_bound': 1, 'range_id': 1001710, 'range_label': 'Request'}]"
Freeze Frame Data,Fuel control,MI PILOT assist stop hold status,450,590,260,0,1,0x3DA541,0x4,0x21,,1,2,1,2,2,1,-1,1,0,0,1001705,No request,0,0,0,"[{'no': 1, 'up_bound': 0, 'low_bound': 0, 'range_id': 1001705, 'range_label': 'No request'}, {'no': 2, 'up_bound': 1, 'low_bound': 1, 'range_id': 3000271, 'range_label': 'Active'}]"
Freeze Frame Data,Fuel control,EPB active request (MI PILOT assist),460,440,261,0,1,0x3DA541,0x4,0x21,,1,2,1,2,1,1,-1,1,0,0,1001705,No request,0,0,0,"[{'no': 1, 'up_bound': 0, 'low_bound': 0, 'range_id': 1001705, 'range_label': 'No request'}, {'no': 2, 'up_bound': 1, 'low_bound': 1, 'range_id': 1001710, 'range_label': 'Request'}]"
Freeze Frame Data,Fuel control,ABH active request (MI PILOT assist),470,20,262,0,1,0x3DA541,0x4,0x21,,1,2,1,2,0,1,-1,1,0,0,1001705,No request,0,0,0,"[{'no': 1, 'up_bound': 0, 'low_bound': 0, 'range_id': 1001705, 'range_label': 'No request'}, {'no': 2, 'up_bound': 1, 'low_bound': 1, 'range_id': 1001710, 'range_label': 'Request'}]"
Freeze Frame Data,Fuel control,Innovative Pedal Operation stand still request flag,480,540,263,0,1,0x3DA541,0x4,0x26,,1,2,1,2,7,1,-1,1,0,0,8002515,No request,0,0,0,"[{'no': 1, 'up_bound': 0, 'low_bound': 0, 'range_id': 8002515, 'range_label': 'No request'}, {'no': 2, 'up_bound': 1, 'low_bound': 1, 'range_id': 8002516, 'range_label': 'Request'}]"
Freeze Frame Data,Fuel control,Innovative Pedal Operation stop holding State flag,490,560,264,0,1,0x3DA541,0x4,0x26,,1,2,1,2,6,1,-1,1,0,0,8002517,Not maintained state,0,0,0,"[{'no': 1, 'up_bound': 0, 'low_bound': 0, 'range_id': 8002517, 'range_label': 'Not maintained state'}, {'no': 2, 'up_bound': 1, 'low_bound': 1, 'range_id': 8001923, 'range_label': 'TJP stand still state'}]"
Freeze Frame Data,Fuel control,Innovative Pedal Operation Active Status to SSA,500,530,265,0,1,0x3DA541,0x4,0x26,,1,2,1,2,5,1,-1,1,0,0,1000003,OFF,0,0,0,"[{'no': 1, 'up_bound': 0, 'low_bound': 0, 'range_id': 1000003, 'range_label': 'OFF'}, {'no': 2, 'up_bound': 1, 'low_bound': 1, 'range_id': 1000004, 'range_label': 'ON'}]"
Freeze Frame Data,Fuel control,SSA inhibit for Innovative Pedal Operation,510,760,266,0,1,0x3DA541,0x4,0x26,,1,2,1,2,4,1,-1,1,0,0,9100094,Normal,0,0,0,"[{'no': 1, 'up_bound': 0, 'low_bound': 0, 'range_id': 9100094, 'range_label': 'Normal'}, {'no': 2, 'up_bound': 1, 'low_bound': 1, 'range_id': 7000787, 'range_label': 'Inhibit'}]"
Freeze Frame Data,Fuel control,Innovative Pedal Operation stop holding permit flag,520,550,267,0,1,0x3DA541,0x4,0x26,,1,2,1,2,3,1,-1,1,0,0,7000788,Not permit,0,0,0,"[{'no': 1, 'up_bound': 0, 'low_bound': 0, 'range_id': 7000788, 'range_label': 'Not permit'}, {'no': 2, 'up_bound': 1, 'low_bound': 1, 'range_id': 7000644, 'range_label': 'Permit'}]"
Freeze Frame Data,Fuel control,DRIVE MODE SELECTOR,530,370,268,0,1,0x3DA541,0x5,0x0,,0,2,1,2,-1,-1,-1,1,0,0,1001649,Mode 0,0,0,0,"[{'no': 1, 'up_bound': 0, 'low_bound': 0, 'range_id': 1001649, 'range_label': 'Mode 0'}, {'no': 2, 'up_bound': 1, 'low_bound': 1, 'range_id': 16000178, 'range_label': 'Mode 1'}, {'no': 3, 'up_bound': 2, 'low_bound': 2, 'range_id': 16000177, 'range_label': 'Mode 2'}, {'no': 4, 'up_bound': 3, 'low_bound': 3, 'range_id': 13000209, 'range_label': 'Mode 3'}, {'no': 5, 'up_bound': 4, 'low_bound': 4, 'range_id': 13000210, 'range_label': 'Mode 4'}, {'no': 6, 'up_bound': 5, 'low_bound': 5, 'range_id': 1000897, 'range_label': 'Mode 5'}, {'no': 7, 'up_bound': 6, 'low_bound': 6, 'range_id': 1001671, 'range_label': 'Mode 6'}, {'no': 8, 'up_bound': 7, 'low_bound': 7, 'range_id': 1001672, 'range_label': 'Mode 7'}, {'no': 9, 'up_bound': 8, 'low_bound': 8, 'range_id': 1001673, 'range_label': 'Mode 8'}, {'no': 10, 'up_bound': 9, 'low_bound': 9, 'range_id': 1001674, 'range_label': 'Mode 9'}, {'no': 11, 'up_bound': 10, 'low_bound': 10, 'range_id': 1001650, 'range_label': 'Mode 10'}, {'no': 12, 'up_bound': 11, 'low_bound': 11, 'range_id': 1001651, 'range_label': 'Mode 11'}, {'no': 13, 'up_bound': 12, 'low_bound': 12, 'range_id': 1001652, 'range_label': 'Mode 12'}, {'no': 14, 'up_bound': 13, 'low_bound': 13, 'range_id': 1001653, 'range_label': 'Mode 13'}, {'no': 15, 'up_bound': 14, 'low_bound': 14, 'range_id': 1001654, 'range_label': 'Mode 14'}, {'no': 16, 'up_bound': 15, 'low_bound': 15, 'range_id': 1001655, 'range_label': 'Mode 15'}, {'no': 17, 'up_bound': 16, 'low_bound': 16, 'range_id': 1001656, 'range_label': 'Mode 16'}, {'no': 18, 'up_bound': 17, 'low_bound': 17, 'range_id': 1001657, 'range_label': 'Mode 17'}, {'no': 19, 'up_bound': 18, 'low_bound': 18, 'range_id': 1001658, 'range_label': 'Mode 18'}, {'no': 20, 'up_bound': 19, 'low_bound': 19, 'range_id': 1001659, 'range_label': 'Mode 19'}, {'no': 21, 'up_bound': 20, 'low_bound': 20, 'range_id': 1001660, 'range_label': 'Mode 20'}, {'no': 22, 'up_bound': 21, 'low_bound': 21, 'range_id': 1001661, 'range_label': 'Mode 21'}, {'no': 23, 'up_bound': 22, 'low_bound': 22, 'range_id': 1001662, 'range_label': 'Mode 22'}, {'no': 24, 'up_bound': 23, 'low_bound': 23, 'range_id': 1001663, 'range_label': 'Mode 23'}, {'no': 25, 'up_bound': 24, 'low_bound': 24, 'range_id': 1001664, 'range_label': 'Mode 24'}, {'no': 26, 'up_bound': 25, 'low_bound': 25, 'range_id': 1001665, 'range_label': 'Mode 25'}, {'no': 27, 'up_bound': 26, 'low_bound': 26, 'range_id': 1001666, 'range_label': 'Mode 26'}, {'no': 28, 'up_bound': 27, 'low_bound': 27, 'range_id': 1001667, 'range_label': 'Mode 27'}, {'no': 29, 'up_bound': 28, 'low_bound': 28, 'range_id': 1001668, 'range_label': 'Mode 28'}, {'no': 30, 'up_bound': 29, 'low_bound': 29, 'range_id': 1001669, 'range_label': 'Mode 29'}, {'no': 31, 'up_bound': 30, 'low_bound': 30, 'range_id': 1001670, 'range_label': 'Mode 30'}, {'no': 32, 'up_bound': 255, 'low_bound': 31, 'range_id': 9100218, 'range_label': 'Not used'}]"
Freeze Frame Data,Fuel control,User,540,880,269,0,1,0x3DA541,0x5,0x1,,1,2,1,2,5,3,-1,1,0,0,1001387,Guest,0,0,0,"[{'no': 1, 'up_bound': 0, 'low_bound': 0, 'range_id': 1001387, 'range_label': 'Guest'}, {'no': 2, 'up_bound': 1, 'low_bound': 1, 'range_id': 1001675, 'range_label': 'User 1'}, {'no': 3, 'up_bound': 2, 'low_bound': 2, 'range_id': 1001676, 'range_label': 'User 2'}, {'no': 4, 'up_bound': 3, 'low_bound': 3, 'range_id': 1001677, 'range_label': 'User 3'}, {'no': 5, 'up_bound': 4, 'low_bound': 4, 'range_id': 1001678, 'range_label': 'User 4'}, {'no': 6, 'up_bound': 5, 'low_bound': 5, 'range_id': 1001679, 'range_label': 'User 5'}, {'no': 7, 'up_bound': 6, 'low_bound': 6, 'range_id': 9100218, 'range_label': 'Not used'}, {'no': 8, 'up_bound': 7, 'low_bound': 7, 'range_id': 9100218, 'range_label': 'Not used'}]"
Freeze Frame Data,Fuel control,DRIVE MODE SELECTOR,550,380,270,0,1,0x3DA541,0x5,0x2,,0,2,1,2,-1,-1,-1,1,0,0,1001393,Position 0,0,0,0,"[{'no': 1, 'up_bound': 0, 'low_bound': 0, 'range_id': 1001393, 'range_label': 'Position 0'}, {'no': 2, 'up_bound': 1, 'low_bound': 1, 'range_id': 1001394, 'range_label': 'Position 1'}, {'no': 3, 'up_bound': 2, 'low_bound': 2, 'range_id': 1001505, 'range_label': 'Position 2'}, {'no': 4, 'up_bound': 3, 'low_bound': 3, 'range_id': 1001572, 'range_label': 'Position 3'}, {'no': 5, 'up_bound': 4, 'low_bound': 4, 'range_id': 1001583, 'range_label': 'Position 4'}, {'no': 6, 'up_bound': 5, 'low_bound': 5, 'range_id': 1001594, 'range_label': 'Position 5'}, {'no': 7, 'up_bound': 6, 'low_bound': 6, 'range_id': 1001605, 'range_label': 'Position 6'}, {'no': 8, 'up_bound': 7, 'low_bound': 7, 'range_id': 1001616, 'range_label': 'Position 7'}, {'no': 9, 'up_bound': 8, 'low_bound': 8, 'range_id': 1001627, 'range_label': 'Position 8'}, {'no': 10, 'up_bound': 9, 'low_bound': 9, 'range_id': 1001638, 'range_label': 'Position 9'}, {'no': 11, 'up_bound': 10, 'low_bound': 10, 'range_id': 1001395, 'range_label': 'Position 10'}, {'no': 12, 'up_bound': 11, 'low_bound': 11, 'range_id': 1001406, 'range_label': 'Position 11'}, {'no': 13, 'up_bound': 12, 'low_bound': 12, 'range_id': 1001417, 'range_label': 'Position 12'}, {'no': 14, 'up_bound': 13, 'low_bound': 13, 'range_id': 1001428, 'range_label': 'Position 13'}, {'no': 15, 'up_bound': 14, 'low_bound': 14, 'range_id': 1001439, 'range_label': 'Position 14'}, {'no': 16, 'up_bound': 15, 'low_bound': 15, 'range_id': 1001450, 'range_label': 'Position 15'}, {'no': 17, 'up_bound': 16, 'low_bound': 16, 'range_id': 1001461, 'range_label': 'Position 16'}, {'no': 18, 'up_bound': 17, 'low_bound': 17, 'range_id': 1001472, 'range_label': 'Position 17'}, {'no': 19, 'up_bound': 18, 'low_bound': 18, 'range_id': 1001483, 'range_label': 'Position 18'}, {'no': 20, 'up_bound': 19, 'low_bound': 19, 'range_id': 1001494, 'range_label': 'Position 19'}, {'no': 21, 'up_bound': 20, 'low_bound': 20, 'range_id': 1001506, 'range_label': 'Position 20'}, {'no': 22, 'up_bound': 21, 'low_bound': 21, 'range_id': 1001517, 'range_label': 'Position 21'}, {'no': 23, 'up_bound': 22, 'low_bound': 22, 'range_id': 1001528, 'range_label': 'Position 22'}, {'no': 24, 'up_bound': 23, 'low_bound': 23, 'range_id': 1001539, 'range_label': 'Position 23'}, {'no': 25, 'up_bound': 24, 'low_bound': 24, 'range_id': 1001550, 'range_label': 'Position 24'}, {'no': 26, 'up_bound': 25, 'low_bound': 25, 'range_id': 1001561, 'range_label': 'Position 25'}, {'no': 27, 'up_bound': 26, 'low_bound': 26, 'range_id': 1001568, 'range_label': 'Position 26'}, {'no': 28, 'up_bound': 27, 'low_bound': 27, 'range_id': 1001569, 'range_label': 'Position 27'}, {'no': 29, 'up_bound': 28, 'low_bound': 28, 'range_id': 1001570, 'range_label': 'Position 28'}, {'no': 30, 'up_bound': 29, 'low_bound': 29, 'range_id': 1001571, 'range_label': 'Position 29'}, {'no': 31, 'up_bound': 30, 'low_bound': 30, 'range_id': 1001573, 'range_label': 'Position 30'}, {'no': 32, 'up_bound': 31, 'low_bound': 31, 'range_id': 1001574, 'range_label': 'Position 31'}, {'no': 33, 'up_bound': 32, 'low_bound': 32, 'range_id': 1001575, 'range_label': 'Position 32'}, {'no': 34, 'up_bound': 33, 'low_bound': 33, 'range_id': 1001576, 'range_label': 'Position 33'}, {'no': 35, 'up_bound': 34, 'low_bound': 34, 'range_id': 1001577, 'range_label': 'Position 34'}, {'no': 36, 'up_bound': 35, 'low_bound': 35, 'range_id': 1001578, 'range_label': 'Position 35'}, {'no': 37, 'up_bound': 36, 'low_bound': 36, 'range_id': 1001579, 'range_label': 'Position 36'}, {'no': 38, 'up_bound': 37, 'low_bound': 37, 'range_id': 1001580, 'range_label': 'Position 37'}, {'no': 39, 'up_bound': 38, 'low_bound': 38, 'range_id': 1001581, 'range_label': 'Position 38'}, {'no': 40, 'up_bound': 39, 'low_bound': 39, 'range_id': 1001582, 'range_label': 'Position 39'}, {'no': 41, 'up_bound': 40, 'low_bound': 40, 'range_id': 1001584, 'range_label': 'Position 40'}, {'no': 42, 'up_bound': 41, 'low_bound': 41, 'range_id': 1001585, 'range_label': 'Position 41'}, {'no': 43, 'up_bound': 42, 'low_bound': 42, 'range_id': 1001586, 'range_label': 'Position 42'}, {'no': 44, 'up_bound': 43, 'low_bound': 43, 'range_id': 1001587, 'range_label': 'Position 43'}, {'no': 45, 'up_bound': 44, 'low_bound': 44, 'range_id': 1001588, 'range_label': 'Position 44'}, {'no': 46, 'up_bound': 45, 'low_bound': 45, 'range_id': 1001589, 'range_label': 'Position 45'}, {'no': 47, 'up_bound': 46, 'low_bound': 46, 'range_id': 1001590, 'range_label': 'Position 46'}, {'no': 48, 'up_bound': 47, 'low_bound': 47, 'range_id': 1001591, 'range_label': 'Position 47'}, {'no': 49, 'up_bound': 48, 'low_bound': 48, 'range_id': 1001592, 'range_label': 'Position 48'}, {'no': 50, 'up_bound': 49, 'low_bound': 49, 'range_id': 1001593, 'range_label': 'Position 49'}, {'no': 51, 'up_bound': 50, 'low_bound': 50, 'range_id': 1001595, 'range_label': 'Position 50'}, {'no': 52, 'up_bound': 51, 'low_bound': 51, 'range_id': 1001596, 'range_label': 'Position 51'}, {'no': 53, 'up_bound': 52, 'low_bound': 52, 'range_id': 1001597, 'range_label': 'Position 52'}, {'no': 54, 'up_bound': 53, 'low_bound': 53, 'range_id': 1001598, 'range_label': 'Position 53'}, {'no': 55, 'up_bound': 54, 'low_bound': 54, 'range_id': 1001599, 'range_label': 'Position 54'}, {'no': 56, 'up_bound': 55, 'low_bound': 55, 'range_id': 1001600, 'range_label': 'Position 55'}, {'no': 57, 'up_bound': 56, 'low_bound': 56, 'range_id': 1001601, 'range_label': 'Position 56'}, {'no': 58, 'up_bound': 57, 'low_bound': 57, 'range_id': 1001602, 'range_label': 'Position 57'}, {'no': 59, 'up_bound': 58, 'low_bound': 58, 'range_id': 1001603, 'range_label': 'Position 58'}, {'no': 60, 'up_bound': 59, 'low_bound': 59, 'range_id': 1001604, 'range_label': 'Position 59'}, {'no': 61, 'up_bound': 60, 'low_bound': 60, 'range_id': 1001606, 'range_label': 'Position 60'}, {'no': 62, 'up_bound': 61, 'low_bound': 61, 'range_id': 1001607, 'range_label': 'Position 61'}, {'no': 63, 'up_bound': 62, 'low_bound': 62, 'range_id': 1001608, 'range_label': 'Position 62'}, {'no': 64, 'up_bound': 63, 'low_bound': 63, 'range_id': 1001609, 'range_label': 'Position 63'}, {'no': 65, 'up_bound': 64, 'low_bound': 64, 'range_id': 1001610, 'range_label': 'Position 64'}, {'no': 66, 'up_bound': 65, 'low_bound': 65, 'range_id': 1001611, 'range_label': 'Position 65'}, {'no': 67, 'up_bound': 66, 'low_bound': 66, 'range_id': 1001612, 'range_label': 'Position 66'}, {'no': 68, 'up_bound': 67, 'low_bound': 67, 'range_id': 1001613, 'range_label': 'Position 67'}, {'no': 69, 'up_bound': 68, 'low_bound': 68, 'range_id': 1001614, 'range_label': 'Position 68'}, {'no': 70, 'up_bound': 69, 'low_bound': 69, 'range_id': 1001615, 'range_label': 'Position 69'}, {'no': 71, 'up_bound': 70, 'low_bound': 70, 'range_id': 1001617, 'range_label': 'Position 70'}, {'no': 72, 'up_bound': 71, 'low_bound': 71, 'range_id': 1001618, 'range_label': 'Position 71'}, {'no': 73, 'up_bound': 72, 'low_bound': 72, 'range_id': 1001619, 'range_label': 'Position 72'}, {'no': 74, 'up_bound': 73, 'low_bound': 73, 'range_id': 1001620, 'range_label': 'Position 73'}, {'no': 75, 'up_bound': 74, 'low_bound': 74, 'range_id': 1001621, 'range_label': 'Position 74'}, {'no': 76, 'up_bound': 75, 'low_bound': 75, 'range_id': 1001622, 'range_label': 'Position 75'}, {'no': 77, 'up_bound': 76, 'low_bound': 76, 'range_id': 1001623, 'range_label': 'Position 76'}, {'no': 78, 'up_bound': 77, 'low_bound': 77, 'range_id': 1001624, 'range_label': 'Position 77'}, {'no': 79, 'up_bound': 78, 'low_bound': 78, 'range_id': 1001625, 'range_label': 'Position 78'}, {'no': 80, 'up_bound': 79, 'low_bound': 79, 'range_id': 1001626, 'range_label': 'Position 79'}, {'no': 81, 'up_bound': 80, 'low_bound': 80, 'range_id': 1001628, 'range_label': 'Position 80'}, {'no': 82, 'up_bound': 81, 'low_bound': 81, 'range_id': 1001629, 'range_label': 'Position 81'}, {'no': 83, 'up_bound': 82, 'low_bound': 82, 'range_id': 1001630, 'range_label': 'Position 82'}, {'no': 84, 'up_bound': 83, 'low_bound': 83, 'range_id': 1001631, 'range_label': 'Position 83'}, {'no': 85, 'up_bound': 84, 'low_bound': 84, 'range_id': 1001632, 'range_label': 'Position 84'}, {'no': 86, 'up_bound': 85, 'low_bound': 85, 'range_id': 1001633, 'range_label': 'Position 85'}, {'no': 87, 'up_bound': 86, 'low_bound': 86, 'range_id': 1001634, 'range_label': 'Position 86'}, {'no': 88, 'up_bound': 87, 'low_bound': 87, 'range_id': 1001635, 'range_label': 'Position 87'}, {'no': 89, 'up_bound': 88, 'low_bound': 88, 'range_id': 1001636, 'range_label': 'Position 88'}, {'no': 90, 'up_bound': 89, 'low_bound': 89, 'range_id': 1001637, 'range_label': 'Position 89'}, {'no': 91, 'up_bound': 90, 'low_bound': 90, 'range_id': 1001639, 'range_label': 'Position 90'}, {'no': 92, 'up_bound': 91, 'low_bound': 91, 'range_id': 1001640, 'range_label': 'Position 91'}, {'no': 93, 'up_bound': 92, 'low_bound': 92, 'range_id': 1001641, 'range_label': 'Position 92'}, {'no': 94, 'up_bound': 93, 'low_bound': 93, 'range_id': 1001642, 'range_label': 'Position 93'}, {'no': 95, 'up_bound': 94, 'low_bound': 94, 'range_id': 1001643, 'range_label': 'Position 94'}, {'no': 96, 'up_bound': 95, 'low_bound': 95, 'range_id': 1001644, 'range_label': 'Position 95'}, {'no': 97, 'up_bound': 96, 'low_bound': 96, 'range_id': 1001645, 'range_label': 'Position 96'}, {'no': 98, 'up_bound': 97, 'low_bound': 97, 'range_id': 1001646, 'range_label': 'Position 97'}, {'no': 99, 'up_bound': 98, 'low_bound': 98, 'range_id': 1001647, 'range_label': 'Position 98'}, {'no': 100, 'up_bound': 99, 'low_bound': 99, 'range_id': 1001648, 'range_label': 'Position 99'}, {'no': 101, 'up_bound': 100, 'low_bound': 100, 'range_id': 1001396, 'range_label': 'Position 100'}, {'no': 102, 'up_bound': 101, 'low_bound': 101, 'range_id': 1001397, 'range_label': 'Position 101'}, {'no': 103, 'up_bound': 102, 'low_bound': 102, 'range_id': 1001398, 'range_label': 'Position 102'}, {'no': 104, 'up_bound': 103, 'low_bound': 103, 'range_id': 1001399, 'range_label': 'Position 103'}, {'no': 105, 'up_bound': 104, 'low_bound': 104, 'range_id': 1001400, 'range_label': 'Position 104'}, {'no': 106, 'up_bound': 105, 'low_bound': 105, 'range_id': 1001401, 'range_label': 'Position 105'}, {'no': 107, 'up_bound': 106, 'low_bound': 106, 'range_id': 1001402, 'range_label': 'Position 106'}, {'no': 108, 'up_bound': 107, 'low_bound': 107, 'range_id': 1001403, 'range_label': 'Position 107'}, {'no': 109, 'up_bound': 108, 'low_bound': 108, 'range_id': 1001404, 'range_label': 'Position 108'}, {'no': 110, 'up_bound': 109, 'low_bound': 109, 'range_id': 1001405, 'range_label': 'Position 109'}, {'no': 111, 'up_bound': 110, 'low_bound': 110, 'range_id': 1001407, 'range_label': 'Position 110'}, {'no': 112, 'up_bound': 111, 'low_bound': 111, 'range_id': 1001408, 'range_label': 'Position 111'}, {'no': 113, 'up_bound': 112, 'low_bound': 112, 'range_id': 1001409, 'range_label': 'Position 112'}, {'no': 114, 'up_bound': 113, 'low_bound': 113, 'range_id': 1001410, 'range_label': 'Position 113'}, {'no': 115, 'up_bound': 114, 'low_bound': 114, 'range_id': 1001411, 'range_label': 'Position 114'}, {'no': 116, 'up_bound': 115, 'low_bound': 115, 'range_id': 1001412, 'range_label': 'Position 115'}, {'no': 117, 'up_bound': 116, 'low_bound': 116, 'range_id': 1001413, 'range_label': 'Position 116'}, {'no': 118, 'up_bound': 117, 'low_bound': 117, 'range_id': 1001414, 'range_label': 'Position 117'}, {'no': 119, 'up_bound': 118, 'low_bound': 118, 'range_id': 1001415, 'range_label': 'Position 118'}, {'no': 120, 'up_bound': 119, 'low_bound': 119, 'range_id': 1001416, 'range_label': 'Position 119'}, {'no': 121, 'up_bound': 120, 'low_bound': 120, 'range_id': 1001418, 'range_label': 'Position 120'}, {'no': 122, 'up_bound': 121, 'low_bound': 121, 'range_id': 1001419, 'range_label': 'Position 121'}, {'no': 123, 'up_bound': 122, 'low_bound': 122, 'range_id': 1001420, 'range_label': 'Position 122'}, {'no': 124, 'up_bound': 123, 'low_bound': 123, 'range_id': 1001421, 'range_label': 'Position 123'}, {'no': 125, 'up_bound': 124, 'low_bound': 124, 'range_id': 1001422, 'range_label': 'Position 124'}, {'no': 126, 'up_bound': 125, 'low_bound': 125, 'range_id': 1001423, 'range_label': 'Position 125'}, {'no': 127, 'up_bound': 126, 'low_bound': 126, 'range_id': 1001424, 'range_label': 'Position 126'}, {'no': 128, 'up_bound': 127, 'low_bound': 127, 'range_id': 1001425, 'range_label': 'Position 127'}, {'no': 129, 'up_bound': 128, 'low_bound': 128, 'range_id': 1001426, 'range_label': 'Position 128'}, {'no': 130, 'up_bound': 129, 'low_bound': 129, 'range_id': 1001427, 'range_label': 'Position 129'}, {'no': 131, 'up_bound': 130, 'low_bound': 130, 'range_id': 1001429, 'range_label': 'Position 130'}, {'no': 132, 'up_bound': 131, 'low_bound': 131, 'range_id': 1001430, 'range_label': 'Position 131'}, {'no': 133, 'up_bound': 132, 'low_bound': 132, 'range_id': 1001431, 'range_label': 'Position 132'}, {'no': 134, 'up_bound': 133, 'low_bound': 133, 'range_id': 1001432, 'range_label': 'Position 133'}, {'no': 135, 'up_bound': 134, 'low_bound': 134, 'range_id': 1001433, 'range_label': 'Position 134'}, {'no': 136, 'up_bound': 135, 'low_bound': 135, 'range_id': 1001434, 'range_label': 'Position 135'}, {'no': 137, 'up_bound': 136, 'low_bound': 136, 'range_id': 1001435, 'range_label': 'Position 136'}, {'no': 138, 'up_bound': 137, 'low_bound': 137, 'range_id': 1001436, 'range_label': 'Position 137'}, {'no': 139, 'up_bound': 138, 'low_bound': 138, 'range_id': 1001437, 'range_label': 'Position 138'}, {'no': 140, 'up_bound': 139, 'low_bound': 139, 'range_id': 1001438, 'range_label': 'Position 139'}, {'no': 141, 'up_bound': 140, 'low_bound': 140, 'range_id': 1001440, 'range_label': 'Position 140'}, {'no': 142, 'up_bound': 141, 'low_bound': 141, 'range_id': 1001441, 'range_label': 'Position 141'}, {'no': 143, 'up_bound': 142, 'low_bound': 142, 'range_id': 1001442, 'range_label': 'Position 142'}, {'no': 144, 'up_bound': 143, 'low_bound': 143, 'range_id': 1001443, 'range_label': 'Position 143'}, {'no': 145, 'up_bound': 144, 'low_bound': 144, 'range_id': 1001444, 'range_label': 'Position 144'}, {'no': 146, 'up_bound': 145, 'low_bound': 145, 'range_id': 1001445, 'range_label': 'Position 145'}, {'no': 147, 'up_bound': 146, 'low_bound': 146, 'range_id': 1001446, 'range_label': 'Position 146'}, {'no': 148, 'up_bound': 147, 'low_bound': 147, 'range_id': 1001447, 'range_label': 'Position 147'}, {'no': 149, 'up_bound': 148, 'low_bound': 148, 'range_id': 1001448, 'range_label': 'Position 148'}, {'no': 150, 'up_bound': 149, 'low_bound': 149, 'range_id': 1001449, 'range_label': 'Position 149'}, {'no': 151, 'up_bound': 150, 'low_bound': 150, 'range_id': 1001451, 'range_label': 'Position 150'}, {'no': 152, 'up_bound': 151, 'low_bound': 151, 'range_id': 1001452, 'range_label': 'Position 151'}, {'no': 153, 'up_bound': 152, 'low_bound': 152, 'range_id': 1001453, 'range_label': 'Position 152'}, {'no': 154, 'up_bound': 153, 'low_bound': 153, 'range_id': 1001454, 'range_label': 'Position 153'}, {'no': 155, 'up_bound': 154, 'low_bound': 154, 'range_id': 1001455, 'range_label': 'Position 154'}, {'no': 156, 'up_bound': 155, 'low_bound': 155, 'range_id': 1001456, 'range_label': 'Position 155'}, {'no': 157, 'up_bound': 156, 'low_bound': 156, 'range_id': 1001457, 'range_label': 'Position 156'}, {'no': 158, 'up_bound': 157, 'low_bound': 157, 'range_id': 1001458, 'range_label': 'Position 157'}, {'no': 159, 'up_bound': 158, 'low_bound': 158, 'range_id': 1001459, 'range_label': 'Position 158'}, {'no': 160, 'up_bound': 159, 'low_bound': 159, 'range_id': 1001460, 'range_label': 'Position 159'}, {'no': 161, 'up_bound': 160, 'low_bound': 160, 'range_id': 1001462, 'range_label': 'Position 160'}, {'no': 162, 'up_bound': 161, 'low_bound': 161, 'range_id': 1001463, 'range_label': 'Position 161'}, {'no': 163, 'up_bound': 162, 'low_bound': 162, 'range_id': 1001464, 'range_label': 'Position 162'}, {'no': 164, 'up_bound': 163, 'low_bound': 163, 'range_id': 1001465, 'range_label': 'Position 163'}, {'no': 165, 'up_bound': 164, 'low_bound': 164, 'range_id': 1001466, 'range_label': 'Position 164'}, {'no': 166, 'up_bound': 165, 'low_bound': 165, 'range_id': 1001467, 'range_label': 'Position 165'}, {'no': 167, 'up_bound': 166, 'low_bound': 166, 'range_id': 1001468, 'range_label': 'Position 166'}, {'no': 168, 'up_bound': 167, 'low_bound': 167, 'range_id': 1001469, 'range_label': 'Position 167'}, {'no': 169, 'up_bound': 168, 'low_bound': 168, 'range_id': 1001470, 'range_label': 'Position 168'}, {'no': 170, 'up_bound': 169, 'low_bound': 169, 'range_id': 1001471, 'range_label': 'Position 169'}, {'no': 171, 'up_bound': 170, 'low_bound': 170, 'range_id': 1001473, 'range_label': 'Position 170'}, {'no': 172, 'up_bound': 171, 'low_bound': 171, 'range_id': 1001474, 'range_label': 'Position 171'}, {'no': 173, 'up_bound': 172, 'low_bound': 172, 'range_id': 1001475, 'range_label': 'Position 172'}, {'no': 174, 'up_bound': 173, 'low_bound': 173, 'range_id': 1001476, 'range_label': 'Position 173'}, {'no': 175, 'up_bound': 174, 'low_bound': 174, 'range_id': 1001477, 'range_label': 'Position 174'}, {'no': 176, 'up_bound': 175, 'low_bound': 175, 'range_id': 1001478, 'range_label': 'Position 175'}, {'no': 177, 'up_bound': 176, 'low_bound': 176, 'range_id': 1001479, 'range_label': 'Position 176'}, {'no': 178, 'up_bound': 177, 'low_bound': 177, 'range_id': 1001480, 'range_label': 'Position 177'}, {'no': 179, 'up_bound': 178, 'low_bound': 178, 'range_id': 1001481, 'range_label': 'Position 178'}, {'no': 180, 'up_bound': 179, 'low_bound': 179, 'range_id': 1001482, 'range_label': 'Position 179'}, {'no': 181, 'up_bound': 180, 'low_bound': 180, 'range_id': 1001484, 'range_label': 'Position 180'}, {'no': 182, 'up_bound': 181, 'low_bound': 181, 'range_id': 1001485, 'range_label': 'Position 181'}, {'no': 183, 'up_bound': 182, 'low_bound': 182, 'range_id': 1001486, 'range_label': 'Position 182'}, {'no': 184, 'up_bound': 183, 'low_bound': 183, 'range_id': 1001487, 'range_label': 'Position 183'}, {'no': 185, 'up_bound': 184, 'low_bound': 184, 'range_id': 1001488, 'range_label': 'Position 184'}, {'no': 186, 'up_bound': 185, 'low_bound': 185, 'range_id': 1001489, 'range_label': 'Position 185'}, {'no': 187, 'up_bound': 186, 'low_bound': 186, 'range_id': 1001490, 'range_label': 'Position 186'}, {'no': 188, 'up_bound': 187, 'low_bound': 187, 'range_id': 1001491, 'range_label': 'Position 187'}, {'no': 189, 'up_bound': 188, 'low_bound': 188, 'range_id': 1001492, 'range_label': 'Position 188'}, {'no': 190, 'up_bound': 189, 'low_bound': 189, 'range_id': 1001493, 'range_label': 'Position 189'}, {'no': 191, 'up_bound': 190, 'low_bound': 190, 'range_id': 1001495, 'range_label': 'Position 190'}, {'no': 192, 'up_bound': 191, 'low_bound': 191, 'range_id': 1001496, 'range_label': 'Position 191'}, {'no': 193, 'up_bound': 192, 'low_bound': 192, 'range_id': 1001497, 'range_label': 'Position 192'}, {'no': 194, 'up_bound': 193, 'low_bound': 193, 'range_id': 1001498, 'range_label': 'Position 193'}, {'no': 195, 'up_bound': 194, 'low_bound': 194, 'range_id': 1001499, 'range_label': 'Position 194'}, {'no': 196, 'up_bound': 195, 'low_bound': 195, 'range_id': 1001500, 'range_label': 'Position 195'}, {'no': 197, 'up_bound': 196, 'low_bound': 196, 'range_id': 1001501, 'range_label': 'Position 196'}, {'no': 198, 'up_bound': 197, 'low_bound': 197, 'range_id': 1001502, 'range_label': 'Position 197'}, {'no': 199, 'up_bound': 198, 'low_bound': 198, 'range_id': 1001503, 'range_label': 'Position 198'}, {'no': 200, 'up_bound': 199, 'low_bound': 199, 'range_id': 1001504, 'range_label': 'Position 199'}, {'no': 201, 'up_bound': 200, 'low_bound': 200, 'range_id': 1001507, 'range_label': 'Position 200'}, {'no': 202, 'up_bound': 201, 'low_bound': 201, 'range_id': 1001508, 'range_label': 'Position 201'}, {'no': 203, 'up_bound': 202, 'low_bound': 202, 'range_id': 1001509, 'range_label': 'Position 202'}, {'no': 204, 'up_bound': 203, 'low_bound': 203, 'range_id': 1001510, 'range_label': 'Position 203'}, {'no': 205, 'up_bound': 204, 'low_bound': 204, 'range_id': 1001511, 'range_label': 'Position 204'}, {'no': 206, 'up_bound': 205, 'low_bound': 205, 'range_id': 1001512, 'range_label': 'Position 205'}, {'no': 207, 'up_bound': 206, 'low_bound': 206, 'range_id': 1001513, 'range_label': 'Position 206'}, {'no': 208, 'up_bound': 207, 'low_bound': 207, 'range_id': 1001514, 'range_label': 'Position 207'}, {'no': 209, 'up_bound': 208, 'low_bound': 208, 'range_id': 1001515, 'range_label': 'Position 208'}, {'no': 210, 'up_bound': 209, 'low_bound': 209, 'range_id': 1001516, 'range_label': 'Position 209'}, {'no': 211, 'up_bound': 210, 'low_bound': 210, 'range_id': 1001518, 'range_label': 'Position 210'}, {'no': 212, 'up_bound': 211, 'low_bound': 211, 'range_id': 1001519, 'range_label': 'Position 211'}, {'no': 213, 'up_bound': 212, 'low_bound': 212, 'range_id': 1001520, 'range_label': 'Position 212'}, {'no': 214, 'up_bound': 213, 'low_bound': 213, 'range_id': 1001521, 'range_label': 'Position 213'}, {'no': 215, 'up_bound': 214, 'low_bound': 214, 'range_id': 1001522, 'range_label': 'Position 214'}, {'no': 216, 'up_bound': 215, 'low_bound': 215, 'range_id': 1001523, 'range_label': 'Position 215'}, {'no': 217, 'up_bound': 216, 'low_bound': 216, 'range_id': 1001524, 'range_label': 'Position 216'}, {'no': 218, 'up_bound': 217, 'low_bound': 217, 'range_id': 1001525, 'range_label': 'Position 217'}, {'no': 219, 'up_bound': 218, 'low_bound': 218, 'range_id': 1001526, 'range_label': 'Position 218'}, {'no': 220, 'up_bound': 219, 'low_bound': 219, 'range_id': 1001527, 'range_label': 'Position 219'}, {'no': 221, 'up_bound': 220, 'low_bound': 220, 'range_id': 1001529, 'range_label': 'Position 220'}, {'no': 222, 'up_bound': 221, 'low_bound': 221, 'range_id': 1001530, 'range_label': 'Position 221'}, {'no': 223, 'up_bound': 222, 'low_bound': 222, 'range_id': 1001531, 'range_label': 'Position 222'}, {'no': 224, 'up_bound': 223, 'low_bound': 223, 'range_id': 1001532, 'range_label': 'Position 223'}, {'no': 225, 'up_bound': 224, 'low_bound': 224, 'range_id': 1001533, 'range_label': 'Position 224'}, {'no': 226, 'up_bound': 225, 'low_bound': 225, 'range_id': 1001534, 'range_label': 'Position 225'}, {'no': 227, 'up_bound': 226, 'low_bound': 226, 'range_id': 1001535, 'range_label': 'Position 226'}, {'no': 228, 'up_bound': 227, 'low_bound': 227, 'range_id': 1001536, 'range_label': 'Position 227'}, {'no': 229, 'up_bound': 228, 'low_bound': 228, 'range_id': 1001537, 'range_label': 'Position 228'}, {'no': 230, 'up_bound': 229, 'low_bound': 229, 'range_id': 1001538, 'range_label': 'Position 229'}, {'no': 231, 'up_bound': 230, 'low_bound': 230, 'range_id': 1001540, 'range_label': 'Position 230'}, {'no': 232, 'up_bound': 231, 'low_bound': 231, 'range_id': 1001541, 'range_label': 'Position 231'}, {'no': 233, 'up_bound': 232, 'low_bound': 232, 'range_id': 1001542, 'range_label': 'Position 232'}, {'no': 234, 'up_bound': 233, 'low_bound': 233, 'range_id': 1001543, 'range_label': 'Position 233'}, {'no': 235, 'up_bound': 234, 'low_bound': 234, 'range_id': 1001544, 'range_label': 'Position 234'}, {'no': 236, 'up_bound': 235, 'low_bound': 235, 'range_id': 1001545, 'range_label': 'Position 235'}, {'no': 237, 'up_bound': 236, 'low_bound': 236, 'range_id': 1001546, 'range_label': 'Position 236'}, {'no': 238, 'up_bound': 237, 'low_bound': 237, 'range_id': 1001547, 'range_label': 'Position 237'}, {'no': 239, 'up_bound': 238, 'low_bound': 238, 'range_id': 1001548, 'range_label': 'Position 238'}, {'no': 240, 'up_bound': 239, 'low_bound': 239, 'range_id': 1001549, 'range_label': 'Position 239'}, {'no': 241, 'up_bound': 240, 'low_bound': 240, 'range_id': 1001551, 'range_label': 'Position 240'}, {'no': 242, 'up_bound': 241, 'low_bound': 241, 'range_id': 1001552, 'range_label': 'Position 241'}, {'no': 243, 'up_bound': 242, 'low_bound': 242, 'range_id': 1001553, 'range_label': 'Position 242'}, {'no': 244, 'up_bound': 243, 'low_bound': 243, 'range_id': 1001554, 'range_label': 'Position 243'}, {'no': 245, 'up_bound': 244, 'low_bound': 244, 'range_id': 1001555, 'range_label': 'Position 244'}, {'no': 246, 'up_bound': 245, 'low_bound': 245, 'range_id': 1001556, 'range_label': 'Position 245'}, {'no': 247, 'up_bound': 246, 'low_bound': 246, 'range_id': 1001557, 'range_label': 'Position 246'}, {'no': 248, 'up_bound': 247, 'low_bound': 247, 'range_id': 1001558, 'range_label': 'Position 247'}, {'no': 249, 'up_bound': 248, 'low_bound': 248, 'range_id': 1001559, 'range_label': 'Position 248'}, {'no': 250, 'up_bound': 249, 'low_bound': 249, 'range_id': 1001560, 'range_label': 'Position 249'}, {'no': 251, 'up_bound': 250, 'low_bound': 250, 'range_id': 1001562, 'range_label': 'Position 250'}, {'no': 252, 'up_bound': 251, 'low_bound': 251, 'range_id': 1001563, 'range_label': 'Position 251'}, {'no': 253, 'up_bound': 252, 'low_bound': 252, 'range_id': 1001564, 'range_label': 'Position 252'}, {'no': 254, 'up_bound': 253, 'low_bound': 253, 'range_id': 1001565, 'range_label': 'Position 253'}, {'no': 255, 'up_bound': 254, 'low_bound': 254, 'range_id': 1001566, 'range_label': 'Position 254'}, {'no': 256, 'up_bound': 255, 'low_bound': 255, 'range_id': 1001567, 'range_label': 'Position 255'}]"
Freeze Frame Data,Fuel control,Engine/TM setting,560,430,271,0,1,0x3DA541,0x5,0x3,,1,2,1,2,4,4,-1,1,0,0,16000178,Mode 1,0,0,0,"[{'no': 1, 'up_bound': 0, 'low_bound': 0, 'range_id': 16000178, 'range_label': 'Mode 1'}, {'no': 2, 'up_bound': 1, 'low_bound': 1, 'range_id': 16000177, 'range_label': 'Mode 2'}, {'no': 3, 'up_bound': 2, 'low_bound': 2, 'range_id': 13000209, 'range_label': 'Mode 3'}, {'no': 4, 'up_bound': 3, 'low_bound': 3, 'range_id': 13000210, 'range_label': 'Mode 4'}, {'no': 5, 'up_bound': 4, 'low_bound': 4, 'range_id': 1000897, 'range_label': 'Mode 5'}, {'no': 6, 'up_bound': 5, 'low_bound': 5, 'range_id': 1001671, 'range_label': 'Mode 6'}, {'no': 7, 'up_bound': 6, 'low_bound': 6, 'range_id': 1001672, 'range_label': 'Mode 7'}, {'no': 8, 'up_bound': 7, 'low_bound': 7, 'range_id': 1001673, 'range_label': 'Mode 8'}, {'no': 9, 'up_bound': 8, 'low_bound': 8, 'range_id': 1001674, 'range_label': 'Mode 9'}, {'no': 10, 'up_bound': 9, 'low_bound': 9, 'range_id': 1001650, 'range_label': 'Mode 10'}, {'no': 11, 'up_bound': 10, 'low_bound': 10, 'range_id': 1001651, 'range_label': 'Mode 11'}, {'no': 12, 'up_bound': 11, 'low_bound': 11, 'range_id': 1001652, 'range_label': 'Mode 12'}, {'no': 13, 'up_bound': 12, 'low_bound': 12, 'range_id': 1001653, 'range_label': 'Mode 13'}, {'no': 14, 'up_bound': 13, 'low_bound': 13, 'range_id': 1001654, 'range_label': 'Mode 14'}, {'no': 15, 'up_bound': 15, 'low_bound': 14, 'range_id': 9100218, 'range_label': 'Not used'}]"
Freeze Frame Data,Fuel control,STRG SETTING,570,820,272,0,1,0x3DA541,0x5,0x3,,1,2,1,2,0,4,-1,1,0,0,16000178,Mode 1,0,0,0,"[{'no': 1, 'up_bound': 0, 'low_bound': 0, 'range_id': 16000178, 'range_label': 'Mode 1'}, {'no': 2, 'up_bound': 1, 'low_bound': 1, 'range_id': 16000177, 'range_label': 'Mode 2'}, {'no': 3, 'up_bound': 2, 'low_bound': 2, 'range_id': 13000209, 'range_label': 'Mode 3'}, {'no': 4, 'up_bound': 3, 'low_bound': 3, 'range_id': 13000210, 'range_label': 'Mode 4'}, {'no': 5, 'up_bound': 4, 'low_bound': 4, 'range_id': 1000897, 'range_label': 'Mode 5'}, {'no': 6, 'up_bound': 5, 'low_bound': 5, 'range_id': 1001671, 'range_label': 'Mode 6'}, {'no': 7, 'up_bound': 6, 'low_bound': 6, 'range_id': 1001672, 'range_label': 'Mode 7'}, {'no': 8, 'up_bound': 7, 'low_bound': 7, 'range_id': 1001673, 'range_label': 'Mode 8'}, {'no': 9, 'up_bound': 8, 'low_bound': 8, 'range_id': 1001674, 'range_label': 'Mode 9'}, {'no': 10, 'up_bound': 9, 'low_bound': 9, 'range_id': 1001650, 'range_label': 'Mode 10'}, {'no': 11, 'up_bound': 10, 'low_bound': 10, 'range_id': 1001651, 'range_label': 'Mode 11'}, {'no': 12, 'up_bound': 11, 'low_bound': 11, 'range_id': 1001652, 'range_label': 'Mode 12'}, {'no': 13, 'up_bound': 12, 'low_bound': 12, 'range_id': 1001653, 'range_label': 'Mode 13'}, {'no': 14, 'up_bound': 13, 'low_bound': 13, 'range_id': 1001654, 'range_label': 'Mode 14'}, {'no': 15, 'up_bound': 15, 'low_bound': 14, 'range_id': 9100218, 'range_label': 'Not used'}]"
Freeze Frame Data,Fuel control,4WD setting,580,10,273,0,1,0x3DA541,0x5,0x4,,1,2,1,2,5,3,-1,1,0,0,16000178,Mode 1,0,0,0,"[{'no': 1, 'up_bound': 0, 'low_bound': 0, 'range_id': 16000178, 'range_label': 'Mode 1'}, {'no': 2, 'up_bound': 1, 'low_bound': 1, 'range_id': 16000177, 'range_label': 'Mode 2'}, {'no': 3, 'up_bound': 2, 'low_bound': 2, 'range_id': 13000209, 'range_label': 'Mode 3'}, {'no': 4, 'up_bound': 3, 'low_bound': 3, 'range_id': 13000210, 'range_label': 'Mode 4'}, {'no': 5, 'up_bound': 4, 'low_bound': 4, 'range_id': 1000897, 'range_label': 'Mode 5'}, {'no': 6, 'up_bound': 5, 'low_bound': 5, 'range_id': 1001671, 'range_label': 'Mode 6'}, {'no': 7, 'up_bound': 7, 'low_bound': 6, 'range_id': 9100218, 'range_label': 'Not used'}]"
Freeze Frame Data,Fuel control,ATC SETTING,590,250,274,0,1,0x3DA541,0x5,0x5,,1,2,1,2,7,1,-1,1,0,0,1000004,ON,0,0,0,"[{'no': 1, 'up_bound': 0, 'low_bound': 0, 'range_id': 1000004, 'range_label': 'ON'}, {'no': 2, 'up_bound': 1, 'low_bound': 1, 'range_id': 1000003, 'range_label': 'OFF'}]"
Freeze Frame Data,Fuel control,ACC setting,600,110,275,0,1,0x3DA541,0x5,0x5,,1,2,1,2,6,1,-1,1,0,0,1000004,ON,0,0,0,"[{'no': 1, 'up_bound': 0, 'low_bound': 0, 'range_id': 1000004, 'range_label': 'ON'}, {'no': 2, 'up_bound': 1, 'low_bound': 1, 'range_id': 1000003, 'range_label': 'OFF'}]"
Freeze Frame Data,Fuel control,Keyless operation key LINK,610,570,276,0,1,0x3DA541,0x5,0x6,,1,2,1,2,7,1,-1,1,0,0,1000003,OFF,0,0,0,"[{'no': 1, 'up_bound': 0, 'low_bound': 0, 'range_id': 1000003, 'range_label': 'OFF'}, {'no': 2, 'up_bound': 1, 'low_bound': 1, 'range_id': 1000004, 'range_label': 'ON'}]"
Freeze Frame Data,Fuel control,LOG-IN PERMIS,620,580,277,0,1,0x3DA541,0x5,0x6,,1,2,1,2,6,1,-1,1,0,0,8000547,Not permission,0,0,0,"[{'no': 1, 'up_bound': 0, 'low_bound': 0, 'range_id': 8000547, 'range_label': 'Not permission'}, {'no': 2, 'up_bound': 1, 'low_bound': 1, 'range_id': 9100133, 'range_label': 'Permission'}]"
Freeze Frame Data,Fuel control,Drive mode select switch (UP),630,360,278,0,1,0x3DA541,0x5,0x6,,1,2,1,2,5,1,-1,1,0,0,1001702,Not operation,0,0,0,"[{'no': 1, 'up_bound': 0, 'low_bound': 0, 'range_id': 1001702, 'range_label': 'Not operation'}, {'no': 2, 'up_bound': 1, 'low_bound': 1, 'range_id': 1001692, 'range_label': 'Operation'}]"
Freeze Frame Data,Fuel control,Drive mode select switch (DOWN),640,350,279,0,1,0x3DA541,0x5,0x6,,1,2,1,2,4,1,-1,1,0,0,1001702,Not operation,0,0,0,"[{'no': 1, 'up_bound': 0, 'low_bound': 0, 'range_id': 1001702, 'range_label': 'Not operation'}, {'no': 2, 'up_bound': 1, 'low_bound': 1, 'range_id': 1001692, 'range_label': 'Operation'}]"
Freeze Frame Data,Fuel control,Driver Request Torque,650,390,280,0,1,0x3DA541,0x6,0x0,Nm,0,2,2,2,-1,-1,-1,1,0,0,0,,2,0,0,"[{'no': 1, 'up_bound': 0, 'low_bound': 0, 'range_id': 0, 'range_label': None}]"
Freeze Frame Data,Fuel control,Slope Torque Estimation,660,740,281,0,1,0x3DA541,0x6,0x1,Nm,0,2,2,2,-1,-1,-1,1,0,0,0,,0.5,0,1,"[{'no': 1, 'up_bound': 0, 'low_bound': 0, 'range_id': 0, 'range_label': None}]"
Freeze Frame Data,Fuel control,Front Motor Rotating Speed,670,510,282,0,1,0x3DA541,0x6,0x2,r/min,0,2,2,2,-1,-1,-1,1,0,0,0,,10,0,0,"[{'no': 1, 'up_bound': 0, 'low_bound': 0, 'range_id': 0, 'range_label': None}]"
Freeze Frame Data,Fuel control,Rear Motor Rotating Speed,680,660,283,0,1,0x3DA541,0x6,0x3,r/min,0,2,2,2,-1,-1,-1,1,0,0,0,,10,0,0,"[{'no': 1, 'up_bound': 0, 'low_bound': 0, 'range_id': 0, 'range_label': None}]"
Freeze Frame Data,Fuel control,Front Brake Wheel Torque,690,500,284,0,1,0x3DA541,0x6,0x4,Nm,0,2,2,2,-1,-1,-1,1,0,0,0,,2,0,0,"[{'no': 1, 'up_bound': 0, 'low_bound': 0, 'range_id': 0, 'range_label': None}]"
Freeze Frame Data,Fuel control,Rear Brake Wheel Torque,700,650,285,0,1,0x3DA541,0x6,0x5,Nm,0,2,2,2,-1,-1,-1,1,0,0,0,,2,0,0,"[{'no': 1, 'up_bound': 0, 'low_bound': 0, 'range_id': 0, 'range_label': None}]"
Freeze Frame Data,Fuel control,Brake Wheel Torque Estimation,710,290,286,0,1,0x3DA541,0x6,0x6,Nm,0,2,2,2,-1,-1,-1,1,0,0,0,,1,0,0,"[{'no': 1, 'up_bound': 0, 'low_bound': 0, 'range_id': 0, 'range_label': None}]"
Freeze Frame Data,Fuel control,Target Braking Force,720,830,287,0,1,0x3DA541,0x6,0x7,N,0,2,2,2,-1,-1,-1,1,0,0,0,,10,0,0,"[{'no': 1, 'up_bound': 0, 'low_bound': 0, 'range_id': 0, 'range_label': None}]"
Freeze Frame Data,Fuel control,Torque Control Type from ASC,730,870,288,0,1,0x3DA541,0x6,0x8,,1,2,1,2,5,3,-1,1,0,0,8002193,No torque request,0,0,0,"[{'no': 1, 'up_bound': 0, 'low_bound': 0, 'range_id': 8002193, 'range_label': 'No torque request'}, {'no': 2, 'up_bound': 4, 'low_bound': 1, 'range_id': 9100218, 'range_label': 'Not used'}, {'no': 3, 'up_bound': 5, 'low_bound': 5, 'range_id': 8002194, 'range_label': 'ASR torque request'}, {'no': 4, 'up_bound': 6, 'low_bound': 6, 'range_id': 8002195, 'range_label': 'MSR torque request'}, {'no': 5, 'up_bound': 7, 'low_bound': 7, 'range_id': 9100218, 'range_label': 'Not used'}]"
Freeze Frame Data,Fuel control,Chassis Dynamometer Mode Status,740,310,289,0,1,0x3DA541,0x6,0x8,,1,2,1,2,3,2,-1,1,0,0,8002196,No regulation (default),0,0,0,"[{'no': 1, 'up_bound': 0, 'low_bound': 0, 'range_id': 8002196, 'range_label': 'No regulation (default)'}, {'no': 2, 'up_bound': 1, 'low_bound': 1, 'range_id': 8002197, 'range_label': 'In regulation'}, {'no': 3, 'up_bound': 2, 'low_bound': 2, 'range_id': 8002198, 'range_label': 'Prohibited temporary'}, {'no': 4, 'up_bound': 3, 'low_bound': 3, 'range_id': 8002199, 'range_label': 'Prohibited'}]"
Freeze Frame Data,Fuel control,Stoplight Request,750,800,290,0,1,0x3DA541,0x6,0x8,,1,2,1,2,2,1,-1,1,0,0,7000789,No request,0,0,0,"[{'no': 1, 'up_bound': 0, 'low_bound': 0, 'range_id': 7000789, 'range_label': 'No request'}, {'no': 2, 'up_bound': 1, 'low_bound': 1, 'range_id': 8001631, 'range_label': 'Stoplight ON request'}]"
Freeze Frame Data,Fuel control,ADA2 Warning Request,760,190,291,0,1,0x3DA541,0x6,0x8,,1,2,1,2,1,1,-1,1,0,0,7000791,No Warning,0,0,0,"[{'no': 1, 'up_bound': 0, 'low_bound': 0, 'range_id': 7000791, 'range_label': 'No Warning'}, {'no': 2, 'up_bound': 1, 'low_bound': 1, 'range_id': 33000064, 'range_label': 'Warning'}]"
Freeze Frame Data,Fuel control,ADA2 Dec Limit Torque Request,770,150,292,0,1,0x3DA541,0x6,0x8,,1,2,1,2,0,1,-1,1,0,0,8001551,No request,0,0,0,"[{'no': 1, 'up_bound': 0, 'low_bound': 0, 'range_id': 8001551, 'range_label': 'No request'}, {'no': 2, 'up_bound': 1, 'low_bound': 1, 'range_id': 1001710, 'range_label': 'Request'}]"
Freeze Frame Data,Fuel control,Gear Lever Position,780,520,293,0,1,0x3DA541,0x6,0x9,,1,2,1,2,4,4,-1,1,0,0,8002200,Parking - P,0,0,0,"[{'no': 1, 'up_bound': 0, 'low_bound': 0, 'range_id': 8002200, 'range_label': 'Parking - P'}, {'no': 2, 'up_bound': 1, 'low_bound': 1, 'range_id': 8002201, 'range_label': 'Reverse - R'}, {'no': 3, 'up_bound': 2, 'low_bound': 2, 'range_id': 8002202, 'range_label': 'Neutral - N'}, {'no': 4, 'up_bound': 3, 'low_bound': 3, 'range_id': 8002203, 'range_label': 'Drive - D'}, {'no': 5, 'up_bound': 4, 'low_bound': 4, 'range_id': 8002204, 'range_label': 'Manual mode - M'}, {'no': 6, 'up_bound': 5, 'low_bound': 5, 'range_id': 3000008, 'range_label': 'L'}, {'no': 7, 'up_bound': 6, 'low_bound': 6, 'range_id': 3000130, 'range_label': 'Ds'}, {'no': 8, 'up_bound': 7, 'low_bound': 7, 'range_id': 8002205, 'range_label': 'Confirmed lever position'}, {'no': 9, 'up_bound': 8, 'low_bound': 8, 'range_id': 8002206, 'range_label': 'Brake - B'}, {'no': 10, 'up_bound': 14, 'low_bound': 9, 'range_id': 9100218, 'range_label': 'Not used'}, {'no': 11, 'up_bound': 15, 'low_bound': 15, 'range_id': 7000942, 'range_label': 'Not available'}]"
Freeze Frame Data,Fuel control,ASA Request Brake Torque,790,200,294,0,1,0x3DA541,0x6,0x10,Nm,0,2,2,2,-1,-1,-1,1,0,0,0,,1,0,0,"[{'no': 1, 'up_bound': 0, 'low_bound': 0, 'range_id': 0, 'range_label': None}]"
Freeze Frame Data,Fuel control,ADA2 PHEV-ECU Fail Flag,800,180,295,0,1,0x3DA541,0x6,0x11,,1,2,1,2,7,1,-1,1,0,0,8002171,No failure,0,0,0,"[{'no': 1, 'up_bound': 0, 'low_bound': 0, 'range_id': 8002171, 'range_label': 'No failure'}, {'no': 2, 'up_bound': 1, 'low_bound': 1, 'range_id': 8002207, 'range_label': 'Failure'}]"
Freeze Frame Data,Fuel control,ADA2 ON/OFF SW Flag,810,170,296,0,1,0x3DA541,0x6,0x11,,1,2,1,2,6,1,-1,1,0,0,1000003,OFF,0,0,0,"[{'no': 1, 'up_bound': 0, 'low_bound': 0, 'range_id': 1000003, 'range_label': 'OFF'}, {'no': 2, 'up_bound': 1, 'low_bound': 1, 'range_id': 1000004, 'range_label': 'ON'}]"
Freeze Frame Data,Fuel control,EPB Dynamic Braking status,820,450,297,0,1,0x3DA541,0x6,0x11,,1,2,1,2,5,1,-1,1,0,0,58000107,In progress,0,0,0,"[{'no': 1, 'up_bound': 0, 'low_bound': 0, 'range_id': 58000107, 'range_label': 'In progress'}, {'no': 2, 'up_bound': 1, 'low_bound': 1, 'range_id': 8002246, 'range_label': 'Not progress'}]"
Freeze Frame Data,Fuel control,ASR MSR Acknowledgement,830,240,298,0,1,0x3DA541,0x6,0x11,,1,2,1,2,4,1,-1,1,0,0,8002215,Not consistent,0,0,0,"[{'no': 1, 'up_bound': 0, 'low_bound': 0, 'range_id': 8002215, 'range_label': 'Not consistent'}, {'no': 2, 'up_bound': 1, 'low_bound': 1, 'range_id': 8002216, 'range_label': 'Consistent'}]"
Freeze Frame Data,Fuel control,ADA2 IDM Fail Flag,840,160,299,0,1,0x3DA541,0x6,0x11,,1,2,1,2,3,1,-1,1,0,0,8002171,No failure,0,0,0,"[{'no': 1, 'up_bound': 0, 'low_bound': 0, 'range_id': 8002171, 'range_label': 'No failure'}, {'no': 2, 'up_bound': 1, 'low_bound': 1, 'range_id': 8002207, 'range_label': 'Failure'}]"
Freeze Frame Data,Fuel control,Slope Estimation Permission Flag,850,730,300,0,1,0x3DA541,0x6,0x11,,1,2,1,2,2,1,-1,1,0,0,8002210,Not authorised,0,0,0,"[{'no': 1, 'up_bound': 0, 'low_bound': 0, 'range_id': 8002210, 'range_label': 'Not authorised'}, {'no': 2, 'up_bound': 1, 'low_bound': 1, 'range_id': 8002211, 'range_label': 'Authorized'}]"
Freeze Frame Data,Fuel control,Smooth Stop Permission Flag,860,750,301,0,1,0x3DA541,0x6,0x11,,1,2,1,2,1,1,-1,1,0,0,8002212,Forbidden,0,0,0,"[{'no': 1, 'up_bound': 0, 'low_bound': 0, 'range_id': 8002212, 'range_label': 'Forbidden'}, {'no': 2, 'up_bound': 1, 'low_bound': 1, 'range_id': 8002211, 'range_label': 'Authorized'}]"
Freeze Frame Data,Fuel control,Decel Limit Target Torque,870,330,302,0,1,0x3DA541,0x6,0x12,Nm,0,2,2,2,-1,-1,-1,1,0,0,0,,2.5,0,1,"[{'no': 1, 'up_bound': 0, 'low_bound': 0, 'range_id': 0, 'range_label': None}]"
Freeze Frame Data,Fuel control,Auto Hold Request Torque,880,260,303,0,1,0x3DA541,0x6,0x13,Nm,0,2,1,2,-1,-1,-1,1,0,0,0,,15,0,0,"[{'no': 1, 'up_bound': 0, 'low_bound': 0, 'range_id': 0, 'range_label': None}]"
Freeze Frame Data,Fuel control,Parking Status,890,630,304,0,1,0x3DA541,0x6,0x14,,1,2,1,2,6,2,-1,1,0,0,9100218,Not used,0,0,0,"[{'no': 1, 'up_bound': 0, 'low_bound': 0, 'range_id': 9100218, 'range_label': 'Not used'}, {'no': 2, 'up_bound': 1, 'low_bound': 1, 'range_id': 7000799, 'range_label': 'Park not engaged'}, {'no': 3, 'up_bound': 2, 'low_bound': 2, 'range_id': 7000800, 'range_label': 'Park engaged'}, {'no': 4, 'up_bound': 3, 'low_bound': 3, 'range_id': 37000045, 'range_label': 'Unavailable'}]"
Freeze Frame Data,Fuel control,Parking Brake Malfunction,900,610,305,0,1,0x3DA541,0x6,0x14,,1,2,1,2,5,1,-1,1,0,0,8002245,No malfunction,0,0,0,"[{'no': 1, 'up_bound': 0, 'low_bound': 0, 'range_id': 8002245, 'range_label': 'No malfunction'}, {'no': 2, 'up_bound': 1, 'low_bound': 1, 'range_id': 60000013, 'range_label': 'Malfunction'}]"
ECU Information,Idle control,ECU PART NUMBER,1,1,306,0,1,0x3DA541,0x22,0xF012,,0,3,10,2,-1,-1,-1,,,,,,,,,[]
ECU Information,Idle control,Hardware part number,2,2,307,0,1,0x3DA541,0x22,0xF1A1,,0,3,10,2,-1,-1,-1,,,,,,,,,[]
ECU Information,ECU information (items to be sent to the server),Software part number,1,1,117081,0,1,0x3DA541,0x22,0xF012,,0,3,10,2,-1,-1,-1,,,,,,,,,[]
ECU Information,ECU information (items to be sent to the server),Hardware part number,2,2,117082,0,1,0x3DA541,0x22,0xF1A1,,0,3,10,2,-1,-1,-1,,,,,,,,,[]
ECU Information,ECU information (items to be sent to the server),ECU serial number,3,3,117083,0,1,0x3DA541,0x22,0xF18C,,0,3,-1,2,-1,-1,-1,,,,,,,,,[]
Actuator Test,1,BRAKE ACTUATOR 1 MODE 1,1,1,311,343,1,0x3DA541,0x2F,0x2F0,,,,,,,,,,,,,,,,,[]
Actuator Test,1,-1,2,2,312,0,1,0x3DA541,0x2F,0x2F0,,,,,,,,,,,,,,,,,[]
Actuator Test,2,BRAKE ACTUATOR 1 MODE 2,1,1,313,344,1,0x3DA541,0x2F,0x2F0,,,,,,,,,,,,,,,,,[]
Actuator Test,2,-1,2,2,314,0,1,0x3DA541,0x2F,0x2F0,,,,,,,,,,,,,,,,,[]
Actuator Test,3,BRAKE ACTUATOR 1 MODE 3,1,1,315,345,1,0x3DA541,0x2F,0x2F0,,,,,,,,,,,,,,,,,[]
Actuator Test,3,-1,2,2,316,0,1,0x3DA541,0x2F,0x2F0,,,,,,,,,,,,,,,,,[]
Actuator Test,5,MASTER WARNING ACTIVE,1,1,319,347,1,0x3DA541,0x2F,0x106,,,,,,,,,,,,,,,,,[]
Actuator Test,5,-1,2,2,320,0,1,0x3DA541,0x2F,0x106,,,,,,,,,,,,,,,,,[]
Actuator Test,6,FL TYRE DISP,1,1,321,348,1,0x3DA541,0x2F,0x5F0,,,,,,,,,,,,,,,,,[]
Actuator Test,6,-1,2,2,322,0,1,0x3DA541,0x2F,0x5F0,,,,,,,,,,,,,,,,,[]
Actuator Test,7,FR TYRE DISP,1,1,323,349,1,0x3DA541,0x2F,0x5F0,,,,,,,,,,,,,,,,,[]
Actuator Test,7,-1,2,2,324,0,1,0x3DA541,0x2F,0x5F0,,,,,,,,,,,,,,,,,[]
Actuator Test,8,RL TYRE DISP,1,1,325,350,1,0x3DA541,0x2F,0x5F0,,,,,,,,,,,,,,,,,[]
Actuator Test,8,-1,2,2,326,0,1,0x3DA541,0x2F,0x5F0,,,,,,,,,,,,,,,,,[]
Actuator Test,9,RR TYRE DISP,1,1,327,351,1,0x3DA541,0x2F,0x5F0,,,,,,,,,,,,,,,,,[]
Actuator Test,9,-1,2,2,328,0,1,0x3DA541,0x2F,0x5F0,,,,,,,,,,,,,,,,,[]
Actuator Test,10,ARC DISP,1,1,329,352,1,0x3DA541,0x2F,0x5F0,,,,,,,,,,,,,,,,,[]
Actuator Test,10,-1,2,2,330,0,1,0x3DA541,0x2F,0x5F0,,,,,,,,,,,,,,,,,[]
Actuator Test,11,Turn display (LH),1,1,331,353,1,0x3DA541,0x2F,0x5F0,,,,,,,,,,,,,,,,,[]
Actuator Test,11,-1,2,2,332,0,1,0x3DA541,0x2F,0x5F0,,,,,,,,,,,,,,,,,[]
Actuator Test,12,Turn display (RH),1,1,333,354,1,0x3DA541,0x2F,0x5F0,,,,,,,,,,,,,,,,,[]
Actuator Test,12,-1,2,2,334,0,1,0x3DA541,0x2F,0x5F0,,,,,,,,,,,,,,,,,[]
Actuator Test,13,VMC left turning operation indication,1,1,335,355,1,0x3DA541,0x2F,0x5F0,,,,,,,,,,,,,,,,,[]
Actuator Test,13,-1,2,2,336,0,1,0x3DA541,0x2F,0x5F0,,,,,,,,,,,,,,,,,[]
Actuator Test,14,VMC Right turning operation indication,1,1,337,356,1,0x3DA541,0x2F,0x5F0,,,,,,,,,,,,,,,,,[]
Actuator Test,14,-1,2,2,338,0,1,0x3DA541,0x2F,0x5F0,,,,,,,,,,,,,,,,,[]
Actuator Test,15,ARC operation indication,1,1,339,357,1,0x3DA541,0x2F,0x5F0,,,,,,,,,,,,,,,,,[]
Actuator Test,15,-1,2,2,340,0,1,0x3DA541,0x2F,0x5F0,,,,,,,,,,,,,,,,,[]
Actuator Test,16,BRAKE HOLD DISP,1,1,341,358,1,0x3DA541,0x2F,0x5F0,,,,,,,,,,,,,,,,,[]
Actuator Test,16,-1,2,2,342,0,1,0x3DA541,0x2F,0x5F0,,,,,,,,,,,,,,,,,[]
Actuator Test,17,Auto Brake Hold lamp,1,1,394,398,1,0x3DA541,0x2F,0x4F0,,0,4,1,2,-1,-1,-1,,,,,,,,,[]
Actuator Test,17,-1,2,2,395,0,1,0x3DA541,0x2F,0x4F0,,,,,,,,,,,,,,,,,[]
Actuator Test,18,Auto Brake Hold SW lamp,1,1,396,399,1,0x3DA541,0x2F,0x4F1,,0,4,1,2,-1,-1,-1,,,,,,,,,[]
Actuator Test,18,-1,2,2,397,0,1,0x3DA541,0x2F,0x4F1,,,,,,,,,,,,,,,,,[]
Actuator Test,1,,,,,,,0x3DA541,,,,,,,,,,,,,,,,,,,[]
Actuator Test,2,,,,,,,0x3DA541,,,,,,,,,,,,,,,,,,,[]
Actuator Test,3,,,,,,,0x3DA541,,,,,,,,,,,,,,,,,,,[]
Actuator Test,5,,,,,,,0x3DA541,,,,,,,,,,,,,,,,,,,[]
Actuator Test,6,,,,,,,0x3DA541,,,,,,,,,,,,,,,,,,,[]
Actuator Test,7,,,,,,,0x3DA541,,,,,,,,,,,,,,,,,,,[]
Actuator Test,8,,,,,,,0x3DA541,,,,,,,,,,,,,,,,,,,[]
Actuator Test,9,,,,,,,0x3DA541,,,,,,,,,,,,,,,,,,,[]
Actuator Test,10,,,,,,,0x3DA541,,,,,,,,,,,,,,,,,,,[]
Actuator Test,11,,,,,,,0x3DA541,,,,,,,,,,,,,,,,,,,[]
Actuator Test,12,,,,,,,0x3DA541,,,,,,,,,,,,,,,,,,,[]
Actuator Test,13,,,,,,,0x3DA541,,,,,,,,,,,,,,,,,,,[]
Actuator Test,14,,,,,,,0x3DA541,,,,,,,,,,,,,,,,,,,[]
Actuator Test,15,,,,,,,0x3DA541,,,,,,,,,,,,,,,,,,,[]
Actuator Test,16,,,,,,,0x3DA541,,,,,,,,,,,,,,,,,,,[]
Actuator Test,17,,,,,,,0x3DA541,,,,,,,,,,,,,,,,,,,[]
Actuator Test,18,,,,,,,0x3DA541,,,,,,,,,,,,,,,,,,,[]
