function,group,item,no,no_nas,qual_id,su_qual_id,visible,skey_sid_hex,qual_sid_hex,qual_lid_hex,param_unit,param_data_type,param_byte_pos,param_byte_len,param_byte_ord,param_bit_pos,param_bit_len,param_bit_mask,scale_no,scale_up_bound,scale_low_bound,scale_range_id,scale_range_label,scale_factor,scale_offset,scale_format,scale_labels
Data List,All data,Power SW signal,1,367,108,615,1,0x39ADA1,0x22,0x100,,1,3,1,2,7,1,-1,1,0,0,1000003,OFF,0,0,0,"[{'no': 1, 'up_bound': 0, 'low_bound': 0, 'range_id': 1000003, 'range_label': 'OFF'}, {'no': 2, 'up_bound': 1, 'low_bound': 1, 'range_id': 1000004, 'range_label': 'ON'}]"
Data List,All data,EV mode,2,251,109,686,1,0x39ADA1,0x22,0x1002,,0,3,1,2,-1,-1,-1,1,0,0,0,,1,0,0,"[{'no': 1, 'up_bound': 0, 'low_bound': 0, 'range_id': 0, 'range_label': None}]"
Data List,All data,IGCT Control power supply,3,300,110,690,1,0x39ADA1,0x22,0x1006,V,0,3,1,2,-1,-1,-1,1,0,0,0,,0.1,0,1,"[{'no': 1, 'up_bound': 0, 'low_bound': 0, 'range_id': 0, 'range_label': None}]"
Data List,All data,Vehicle speed,4,486,111,692,1,0x39ADA1,0x22,0x1008,km/h,0,3,1,2,-1,-1,-1,1,0,0,0,,1,0,0,"[{'no': 1, 'up_bound': 0, 'low_bound': 0, 'range_id': 0, 'range_label': None}]"
Data List,All data,READY lamp,5,385,112,718,1,0x39ADA1,0x22,0x102C,,1,3,1,2,6,2,-1,1,0,0,85000003,Turn off,0,0,0,"[{'no': 1, 'up_bound': 0, 'low_bound': 0, 'range_id': 85000003, 'range_label': 'Turn off'}, {'no': 2, 'up_bound': 1, 'low_bound': 1, 'range_id': 69000045, 'range_label': 'Turn on'}, {'no': 3, 'up_bound': 2, 'low_bound': 2, 'range_id': 33000052, 'range_label': 'Flash'}, {'no': 4, 'up_bound': 3, 'low_bound': 3, 'range_id': 1000692, 'range_label': 'Undefined'}]"
Data List,All data,Battery Total voltage,6,107,113,724,1,0x39ADA1,0x22,0x1032,V,0,3,2,2,-1,-1,-1,1,0,0,0,,0.1,0,1,"[{'no': 1, 'up_bound': 0, 'low_bound': 0, 'range_id': 0, 'range_label': None}]"
Data List,All data,Battery current,7,99,114,724,1,0x39ADA1,0x22,0x1032,A,0,5,2,2,-1,-1,-1,1,0,0,0,,0.05,-1635,2,"[{'no': 1, 'up_bound': 0, 'low_bound': 0, 'range_id': 0, 'range_label': None}]"
Data List,All data,Running mode,8,422,115,729,1,0x39ADA1,0x22,0x1038,,0,3,1,2,-1,-1,-1,1,0,0,0,,1,0,0,"[{'no': 1, 'up_bound': 0, 'low_bound': 0, 'range_id': 0, 'range_label': None}]"
Data List,All data,Accelerator(control value),9,12,116,744,1,0x39ADA1,0x22,0x1055,V,0,5,2,2,-1,-1,65528,1,0,0,0,,0.000125,0,3,"[{'no': 1, 'up_bound': 0, 'low_bound': 0, 'range_id': 0, 'range_label': None}]"
Data List,All data,SOC for display,10,453,117,745,1,0x39ADA1,0x22,0x1057,%,0,3,1,2,-1,-1,-1,1,0,0,0,,0.392157,0,0,"[{'no': 1, 'up_bound': 0, 'low_bound': 0, 'range_id': 0, 'range_label': None}]"
Data List,All data,Shift position (indication),11,448,118,784,1,0x39ADA1,0x22,0x1092,,0,3,1,2,-1,-1,-1,1,0,0,1000525,-,0,0,0,"[{'no': 1, 'up_bound': 0, 'low_bound': 0, 'range_id': 1000525, 'range_label': '-'}, {'no': 2, 'up_bound': 1, 'low_bound': 1, 'range_id': 1000583, 'range_label': 'P'}, {'no': 3, 'up_bound': 2, 'low_bound': 2, 'range_id': 1000581, 'range_label': 'R'}, {'no': 4, 'up_bound': 3, 'low_bound': 3, 'range_id': 1000570, 'range_label': 'N'}, {'no': 5, 'up_bound': 4, 'low_bound': 4, 'range_id': 1100015, 'range_label': 'D'}, {'no': 6, 'up_bound': 5, 'low_bound': 5, 'range_id': 77000022, 'range_label': 'B'}, {'no': 7, 'up_bound': 6, 'low_bound': 6, 'range_id': 47000008, 'range_label': 'B1'}, {'no': 8, 'up_bound': 7, 'low_bound': 7, 'range_id': 47000009, 'range_label': 'B2'}, {'no': 9, 'up_bound': 8, 'low_bound': 8, 'range_id': 47000010, 'range_label': 'B3'}, {'no': 10, 'up_bound': 9, 'low_bound': 9, 'range_id': 47000011, 'range_label': 'B4'}, {'no': 11, 'up_bound': 10, 'low_bound': 10, 'range_id': 47000012, 'range_label': 'B5'}, {'no': 12, 'up_bound': 11, 'low_bound': 11, 'range_id': 47000025, 'range_label': 'B0'}, {'no': 13, 'up_bound': 12, 'low_bound': 12, 'range_id': 1100006, 'range_label': 'Blank'}]"
Data List,All data,Back Up Power supply Sensor voltage,12,91,120,616,1,0x39ADA1,0x22,0x101,V,0,3,2,2,-1,-1,-1,1,0,0,0,,0.01,0,2,"[{'no': 1, 'up_bound': 0, 'low_bound': 0, 'range_id': 0, 'range_label': None}]"
Data List,All data,IGCT Relay Status Monitor,13,303,121,617,1,0x39ADA1,0x22,0x103,,1,3,1,2,7,1,-1,1,0,0,1000003,OFF,0,0,0,"[{'no': 1, 'up_bound': 0, 'low_bound': 0, 'range_id': 1000003, 'range_label': 'OFF'}, {'no': 2, 'up_bound': 1, 'low_bound': 1, 'range_id': 1000004, 'range_label': 'ON'}]"
Data List,All data,On board charger connecting signal voltage AD1,14,345,122,618,1,0x39ADA1,0x22,0x104,V,0,3,1,2,-1,-1,-1,1,0,0,0,,0.02,0,2,"[{'no': 1, 'up_bound': 0, 'low_bound': 0, 'range_id': 0, 'range_label': None}]"
Data List,All data,On board charger connecting signal voltage AD2,15,346,123,619,1,0x39ADA1,0x22,0x105,V,0,3,1,2,-1,-1,-1,1,0,0,0,,0.02,0,2,"[{'no': 1, 'up_bound': 0, 'low_bound': 0, 'range_id': 0, 'range_label': None}]"
Data List,All data,Contactor Control Power supply Monitor signal (diag),16,147,124,620,1,0x39ADA1,0x22,0x107,,1,3,1,2,7,1,-1,1,0,0,1000003,OFF,0,0,0,"[{'no': 1, 'up_bound': 0, 'low_bound': 0, 'range_id': 1000003, 'range_label': 'OFF'}, {'no': 2, 'up_bound': 1, 'low_bound': 1, 'range_id': 1000004, 'range_label': 'ON'}]"
Data List,All data,Accelerator Position Sensor 1 signal,17,10,125,621,1,0x39ADA1,0x22,0x108,V,0,3,2,2,-1,-1,-1,1,0,0,0,,0.01,0,2,"[{'no': 1, 'up_bound': 0, 'low_bound': 0, 'range_id': 0, 'range_label': None}]"
Data List,All data,Accelerator Position Sensor 2 signal,18,11,126,622,1,0x39ADA1,0x22,0x109,V,0,3,2,2,-1,-1,-1,1,0,0,0,,0.01,0,2,"[{'no': 1, 'up_bound': 0, 'low_bound': 0, 'range_id': 0, 'range_label': None}]"
Data List,All data,Brake SW,19,112,127,623,1,0x39ADA1,0x22,0x10A,,1,3,1,2,7,1,-1,1,0,0,1000003,OFF,0,0,0,"[{'no': 1, 'up_bound': 0, 'low_bound': 0, 'range_id': 1000003, 'range_label': 'OFF'}, {'no': 2, 'up_bound': 1, 'low_bound': 1, 'range_id': 1000004, 'range_label': 'ON'}]"
Data List,All data,Cruise Control Switch signal,20,181,128,624,1,0x39ADA1,0x22,0x10B,V,0,3,2,2,-1,-1,-1,1,0,0,0,,0.001,0,3,"[{'no': 1, 'up_bound': 0, 'low_bound': 0, 'range_id': 0, 'range_label': None}]"
Data List,All data,EV mode Switch signal,21,252,129,625,1,0x39ADA1,0x22,0x10C,,1,3,1,2,7,1,-1,1,0,0,1000003,OFF,0,0,0,"[{'no': 1, 'up_bound': 0, 'low_bound': 0, 'range_id': 1000003, 'range_label': 'OFF'}, {'no': 2, 'up_bound': 1, 'low_bound': 1, 'range_id': 1000004, 'range_label': 'ON'}]"
Data List,All data,CHG mode Switch signal,22,133,130,626,1,0x39ADA1,0x22,0x10D,,1,3,1,2,7,1,-1,1,0,0,1000003,OFF,0,0,0,"[{'no': 1, 'up_bound': 0, 'low_bound': 0, 'range_id': 1000003, 'range_label': 'OFF'}, {'no': 2, 'up_bound': 1, 'low_bound': 1, 'range_id': 1000004, 'range_label': 'ON'}]"
Data List,All data,Switch on signal of On board charger connecter,23,471,131,627,1,0x39ADA1,0x22,0x110,,1,3,1,2,7,1,-1,1,0,0,1000003,OFF,0,0,0,"[{'no': 1, 'up_bound': 0, 'low_bound': 0, 'range_id': 1000003, 'range_label': 'OFF'}, {'no': 2, 'up_bound': 1, 'low_bound': 1, 'range_id': 1000004, 'range_label': 'ON'}]"
Data List,All data,Quick charger connecting signal voltage,24,378,132,628,1,0x39ADA1,0x22,0x111,V,0,3,1,2,-1,-1,-1,1,0,0,0,,0.02,0,2,"[{'no': 1, 'up_bound': 0, 'low_bound': 0, 'range_id': 0, 'range_label': None}]"
Data List,All data,Charge port Lid open/close Status signal,25,128,133,629,1,0x39ADA1,0x22,0x112,,1,3,1,2,7,1,-1,1,0,0,1000003,OFF,0,0,0,"[{'no': 1, 'up_bound': 0, 'low_bound': 0, 'range_id': 1000003, 'range_label': 'OFF'}, {'no': 2, 'up_bound': 1, 'low_bound': 1, 'range_id': 1000004, 'range_label': 'ON'}]"
Data List,All data,Charge port Lid Push Switch signal,26,129,134,630,1,0x39ADA1,0x22,0x114,,1,3,1,2,7,1,-1,1,0,0,1000003,OFF,0,0,0,"[{'no': 1, 'up_bound': 0, 'low_bound': 0, 'range_id': 1000003, 'range_label': 'OFF'}, {'no': 2, 'up_bound': 1, 'low_bound': 1, 'range_id': 1000004, 'range_label': 'ON'}]"
Data List,All data,Charge Connector Unlock Switch signal,27,124,135,631,1,0x39ADA1,0x22,0x115,,1,3,1,2,7,1,-1,1,0,0,1000003,OFF,0,0,0,"[{'no': 1, 'up_bound': 0, 'low_bound': 0, 'range_id': 1000003, 'range_label': 'OFF'}, {'no': 2, 'up_bound': 1, 'low_bound': 1, 'range_id': 1000004, 'range_label': 'ON'}]"
Data List,All data,Charge Connector lock Position signal,28,122,136,632,1,0x39ADA1,0x22,0x117,V,0,3,2,2,-1,-1,-1,1,0,0,0,,0.01,0,2,"[{'no': 1, 'up_bound': 0, 'low_bound': 0, 'range_id': 0, 'range_label': None}]"
Data List,All data,Charge Timer Cancel Switch signal,29,130,137,633,1,0x39ADA1,0x22,0x118,,1,3,1,2,7,1,-1,1,0,0,1000003,OFF,0,0,0,"[{'no': 1, 'up_bound': 0, 'low_bound': 0, 'range_id': 1000003, 'range_label': 'OFF'}, {'no': 2, 'up_bound': 1, 'low_bound': 1, 'range_id': 1000004, 'range_label': 'ON'}]"
Data List,All data,Quick Charger Inlet Voltage Sensor signal,30,380,138,634,1,0x39ADA1,0x22,0x119,,1,3,1,2,7,1,-1,1,0,0,1000003,OFF,0,0,0,"[{'no': 1, 'up_bound': 0, 'low_bound': 0, 'range_id': 1000003, 'range_label': 'OFF'}, {'no': 2, 'up_bound': 1, 'low_bound': 1, 'range_id': 1000004, 'range_label': 'ON'}]"
Data List,All data,Main Contactor Compulsion cutoff signal,31,320,139,635,1,0x39ADA1,0x22,0x11A,,1,3,1,2,7,1,-1,1,0,0,1000003,OFF,0,0,0,"[{'no': 1, 'up_bound': 0, 'low_bound': 0, 'range_id': 1000003, 'range_label': 'OFF'}, {'no': 2, 'up_bound': 1, 'low_bound': 1, 'range_id': 1000004, 'range_label': 'ON'}]"
Data List,All data,Voltage status detection signal 1(OBC side),32,490,140,636,1,0x39ADA1,0x22,0x11C,,1,3,1,2,7,1,-1,1,0,0,1000003,OFF,0,0,0,"[{'no': 1, 'up_bound': 0, 'low_bound': 0, 'range_id': 1000003, 'range_label': 'OFF'}, {'no': 2, 'up_bound': 1, 'low_bound': 1, 'range_id': 1000004, 'range_label': 'ON'}]"
Data List,All data,Voltage status detection signal 2(AC Inverter side),33,491,141,637,1,0x39ADA1,0x22,0x11D,,1,3,1,2,7,1,-1,1,0,0,1000003,OFF,0,0,0,"[{'no': 1, 'up_bound': 0, 'low_bound': 0, 'range_id': 1000003, 'range_label': 'OFF'}, {'no': 2, 'up_bound': 1, 'low_bound': 1, 'range_id': 1000004, 'range_label': 'ON'}]"
Data List,All data,Battery pressure sensor signal,34,106,142,638,1,0x39ADA1,0x22,0x11F,V,0,3,2,2,-1,-1,-1,1,0,0,0,,0.01,0,2,"[{'no': 1, 'up_bound': 0, 'low_bound': 0, 'range_id': 0, 'range_label': None}]"
Data List,All data,Water temperature sensor voltage(EV),35,494,143,639,1,0x39ADA1,0x22,0x121,V,0,3,1,2,-1,-1,-1,1,0,0,0,,0.02,0,1,"[{'no': 1, 'up_bound': 0, 'low_bound': 0, 'range_id': 0, 'range_label': None}]"
Data List,All data,Innovative Pedal Operation switch,36,311,144,640,1,0x39ADA1,0x22,0x123,,1,3,1,2,7,1,-1,1,0,0,1000003,OFF,0,0,0,"[{'no': 1, 'up_bound': 0, 'low_bound': 0, 'range_id': 1000003, 'range_label': 'OFF'}, {'no': 2, 'up_bound': 1, 'low_bound': 1, 'range_id': 1000004, 'range_label': 'ON'}]"
Data List,All data,Battery mode switch,37,104,145,641,1,0x39ADA1,0x22,0x124,,1,3,1,2,7,1,-1,1,0,0,1000003,OFF,0,0,0,"[{'no': 1, 'up_bound': 0, 'low_bound': 0, 'range_id': 1000003, 'range_label': 'OFF'}, {'no': 2, 'up_bound': 1, 'low_bound': 1, 'range_id': 1000004, 'range_label': 'ON'}]"
Data List,All data,IGCT control power supply relay,38,301,146,642,1,0x39ADA1,0x22,0x125,,1,3,1,2,7,1,-1,1,0,0,1000003,OFF,0,0,0,"[{'no': 1, 'up_bound': 0, 'low_bound': 0, 'range_id': 1000003, 'range_label': 'OFF'}, {'no': 2, 'up_bound': 1, 'low_bound': 1, 'range_id': 1000004, 'range_label': 'ON'}]"
Data List,All data,Charge contactor output,39,125,147,643,1,0x39ADA1,0x22,0x126,,1,3,1,2,7,1,-1,1,0,0,1000003,OFF,0,0,0,"[{'no': 1, 'up_bound': 0, 'low_bound': 0, 'range_id': 1000003, 'range_label': 'OFF'}, {'no': 2, 'up_bound': 1, 'low_bound': 1, 'range_id': 1000004, 'range_label': 'ON'}]"
Data List,All data,Positive Contactor Control,40,363,148,644,1,0x39ADA1,0x22,0x127,,1,3,1,2,7,1,-1,1,0,0,1000003,OFF,0,0,0,"[{'no': 1, 'up_bound': 0, 'low_bound': 0, 'range_id': 1000003, 'range_label': 'OFF'}, {'no': 2, 'up_bound': 1, 'low_bound': 1, 'range_id': 1000004, 'range_label': 'ON'}]"
Data List,All data,Negative Contactor Control,41,336,149,644,1,0x39ADA1,0x22,0x127,,1,3,1,2,6,1,-1,1,0,0,1000003,OFF,0,0,0,"[{'no': 1, 'up_bound': 0, 'low_bound': 0, 'range_id': 1000003, 'range_label': 'OFF'}, {'no': 2, 'up_bound': 1, 'low_bound': 1, 'range_id': 1000004, 'range_label': 'ON'}]"
Data List,All data,Shift Device 1 Voltage,42,429,150,645,1,0x39ADA1,0x22,0x129,V,0,3,2,2,-1,-1,-1,1,0,0,0,,0.01,0,2,"[{'no': 1, 'up_bound': 0, 'low_bound': 0, 'range_id': 0, 'range_label': None}]"
Data List,All data,Shift Device 2 Voltage,43,433,151,646,1,0x39ADA1,0x22,0x12A,V,0,3,2,2,-1,-1,-1,1,0,0,0,,0.01,0,2,"[{'no': 1, 'up_bound': 0, 'low_bound': 0, 'range_id': 0, 'range_label': None}]"
Data List,All data,Shift Device 3 Voltage,44,435,152,647,1,0x39ADA1,0x22,0x12B,V,0,3,2,2,-1,-1,-1,1,0,0,0,,0.01,0,2,"[{'no': 1, 'up_bound': 0, 'low_bound': 0, 'range_id': 0, 'range_label': None}]"
Data List,All data,Shift Device 4 Voltage,45,437,153,648,1,0x39ADA1,0x22,0x12C,V,0,3,2,2,-1,-1,-1,1,0,0,0,,0.01,0,2,"[{'no': 1, 'up_bound': 0, 'low_bound': 0, 'range_id': 0, 'range_label': None}]"
Data List,All data,Shift Device 5 Voltage,46,439,154,649,1,0x39ADA1,0x22,0x12D,V,0,3,2,2,-1,-1,-1,1,0,0,0,,0.01,0,2,"[{'no': 1, 'up_bound': 0, 'low_bound': 0, 'range_id': 0, 'range_label': None}]"
Data List,All data,Shift Device 6 Voltage,47,441,155,650,1,0x39ADA1,0x22,0x12E,V,0,3,2,2,-1,-1,-1,1,0,0,0,,0.01,0,2,"[{'no': 1, 'up_bound': 0, 'low_bound': 0, 'range_id': 0, 'range_label': None}]"
Data List,All data,Shift Device 7 Voltage,48,443,156,651,1,0x39ADA1,0x22,0x12F,V,0,3,2,2,-1,-1,-1,1,0,0,0,,0.01,0,2,"[{'no': 1, 'up_bound': 0, 'low_bound': 0, 'range_id': 0, 'range_label': None}]"
Data List,All data,Shift Device 8 Voltage,49,445,157,652,1,0x39ADA1,0x22,0x130,V,0,3,2,2,-1,-1,-1,1,0,0,0,,0.01,0,2,"[{'no': 1, 'up_bound': 0, 'low_bound': 0, 'range_id': 0, 'range_label': None}]"
Data List,All data,Shift Device 9 Voltage,50,447,158,653,1,0x39ADA1,0x22,0x131,V,0,3,2,2,-1,-1,-1,1,0,0,0,,0.01,0,2,"[{'no': 1, 'up_bound': 0, 'low_bound': 0, 'range_id': 0, 'range_label': None}]"
Data List,All data,Shift Device 10 Voltage,51,431,159,654,1,0x39ADA1,0x22,0x132,V,0,3,2,2,-1,-1,-1,1,0,0,0,,0.01,0,2,"[{'no': 1, 'up_bound': 0, 'low_bound': 0, 'range_id': 0, 'range_label': None}]"
Data List,All data,IGCT Relay Control signal (diag),52,302,160,655,1,0x39ADA1,0x22,0x133,,1,3,1,2,7,1,-1,1,0,0,1000003,OFF,0,0,0,"[{'no': 1, 'up_bound': 0, 'low_bound': 0, 'range_id': 1000003, 'range_label': 'OFF'}, {'no': 2, 'up_bound': 1, 'low_bound': 1, 'range_id': 1000004, 'range_label': 'ON'}]"
Data List,All data,Precharge Contactor Control signal (diag),53,370,161,656,1,0x39ADA1,0x22,0x134,,1,3,1,2,7,1,-1,1,0,0,1000003,OFF,0,0,0,"[{'no': 1, 'up_bound': 0, 'low_bound': 0, 'range_id': 1000003, 'range_label': 'OFF'}, {'no': 2, 'up_bound': 1, 'low_bound': 1, 'range_id': 1000004, 'range_label': 'ON'}]"
Data List,All data,Positive Contactor Control signal (diag),54,364,162,657,1,0x39ADA1,0x22,0x135,,1,3,1,2,7,1,-1,1,0,0,1000003,OFF,0,0,0,"[{'no': 1, 'up_bound': 0, 'low_bound': 0, 'range_id': 1000003, 'range_label': 'OFF'}, {'no': 2, 'up_bound': 1, 'low_bound': 1, 'range_id': 1000004, 'range_label': 'ON'}]"
Data List,All data,Negative Contactor Control signal (diag),55,337,163,658,1,0x39ADA1,0x22,0x136,,1,3,1,2,7,1,-1,1,0,0,1000003,OFF,0,0,0,"[{'no': 1, 'up_bound': 0, 'low_bound': 0, 'range_id': 1000003, 'range_label': 'OFF'}, {'no': 2, 'up_bound': 1, 'low_bound': 1, 'range_id': 1000004, 'range_label': 'ON'}]"
Data List,All data,5V power supply for Accelerator Position sensor 1 (diag),56,1,164,659,1,0x39ADA1,0x22,0x137,V,0,3,1,2,-1,-1,-1,1,0,0,0,,0.025,0,3,"[{'no': 1, 'up_bound': 0, 'low_bound': 0, 'range_id': 0, 'range_label': None}]"
Data List,All data,5V power supply for Accelerator Position sensor 2 (diag),57,2,165,660,1,0x39ADA1,0x22,0x138,V,0,3,1,2,-1,-1,-1,1,0,0,0,,0.025,0,3,"[{'no': 1, 'up_bound': 0, 'low_bound': 0, 'range_id': 0, 'range_label': None}]"
Data List,All data,Control signal for Shift Position Lamp P (diag),58,168,166,661,1,0x39ADA1,0x22,0x139,,1,3,1,2,7,1,-1,1,0,0,1000003,OFF,0,0,0,"[{'no': 1, 'up_bound': 0, 'low_bound': 0, 'range_id': 1000003, 'range_label': 'OFF'}, {'no': 2, 'up_bound': 1, 'low_bound': 1, 'range_id': 1000004, 'range_label': 'ON'}]"
Data List,All data,Control signal for Shift Position Lamp R (diag),59,170,167,662,1,0x39ADA1,0x22,0x13A,,1,3,1,2,7,1,-1,1,0,0,1000003,OFF,0,0,0,"[{'no': 1, 'up_bound': 0, 'low_bound': 0, 'range_id': 1000003, 'range_label': 'OFF'}, {'no': 2, 'up_bound': 1, 'low_bound': 1, 'range_id': 1000004, 'range_label': 'ON'}]"
Data List,All data,Control signal for Shift Position Lamp N (diag),60,167,168,663,1,0x39ADA1,0x22,0x13B,,1,3,1,2,7,1,-1,1,0,0,1000003,OFF,0,0,0,"[{'no': 1, 'up_bound': 0, 'low_bound': 0, 'range_id': 1000003, 'range_label': 'OFF'}, {'no': 2, 'up_bound': 1, 'low_bound': 1, 'range_id': 1000004, 'range_label': 'ON'}]"
Data List,All data,Control signal for Shift Position Lamp D (diag),61,165,169,664,1,0x39ADA1,0x22,0x13C,,1,3,1,2,7,1,-1,1,0,0,1000003,OFF,0,0,0,"[{'no': 1, 'up_bound': 0, 'low_bound': 0, 'range_id': 1000003, 'range_label': 'OFF'}, {'no': 2, 'up_bound': 1, 'low_bound': 1, 'range_id': 1000004, 'range_label': 'ON'}]"
Data List,All data,Control signal for Shift Position Lamp B (diag),62,163,170,665,1,0x39ADA1,0x22,0x13D,,1,3,1,2,7,1,-1,1,0,0,1000003,OFF,0,0,0,"[{'no': 1, 'up_bound': 0, 'low_bound': 0, 'range_id': 1000003, 'range_label': 'OFF'}, {'no': 2, 'up_bound': 1, 'low_bound': 1, 'range_id': 1000004, 'range_label': 'ON'}]"
Data List,All data,Control signal for Clutch Solenoid Valve (diag),63,161,171,666,1,0x39ADA1,0x22,0x13E,,1,3,1,2,7,1,-1,1,0,0,1000003,OFF,0,0,0,"[{'no': 1, 'up_bound': 0, 'low_bound': 0, 'range_id': 1000003, 'range_label': 'OFF'}, {'no': 2, 'up_bound': 1, 'low_bound': 1, 'range_id': 1000004, 'range_label': 'ON'}]"
Data List,All data,Control signal 1 for Charge port Lid Unlock Actuator (diag),64,153,172,667,1,0x39ADA1,0x22,0x13F,,1,3,1,2,7,1,-1,1,0,0,1000003,OFF,0,0,0,"[{'no': 1, 'up_bound': 0, 'low_bound': 0, 'range_id': 1000003, 'range_label': 'OFF'}, {'no': 2, 'up_bound': 1, 'low_bound': 1, 'range_id': 1000004, 'range_label': 'ON'}]"
Data List,All data,Control signal 1 for Charge Connector Lock Actuator (diag),65,151,173,668,1,0x39ADA1,0x22,0x140,,1,3,1,2,7,1,-1,1,0,0,1000003,OFF,0,0,0,"[{'no': 1, 'up_bound': 0, 'low_bound': 0, 'range_id': 1000003, 'range_label': 'OFF'}, {'no': 2, 'up_bound': 1, 'low_bound': 1, 'range_id': 1000004, 'range_label': 'ON'}]"
Data List,All data,Control signal 2 for Charge Connector Lock Actuator (diag),66,154,174,669,1,0x39ADA1,0x22,0x141,,1,3,1,2,7,1,-1,1,0,0,1000003,OFF,0,0,0,"[{'no': 1, 'up_bound': 0, 'low_bound': 0, 'range_id': 1000003, 'range_label': 'OFF'}, {'no': 2, 'up_bound': 1, 'low_bound': 1, 'range_id': 1000004, 'range_label': 'ON'}]"
Data List,All data,Control signal for Charge Status Indicator 1 (diag),67,157,175,670,1,0x39ADA1,0x22,0x142,,1,3,1,2,7,1,-1,1,0,0,1000003,OFF,0,0,0,"[{'no': 1, 'up_bound': 0, 'low_bound': 0, 'range_id': 1000003, 'range_label': 'OFF'}, {'no': 2, 'up_bound': 1, 'low_bound': 1, 'range_id': 1000004, 'range_label': 'ON'}]"
Data List,All data,Control signal for Charge Status Indicator 2 (diag),68,158,176,671,1,0x39ADA1,0x22,0x143,,1,3,1,2,7,1,-1,1,0,0,1000003,OFF,0,0,0,"[{'no': 1, 'up_bound': 0, 'low_bound': 0, 'range_id': 1000003, 'range_label': 'OFF'}, {'no': 2, 'up_bound': 1, 'low_bound': 1, 'range_id': 1000004, 'range_label': 'ON'}]"
Data List,All data,Control signal for Charge Status Indicator 3 (diag),69,159,177,672,1,0x39ADA1,0x22,0x144,,1,3,1,2,7,1,-1,1,0,0,1000003,OFF,0,0,0,"[{'no': 1, 'up_bound': 0, 'low_bound': 0, 'range_id': 1000003, 'range_label': 'OFF'}, {'no': 2, 'up_bound': 1, 'low_bound': 1, 'range_id': 1000004, 'range_label': 'ON'}]"
Data List,All data,Control signal for Charge Port Lamp (diag),70,156,178,673,1,0x39ADA1,0x22,0x145,,1,3,1,2,7,1,-1,1,0,0,1000003,OFF,0,0,0,"[{'no': 1, 'up_bound': 0, 'low_bound': 0, 'range_id': 1000003, 'range_label': 'OFF'}, {'no': 2, 'up_bound': 1, 'low_bound': 1, 'range_id': 1000004, 'range_label': 'ON'}]"
Data List,All data,DCDC Control Permission signal (diag),71,188,179,674,1,0x39ADA1,0x22,0x146,,1,3,1,2,7,1,-1,1,0,0,1000003,OFF,0,0,0,"[{'no': 1, 'up_bound': 0, 'low_bound': 0, 'range_id': 1000003, 'range_label': 'OFF'}, {'no': 2, 'up_bound': 1, 'low_bound': 1, 'range_id': 1000004, 'range_label': 'ON'}]"
Data List,All data,AC Inverter Control Permission signal (diag),72,4,180,675,1,0x39ADA1,0x22,0x147,,1,3,1,2,7,1,-1,1,0,0,1000003,OFF,0,0,0,"[{'no': 1, 'up_bound': 0, 'low_bound': 0, 'range_id': 1000003, 'range_label': 'OFF'}, {'no': 2, 'up_bound': 1, 'low_bound': 1, 'range_id': 1000004, 'range_label': 'ON'}]"
Data List,All data,Relay 1 Control signal for Vehicle Power Connector (diag),73,402,181,676,1,0x39ADA1,0x22,0x148,,1,3,1,2,7,1,-1,1,0,0,1000003,OFF,0,0,0,"[{'no': 1, 'up_bound': 0, 'low_bound': 0, 'range_id': 1000003, 'range_label': 'OFF'}, {'no': 2, 'up_bound': 1, 'low_bound': 1, 'range_id': 1000004, 'range_label': 'ON'}]"
Data List,All data,Relay 2 Control signal for Vehicle Power Connector (diag),74,403,182,677,1,0x39ADA1,0x22,0x149,,1,3,1,2,7,1,-1,1,0,0,1000003,OFF,0,0,0,"[{'no': 1, 'up_bound': 0, 'low_bound': 0, 'range_id': 1000003, 'range_label': 'OFF'}, {'no': 2, 'up_bound': 1, 'low_bound': 1, 'range_id': 1000004, 'range_label': 'ON'}]"
Data List,All data,V2H connector power supply relay control signal (diag),75,482,183,678,1,0x39ADA1,0x22,0x14A,,1,3,1,2,7,1,-1,1,0,0,1000003,OFF,0,0,0,"[{'no': 1, 'up_bound': 0, 'low_bound': 0, 'range_id': 1000003, 'range_label': 'OFF'}, {'no': 2, 'up_bound': 1, 'low_bound': 1, 'range_id': 1000004, 'range_label': 'ON'}]"
Data List,All data,Control power supply SNS.voltage,76,149,184,679,1,0x39ADA1,0x22,0x152,V,0,3,1,2,-1,-1,-1,1,0,0,0,,0.02,0,2,"[{'no': 1, 'up_bound': 0, 'low_bound': 0, 'range_id': 0, 'range_label': None}]"
Data List,All data,Connection status signal from OBC,77,145,185,680,1,0x39ADA1,0x22,0x154,,1,3,1,2,7,1,-1,1,0,0,1000003,OFF,0,0,0,"[{'no': 1, 'up_bound': 0, 'low_bound': 0, 'range_id': 1000003, 'range_label': 'OFF'}, {'no': 2, 'up_bound': 1, 'low_bound': 1, 'range_id': 1000004, 'range_label': 'ON'}]"
Data List,All data,Switch on signal of ECU from OBC,78,470,186,681,1,0x39ADA1,0x22,0x155,,1,3,1,2,7,1,-1,1,0,0,1000003,OFF,0,0,0,"[{'no': 1, 'up_bound': 0, 'low_bound': 0, 'range_id': 1000003, 'range_label': 'OFF'}, {'no': 2, 'up_bound': 1, 'low_bound': 1, 'range_id': 1000004, 'range_label': 'ON'}]"
Data List,All data,Connection status signal from BMU,79,143,187,682,1,0x39ADA1,0x22,0x156,,1,3,1,2,7,1,-1,1,0,0,1000003,OFF,0,0,0,"[{'no': 1, 'up_bound': 0, 'low_bound': 0, 'range_id': 1000003, 'range_label': 'OFF'}, {'no': 2, 'up_bound': 1, 'low_bound': 1, 'range_id': 1000004, 'range_label': 'ON'}]"
Data List,All data,Switch on signal of ECU from BMU,80,468,188,683,1,0x39ADA1,0x22,0x157,,1,3,1,2,7,1,-1,1,0,0,1000003,OFF,0,0,0,"[{'no': 1, 'up_bound': 0, 'low_bound': 0, 'range_id': 1000003, 'range_label': 'OFF'}, {'no': 2, 'up_bound': 1, 'low_bound': 1, 'range_id': 1000004, 'range_label': 'ON'}]"
Data List,All data,Connection status signal from ENGINE ECU,81,144,189,684,1,0x39ADA1,0x22,0x158,,1,3,1,2,7,1,-1,1,0,0,1000003,OFF,0,0,0,"[{'no': 1, 'up_bound': 0, 'low_bound': 0, 'range_id': 1000003, 'range_label': 'OFF'}, {'no': 2, 'up_bound': 1, 'low_bound': 1, 'range_id': 1000004, 'range_label': 'ON'}]"
Data List,All data,Switch on signal of ECU from ENGINE ECU,82,469,190,685,1,0x39ADA1,0x22,0x159,,1,3,1,2,7,1,-1,1,0,0,1000003,OFF,0,0,0,"[{'no': 1, 'up_bound': 0, 'low_bound': 0, 'range_id': 1000003, 'range_label': 'OFF'}, {'no': 2, 'up_bound': 1, 'low_bound': 1, 'range_id': 1000004, 'range_label': 'ON'}]"
Data List,All data,EV sub mode1,83,253,191,687,1,0x39ADA1,0x22,0x1003,,0,3,1,2,-1,-1,-1,1,0,0,0,,1,0,0,"[{'no': 1, 'up_bound': 0, 'low_bound': 0, 'range_id': 0, 'range_label': None}]"
Data List,All data,Order of mode transfer priority,84,351,192,688,1,0x39ADA1,0x22,0x1004,,0,3,1,2,-1,-1,-1,1,0,0,0,,1,0,0,"[{'no': 1, 'up_bound': 0, 'low_bound': 0, 'range_id': 0, 'range_label': None}]"
Data List,All data,EV sub mode2,85,254,193,689,1,0x39ADA1,0x22,0x1005,,0,3,1,2,-1,-1,-1,1,0,0,0,,1,0,0,"[{'no': 1, 'up_bound': 0, 'low_bound': 0, 'range_id': 0, 'range_label': None}]"
Data List,All data,Front Motor speed,86,275,194,691,1,0x39ADA1,0x22,0x1007,r/min,0,3,2,2,-1,-1,-1,1,0,0,0,,1,-20000,0,"[{'no': 1, 'up_bound': 0, 'low_bound': 0, 'range_id': 0, 'range_label': None}]"
Data List,All data,Power SW(ST) historical flag,87,369,195,693,1,0x39ADA1,0x22,0x1009,,1,3,1,2,7,1,-1,1,0,0,1000003,OFF,0,0,0,"[{'no': 1, 'up_bound': 0, 'low_bound': 0, 'range_id': 1000003, 'range_label': 'OFF'}, {'no': 2, 'up_bound': 1, 'low_bound': 1, 'range_id': 1000004, 'range_label': 'ON'}]"
Data List,All data,Charge contactor weld flag,88,126,196,694,1,0x39ADA1,0x22,0x100A,,1,3,1,2,7,1,-1,1,0,0,1000003,OFF,0,0,0,"[{'no': 1, 'up_bound': 0, 'low_bound': 0, 'range_id': 1000003, 'range_label': 'OFF'}, {'no': 2, 'up_bound': 1, 'low_bound': 1, 'range_id': 1000004, 'range_label': 'ON'}]"
Data List,All data,Main contactor (+) weld flag,89,319,197,695,1,0x39ADA1,0x22,0x100B,,1,3,1,2,7,1,-1,1,0,0,1000003,OFF,0,0,0,"[{'no': 1, 'up_bound': 0, 'low_bound': 0, 'range_id': 1000003, 'range_label': 'OFF'}, {'no': 2, 'up_bound': 1, 'low_bound': 1, 'range_id': 1000004, 'range_label': 'ON'}]"
Data List,All data,Main contactor (-) weld flag,90,318,198,696,1,0x39ADA1,0x22,0x100C,,1,3,1,2,7,1,-1,1,0,0,1000003,OFF,0,0,0,"[{'no': 1, 'up_bound': 0, 'low_bound': 0, 'range_id': 1000003, 'range_label': 'OFF'}, {'no': 2, 'up_bound': 1, 'low_bound': 1, 'range_id': 1000004, 'range_label': 'ON'}]"
Data List,All data,Condenser charge timeout flag,91,141,199,697,1,0x39ADA1,0x22,0x100D,,1,3,1,2,7,1,-1,1,0,0,1000003,OFF,0,0,0,"[{'no': 1, 'up_bound': 0, 'low_bound': 0, 'range_id': 1000003, 'range_label': 'OFF'}, {'no': 2, 'up_bound': 1, 'low_bound': 1, 'range_id': 1000004, 'range_label': 'ON'}]"
Data List,All data,Condenser discharge timeout flag,92,142,200,698,1,0x39ADA1,0x22,0x100E,,1,3,1,2,7,1,-1,1,0,0,1000003,OFF,0,0,0,"[{'no': 1, 'up_bound': 0, 'low_bound': 0, 'range_id': 1000003, 'range_label': 'OFF'}, {'no': 2, 'up_bound': 1, 'low_bound': 1, 'range_id': 1000004, 'range_label': 'ON'}]"
Data List,All data,Charge permission flag,93,127,201,699,1,0x39ADA1,0x22,0x100F,,1,3,1,2,7,1,-1,1,0,0,1000003,OFF,0,0,0,"[{'no': 1, 'up_bound': 0, 'low_bound': 0, 'range_id': 1000003, 'range_label': 'OFF'}, {'no': 2, 'up_bound': 1, 'low_bound': 1, 'range_id': 1000004, 'range_label': 'ON'}]"
Data List,All data,Quick charge permission flag,94,374,202,700,1,0x39ADA1,0x22,0x1010,,1,3,1,2,7,1,-1,1,0,0,1000003,OFF,0,0,0,"[{'no': 1, 'up_bound': 0, 'low_bound': 0, 'range_id': 1000003, 'range_label': 'OFF'}, {'no': 2, 'up_bound': 1, 'low_bound': 1, 'range_id': 1000004, 'range_label': 'ON'}]"
Data List,All data,On board charge permission flag,95,342,203,701,1,0x39ADA1,0x22,0x1011,,1,3,1,2,7,1,-1,1,0,0,1000003,OFF,0,0,0,"[{'no': 1, 'up_bound': 0, 'low_bound': 0, 'range_id': 1000003, 'range_label': 'OFF'}, {'no': 2, 'up_bound': 1, 'low_bound': 1, 'range_id': 1000004, 'range_label': 'ON'}]"
Data List,All data,Quick charge stop history flag,96,376,204,702,1,0x39ADA1,0x22,0x1012,,1,3,1,2,7,1,-1,1,0,0,1000003,OFF,0,0,0,"[{'no': 1, 'up_bound': 0, 'low_bound': 0, 'range_id': 1000003, 'range_label': 'OFF'}, {'no': 2, 'up_bound': 1, 'low_bound': 1, 'range_id': 1000004, 'range_label': 'ON'}]"
Data List,All data,On board charge stop his. flag,97,344,205,703,1,0x39ADA1,0x22,0x1013,,1,3,1,2,7,1,-1,1,0,0,1000003,OFF,0,0,0,"[{'no': 1, 'up_bound': 0, 'low_bound': 0, 'range_id': 1000003, 'range_label': 'OFF'}, {'no': 2, 'up_bound': 1, 'low_bound': 1, 'range_id': 1000004, 'range_label': 'ON'}]"
Data List,All data,Quick charger connect. judgment,98,377,206,704,1,0x39ADA1,0x22,0x1015,,1,3,1,2,7,1,-1,1,0,0,1000003,OFF,0,0,0,"[{'no': 1, 'up_bound': 0, 'low_bound': 0, 'range_id': 1000003, 'range_label': 'OFF'}, {'no': 2, 'up_bound': 1, 'low_bound': 1, 'range_id': 1000004, 'range_label': 'ON'}]"
Data List,All data,Torque inhibition (motor) flag,99,477,207,705,1,0x39ADA1,0x22,0x101A,,1,3,1,2,7,1,-1,1,0,0,1000003,OFF,0,0,0,"[{'no': 1, 'up_bound': 0, 'low_bound': 0, 'range_id': 1000003, 'range_label': 'OFF'}, {'no': 2, 'up_bound': 1, 'low_bound': 1, 'range_id': 1000004, 'range_label': 'ON'}]"
Data List,All data,Torque inhibition (battery) flag,100,476,208,706,1,0x39ADA1,0x22,0x101B,,1,3,1,2,7,1,-1,1,0,0,1000003,OFF,0,0,0,"[{'no': 1, 'up_bound': 0, 'low_bound': 0, 'range_id': 1000003, 'range_label': 'OFF'}, {'no': 2, 'up_bound': 1, 'low_bound': 1, 'range_id': 1000004, 'range_label': 'ON'}]"
Data List,All data,EWP intermittent flag,101,256,209,707,1,0x39ADA1,0x22,0x101D,,1,3,1,2,7,1,-1,1,0,0,1000003,OFF,0,0,0,"[{'no': 1, 'up_bound': 0, 'low_bound': 0, 'range_id': 1000003, 'range_label': 'OFF'}, {'no': 2, 'up_bound': 1, 'low_bound': 1, 'range_id': 1000004, 'range_label': 'ON'}]"
Data List,All data,Quick charge stop flag,102,375,210,708,1,0x39ADA1,0x22,0x101E,,1,3,1,2,7,1,-1,1,0,0,1000003,OFF,0,0,0,"[{'no': 1, 'up_bound': 0, 'low_bound': 0, 'range_id': 1000003, 'range_label': 'OFF'}, {'no': 2, 'up_bound': 1, 'low_bound': 1, 'range_id': 1000004, 'range_label': 'ON'}]"
Data List,All data,On board charge stop flag,103,343,211,709,1,0x39ADA1,0x22,0x101F,,1,3,1,2,7,1,-1,1,0,0,1000003,OFF,0,0,0,"[{'no': 1, 'up_bound': 0, 'low_bound': 0, 'range_id': 1000003, 'range_label': 'OFF'}, {'no': 2, 'up_bound': 1, 'low_bound': 1, 'range_id': 1000004, 'range_label': 'ON'}]"
Data List,All data,FMCU power supply keep request,104,264,212,710,1,0x39ADA1,0x22,0x1023,,1,3,1,2,7,1,-1,1,0,0,77000007,Not Request,0,0,0,"[{'no': 1, 'up_bound': 0, 'low_bound': 0, 'range_id': 77000007, 'range_label': 'Not Request'}, {'no': 2, 'up_bound': 1, 'low_bound': 1, 'range_id': 77000008, 'range_label': 'Request'}]"
Data List,All data,Quick charger function,105,379,213,711,1,0x39ADA1,0x22,0x1024,,1,3,1,2,7,1,-1,1,0,0,22900839,NG,0,0,0,"[{'no': 1, 'up_bound': 0, 'low_bound': 0, 'range_id': 22900839, 'range_label': 'NG'}, {'no': 2, 'up_bound': 1, 'low_bound': 1, 'range_id': 1100004, 'range_label': 'OK'}]"
Data List,All data,On-Board charger function,106,349,214,712,1,0x39ADA1,0x22,0x1025,,1,3,1,2,7,1,-1,1,0,0,22900839,NG,0,0,0,"[{'no': 1, 'up_bound': 0, 'low_bound': 0, 'range_id': 22900839, 'range_label': 'NG'}, {'no': 2, 'up_bound': 1, 'low_bound': 1, 'range_id': 1100004, 'range_label': 'OK'}]"
Data List,All data,BMU:READY,107,110,215,713,1,0x39ADA1,0x22,0x1026,,1,3,1,2,7,1,-1,1,0,0,1000003,OFF,0,0,0,"[{'no': 1, 'up_bound': 0, 'low_bound': 0, 'range_id': 1000003, 'range_label': 'OFF'}, {'no': 2, 'up_bound': 1, 'low_bound': 1, 'range_id': 1000004, 'range_label': 'ON'}]"
Data List,All data,BMU power supply keep request,108,109,216,714,1,0x39ADA1,0x22,0x1028,,1,3,1,2,7,1,-1,1,0,0,77000007,Not Request,0,0,0,"[{'no': 1, 'up_bound': 0, 'low_bound': 0, 'range_id': 77000007, 'range_label': 'Not Request'}, {'no': 2, 'up_bound': 1, 'low_bound': 1, 'range_id': 77000008, 'range_label': 'Request'}]"
Data List,All data,On-Board charger cooling request,109,348,217,715,1,0x39ADA1,0x22,0x1029,,1,3,1,2,7,1,-1,1,0,0,77000007,Not Request,0,0,0,"[{'no': 1, 'up_bound': 0, 'low_bound': 0, 'range_id': 77000007, 'range_label': 'Not Request'}, {'no': 2, 'up_bound': 1, 'low_bound': 1, 'range_id': 77000008, 'range_label': 'Request'}]"
Data List,All data,OBC power supply keep request,110,341,218,716,1,0x39ADA1,0x22,0x102A,,1,3,1,2,7,1,-1,1,0,0,77000007,Not Request,0,0,0,"[{'no': 1, 'up_bound': 0, 'low_bound': 0, 'range_id': 77000007, 'range_label': 'Not Request'}, {'no': 2, 'up_bound': 1, 'low_bound': 1, 'range_id': 77000008, 'range_label': 'Request'}]"
Data List,All data,Quick charger presence,111,381,219,717,1,0x39ADA1,0x22,0x102B,,1,3,1,2,7,1,-1,1,0,0,7000930,Not equipment,0,0,0,"[{'no': 1, 'up_bound': 0, 'low_bound': 0, 'range_id': 7000930, 'range_label': 'Not equipment'}, {'no': 2, 'up_bound': 1, 'low_bound': 1, 'range_id': 47000002, 'range_label': 'Equipment'}]"
Data List,All data,Parallel control,112,355,220,719,1,0x39ADA1,0x22,0x102D,,1,3,1,2,7,1,-1,1,0,0,11000114,Enable,0,0,0,"[{'no': 1, 'up_bound': 0, 'low_bound': 0, 'range_id': 11000114, 'range_label': 'Enable'}, {'no': 2, 'up_bound': 1, 'low_bound': 1, 'range_id': 11000113, 'range_label': 'Disable'}]"
Data List,All data,Driven engine for regeneration,113,199,221,720,1,0x39ADA1,0x22,0x102E,,1,3,1,2,7,1,-1,1,0,0,47000028,Disable,0,0,0,"[{'no': 1, 'up_bound': 0, 'low_bound': 0, 'range_id': 47000028, 'range_label': 'Disable'}, {'no': 2, 'up_bound': 1, 'low_bound': 1, 'range_id': 47000029, 'range_label': 'Enable'}]"
Data List,All data,Parallel run check mode flag,114,359,222,721,1,0x39ADA1,0x22,0x102F,,1,3,1,2,7,1,-1,1,0,0,1000003,OFF,0,0,0,"[{'no': 1, 'up_bound': 0, 'low_bound': 0, 'range_id': 1000003, 'range_label': 'OFF'}, {'no': 2, 'up_bound': 1, 'low_bound': 1, 'range_id': 1000004, 'range_label': 'ON'}]"
Data List,All data,PDTC clear condition flag,115,361,223,722,1,0x39ADA1,0x22,0x1030,,1,3,1,2,7,1,-1,1,0,0,1000003,OFF,0,0,0,"[{'no': 1, 'up_bound': 0, 'low_bound': 0, 'range_id': 1000003, 'range_label': 'OFF'}, {'no': 2, 'up_bound': 1, 'low_bound': 1, 'range_id': 1000004, 'range_label': 'ON'}]"
Data List,All data,Check run completion flag,116,131,224,723,1,0x39ADA1,0x22,0x1031,,1,3,1,2,7,1,-1,1,0,0,1000003,OFF,0,0,0,"[{'no': 1, 'up_bound': 0, 'low_bound': 0, 'range_id': 1000003, 'range_label': 'OFF'}, {'no': 2, 'up_bound': 1, 'low_bound': 1, 'range_id': 1000004, 'range_label': 'ON'}]"
Data List,All data,Shift position(control value),117,450,225,725,1,0x39ADA1,0x22,0x1033,,0,3,1,2,-1,-1,-1,1,0,0,0,,1,0,0,"[{'no': 1, 'up_bound': 0, 'low_bound': 0, 'range_id': 0, 'range_label': None}]"
Data List,All data,Coolant water temperature(EV),118,172,226,726,1,0x39ADA1,0x22,0x1034,°C,0,3,1,2,-1,-1,-1,1,0,0,0,,1,-40,0,"[{'no': 1, 'up_bound': 0, 'low_bound': 0, 'range_id': 0, 'range_label': None}]"
Data List,All data,Water pump status(EV),119,493,227,727,1,0x39ADA1,0x22,0x1035,%,0,3,1,2,-1,-1,-1,1,0,0,0,,0.3921569,0,1,"[{'no': 1, 'up_bound': 0, 'low_bound': 0, 'range_id': 0, 'range_label': None}]"
Data List,All data,OBC connecting signal,120,339,228,728,1,0x39ADA1,0x22,0x1037,,0,3,1,2,-1,-1,-1,1,0,0,77000011,No Signal,0,0,0,"[{'no': 1, 'up_bound': 0, 'low_bound': 0, 'range_id': 77000011, 'range_label': 'No Signal'}, {'no': 2, 'up_bound': 1, 'low_bound': 1, 'range_id': 77000012, 'range_label': 'Release ON'}, {'no': 3, 'up_bound': 2, 'low_bound': 2, 'range_id': 77000013, 'range_label': 'Release OFF'}]"
Data List,All data,Generator speed,121,289,229,730,1,0x39ADA1,0x22,0x1039,r/min,0,3,2,2,-1,-1,-1,1,0,0,0,,1,-20000,0,"[{'no': 1, 'up_bound': 0, 'low_bound': 0, 'range_id': 0, 'range_label': None}]"
Data List,All data,Rear motor speed,122,394,230,731,1,0x39ADA1,0x22,0x103A,r/min,0,3,2,2,-1,-1,-1,1,0,0,0,,1,-20000,0,"[{'no': 1, 'up_bound': 0, 'low_bound': 0, 'range_id': 0, 'range_label': None}]"
Data List,All data,Yaw rate,123,499,231,732,1,0x39ADA1,0x22,0x103C,deg/s,0,3,1,2,-1,-1,-1,1,0,0,0,,1,-93,0,"[{'no': 1, 'up_bound': 0, 'low_bound': 0, 'range_id': 0, 'range_label': None}]"
Data List,All data,Lateral acceleration,124,313,232,733,1,0x39ADA1,0x22,0x103D,m/s^2,0,3,1,2,-1,-1,-1,1,0,0,0,,0.1,-12.7,1,"[{'no': 1, 'up_bound': 0, 'low_bound': 0, 'range_id': 0, 'range_label': None}]"
Data List,All data,Longitudinal acceleration,125,315,233,734,1,0x39ADA1,0x22,0x103E,m/s^2,0,3,1,2,-1,-1,-1,1,0,0,0,,0.1,-12.7,1,"[{'no': 1, 'up_bound': 0, 'low_bound': 0, 'range_id': 0, 'range_label': None}]"
Data List,All data,Steering angle,126,464,234,735,1,0x39ADA1,0x22,0x103F,deg,0,3,2,2,-1,-1,65504,1,0,0,0,,0.03125,-1023,0,"[{'no': 1, 'up_bound': 0, 'low_bound': 0, 'range_id': 0, 'range_label': None}]"
Data List,All data,FL wheel speed sensor,127,262,235,736,1,0x39ADA1,0x22,0x1040,km/h,0,3,1,2,-1,-1,-1,1,0,0,0,,1,0,0,"[{'no': 1, 'up_bound': 0, 'low_bound': 0, 'range_id': 0, 'range_label': None}]"
Data List,All data,FR wheel speed sensor,128,265,236,737,1,0x39ADA1,0x22,0x1041,km/h,0,3,1,2,-1,-1,-1,1,0,0,0,,1,0,0,"[{'no': 1, 'up_bound': 0, 'low_bound': 0, 'range_id': 0, 'range_label': None}]"
Data List,All data,RL wheel speed sensor,129,418,237,738,1,0x39ADA1,0x22,0x1042,km/h,0,3,1,2,-1,-1,-1,1,0,0,0,,1,0,0,"[{'no': 1, 'up_bound': 0, 'low_bound': 0, 'range_id': 0, 'range_label': None}]"
Data List,All data,RR wheel speed sensor,130,421,238,739,1,0x39ADA1,0x22,0x1043,km/h,0,3,1,2,-1,-1,-1,1,0,0,0,,1,0,0,"[{'no': 1, 'up_bound': 0, 'low_bound': 0, 'range_id': 0, 'range_label': None}]"
Data List,All data,Estimated vehicle speed,131,248,239,740,1,0x39ADA1,0x22,0x1044,km/h,0,3,1,2,-1,-1,-1,1,0,0,0,,1,0,0,"[{'no': 1, 'up_bound': 0, 'low_bound': 0, 'range_id': 0, 'range_label': None}]"
Data List,All data,Engine speed,132,237,241,742,1,0x39ADA1,0x22,0x1048,r/min,0,5,2,2,-1,-1,-1,1,0,0,0,,0.25,0,2,"[{'no': 1, 'up_bound': 0, 'low_bound': 0, 'range_id': 0, 'range_label': None}]"
Data List,All data,Control power supply,133,148,242,743,1,0x39ADA1,0x22,0x1051,V,0,3,1,2,-1,-1,-1,1,0,0,0,,0.1,0,1,"[{'no': 1, 'up_bound': 0, 'low_bound': 0, 'range_id': 0, 'range_label': None}]"
Data List,All data,APS(Main) A/D value,134,15,243,744,1,0x39ADA1,0x22,0x1055,%,0,3,1,2,-1,-1,-1,1,0,0,0,,0.392157,0,0,"[{'no': 1, 'up_bound': 0, 'low_bound': 0, 'range_id': 0, 'range_label': None}]"
Data List,All data,APS(Sub) A/D value,135,16,244,744,1,0x39ADA1,0x22,0x1055,%,0,4,1,2,-1,-1,-1,1,0,0,0,,0.392157,0,0,"[{'no': 1, 'up_bound': 0, 'low_bound': 0, 'range_id': 0, 'range_label': None}]"
Data List,All data,Speed control system status,136,456,245,746,1,0x39ADA1,0x22,0x1059,,1,3,1,2,6,2,-1,1,0,0,47000020,Speed CONT. OFF,0,0,0,"[{'no': 1, 'up_bound': 0, 'low_bound': 0, 'range_id': 47000020, 'range_label': 'Speed CONT. OFF'}, {'no': 2, 'up_bound': 1, 'low_bound': 1, 'range_id': 47000021, 'range_label': 'Cruise CONT. ON'}, {'no': 3, 'up_bound': 2, 'low_bound': 2, 'range_id': 47000022, 'range_label': 'Speed limiter ON'}, {'no': 4, 'up_bound': 3, 'low_bound': 3, 'range_id': 9100194, 'range_label': 'ACC ON'}]"
Data List,All data,Speed limiter on/off switch,137,458,246,747,1,0x39ADA1,0x22,0x105A,,1,3,1,2,7,1,-1,1,0,0,1000003,OFF,0,0,0,"[{'no': 1, 'up_bound': 0, 'low_bound': 0, 'range_id': 1000003, 'range_label': 'OFF'}, {'no': 2, 'up_bound': 1, 'low_bound': 1, 'range_id': 1000004, 'range_label': 'ON'}]"
Data List,All data,CANCEL switch,138,116,247,748,1,0x39ADA1,0x22,0x105B,,1,3,1,2,7,1,-1,1,0,0,1000003,OFF,0,0,0,"[{'no': 1, 'up_bound': 0, 'low_bound': 0, 'range_id': 1000003, 'range_label': 'OFF'}, {'no': 2, 'up_bound': 1, 'low_bound': 1, 'range_id': 1000004, 'range_label': 'ON'}]"
Data List,All data,RES(+) switch,139,417,248,749,1,0x39ADA1,0x22,0x105C,,1,3,1,2,7,1,-1,1,0,0,1000003,OFF,0,0,0,"[{'no': 1, 'up_bound': 0, 'low_bound': 0, 'range_id': 1000003, 'range_label': 'OFF'}, {'no': 2, 'up_bound': 1, 'low_bound': 1, 'range_id': 1000004, 'range_label': 'ON'}]"
Data List,All data,SET(-) switch,140,425,249,750,1,0x39ADA1,0x22,0x105D,,1,3,1,2,7,1,-1,1,0,0,1000003,OFF,0,0,0,"[{'no': 1, 'up_bound': 0, 'low_bound': 0, 'range_id': 1000003, 'range_label': 'OFF'}, {'no': 2, 'up_bound': 1, 'low_bound': 1, 'range_id': 1000004, 'range_label': 'ON'}]"
Data List,All data,Cruise control on/off switch,141,179,250,751,1,0x39ADA1,0x22,0x105E,,1,3,1,2,7,1,-1,1,0,0,1000003,OFF,0,0,0,"[{'no': 1, 'up_bound': 0, 'low_bound': 0, 'range_id': 1000003, 'range_label': 'OFF'}, {'no': 2, 'up_bound': 1, 'low_bound': 1, 'range_id': 1000004, 'range_label': 'ON'}]"
Data List,All data,Cruise control flag,142,177,251,752,1,0x39ADA1,0x22,0x105F,,1,3,1,2,7,1,-1,1,0,0,1000003,OFF,0,0,0,"[{'no': 1, 'up_bound': 0, 'low_bound': 0, 'range_id': 1000003, 'range_label': 'OFF'}, {'no': 2, 'up_bound': 1, 'low_bound': 1, 'range_id': 1000004, 'range_label': 'ON'}]"
Data List,All data,Brake switch for speed control,143,113,252,753,1,0x39ADA1,0x22,0x1060,,1,3,1,2,7,1,-1,1,0,0,1000003,OFF,0,0,0,"[{'no': 1, 'up_bound': 0, 'low_bound': 0, 'range_id': 1000003, 'range_label': 'OFF'}, {'no': 2, 'up_bound': 1, 'low_bound': 1, 'range_id': 1000004, 'range_label': 'ON'}]"
Data List,All data,Vehicle speed for speed control,144,488,253,754,1,0x39ADA1,0x22,0x1061,km/h,0,3,1,2,-1,-1,-1,1,0,0,0,,1,0,0,"[{'no': 1, 'up_bound': 0, 'low_bound': 0, 'range_id': 0, 'range_label': None}]"
Data List,All data,ECU internal information 1,145,210,254,755,1,0x39ADA1,0x22,0x1064,%,0,3,1,2,-1,-1,-1,1,0,0,0,,0.5,0,1,"[{'no': 1, 'up_bound': 0, 'low_bound': 0, 'range_id': 0, 'range_label': None}]"
Data List,All data,ECU internal information 2,146,216,255,756,1,0x39ADA1,0x22,0x1065,km,0,3,2,2,-1,-1,-1,1,0,0,0,,6.4,0,1,"[{'no': 1, 'up_bound': 0, 'low_bound': 0, 'range_id': 0, 'range_label': None}]"
Data List,All data,ECU internal information 3,147,217,256,757,1,0x39ADA1,0x22,0x1066,,0,3,1,2,-1,-1,-1,1,0,0,0,,1,0,0,"[{'no': 1, 'up_bound': 0, 'low_bound': 0, 'range_id': 0, 'range_label': None}]"
Data List,All data,ECU internal information 4,148,218,257,758,1,0x39ADA1,0x22,0x1067,,0,3,1,2,-1,-1,-1,1,0,0,0,,1,0,0,"[{'no': 1, 'up_bound': 0, 'low_bound': 0, 'range_id': 0, 'range_label': None}]"
Data List,All data,ECU internal information 5,149,219,258,759,1,0x39ADA1,0x22,0x1068,km/h,0,3,1,2,-1,-1,-1,1,0,0,0,,1,0,0,"[{'no': 1, 'up_bound': 0, 'low_bound': 0, 'range_id': 0, 'range_label': None}]"
Data List,All data,ECU internal information 6,150,220,259,760,1,0x39ADA1,0x22,0x1069,,0,3,1,2,-1,-1,-1,1,0,0,0,,1,0,0,"[{'no': 1, 'up_bound': 0, 'low_bound': 0, 'range_id': 0, 'range_label': None}]"
Data List,All data,ECU internal information 7,151,221,260,761,1,0x39ADA1,0x22,0x106A,V,0,3,1,2,-1,-1,-1,1,0,0,0,,0.02,0,2,"[{'no': 1, 'up_bound': 0, 'low_bound': 0, 'range_id': 0, 'range_label': None}]"
Data List,All data,ECU internal information 8,152,222,261,762,1,0x39ADA1,0x22,0x106C,,0,3,2,2,-1,-1,-1,1,0,0,0,,0.02,0,2,"[{'no': 1, 'up_bound': 0, 'low_bound': 0, 'range_id': 0, 'range_label': None}]"
Data List,All data,ECU internal information 9,153,223,262,763,1,0x39ADA1,0x22,0x106D,ms,0,3,1,2,-1,-1,-1,1,0,0,0,,0.1,0,1,"[{'no': 1, 'up_bound': 0, 'low_bound': 0, 'range_id': 0, 'range_label': None}]"
Data List,All data,ECU internal information 10,154,211,263,764,1,0x39ADA1,0x22,0x106E,V,0,3,1,2,-1,-1,-1,1,0,0,0,,0.1,0,1,"[{'no': 1, 'up_bound': 0, 'low_bound': 0, 'range_id': 0, 'range_label': None}]"
Data List,All data,ECU internal information 11,155,212,264,765,1,0x39ADA1,0x22,0x106F,,0,3,4,2,-1,-1,-1,,,,,,,,,[]
Data List,All data,ECU internal information 12,156,213,265,766,1,0x39ADA1,0x22,0x1070,,0,3,4,2,-1,-1,-1,,,,,,,,,[]
Data List,All data,ECU internal information 13,157,214,266,767,1,0x39ADA1,0x22,0x1071,,0,3,4,2,-1,-1,-1,,,,,,,,,[]
Data List,All data,ECU internal information 14,158,215,267,768,1,0x39ADA1,0x22,0x1072,ms,0,3,1,2,-1,-1,-1,1,0,0,0,,10,0,0,"[{'no': 1, 'up_bound': 0, 'low_bound': 0, 'range_id': 0, 'range_label': None}]"
Data List,All data,Charge connector lock state,159,123,268,769,1,0x39ADA1,0x22,0x1077,,1,3,1,2,6,2,-1,1,0,0,7000904,Unavailable,0,0,0,"[{'no': 1, 'up_bound': 0, 'low_bound': 0, 'range_id': 7000904, 'range_label': 'Unavailable'}, {'no': 2, 'up_bound': 1, 'low_bound': 1, 'range_id': 22000023, 'range_label': 'Unlock'}, {'no': 3, 'up_bound': 2, 'low_bound': 2, 'range_id': 9100035, 'range_label': 'Lock'}]"
Data List,All data,Charge buzzer state,160,121,269,770,1,0x39ADA1,0x22,0x107B,,1,3,1,2,6,2,-1,1,0,0,16000056,No Request,0,0,0,"[{'no': 1, 'up_bound': 0, 'low_bound': 0, 'range_id': 16000056, 'range_label': 'No Request'}, {'no': 2, 'up_bound': 1, 'low_bound': 1, 'range_id': 7000910, 'range_label': 'Charging plug sound'}, {'no': 3, 'up_bound': 2, 'low_bound': 2, 'range_id': 7000911, 'range_label': 'Admit to charge battery sound'}, {'no': 4, 'up_bound': 3, 'low_bound': 3, 'range_id': 7000909, 'range_label': 'Unlock charging plug sound'}]"
Data List,All data,Setting vehicle speed for speed control,161,427,270,771,1,0x39ADA1,0x22,0x1082,km/h,0,3,1,2,-1,-1,-1,1,0,0,0,,1,0,0,"[{'no': 1, 'up_bound': 0, 'low_bound': 0, 'range_id': 0, 'range_label': None}]"
Data List,All data,Distance SW for speed control,162,198,271,772,1,0x39ADA1,0x22,0x1083,,1,3,1,2,7,1,-1,1,0,0,1000003,OFF,0,0,0,"[{'no': 1, 'up_bound': 0, 'low_bound': 0, 'range_id': 1000003, 'range_label': 'OFF'}, {'no': 2, 'up_bound': 1, 'low_bound': 1, 'range_id': 1000004, 'range_label': 'ON'}]"
Data List,All data,Cruise Control SET Lamp,163,180,272,773,1,0x39ADA1,0x22,0x1084,,1,3,1,2,7,1,-1,1,0,0,1000003,OFF,0,0,0,"[{'no': 1, 'up_bound': 0, 'low_bound': 0, 'range_id': 1000003, 'range_label': 'OFF'}, {'no': 2, 'up_bound': 1, 'low_bound': 1, 'range_id': 1000004, 'range_label': 'ON'}]"
Data List,All data,Cruise Control Main Lamp,164,178,273,774,1,0x39ADA1,0x22,0x1085,,1,3,1,2,7,1,-1,1,0,0,1000003,OFF,0,0,0,"[{'no': 1, 'up_bound': 0, 'low_bound': 0, 'range_id': 1000003, 'range_label': 'OFF'}, {'no': 2, 'up_bound': 1, 'low_bound': 1, 'range_id': 1000004, 'range_label': 'ON'}]"
Data List,All data,Cruise Control Cancel for low speed,165,176,274,775,1,0x39ADA1,0x22,0x1086,,1,3,1,2,7,1,-1,1,0,0,1000003,OFF,0,0,0,"[{'no': 1, 'up_bound': 0, 'low_bound': 0, 'range_id': 1000003, 'range_label': 'OFF'}, {'no': 2, 'up_bound': 1, 'low_bound': 1, 'range_id': 1000004, 'range_label': 'ON'}]"
Data List,All data,Cruise Control Cancel for difference with the setting speed,166,175,275,776,1,0x39ADA1,0x22,0x1087,,1,3,1,2,7,1,-1,1,0,0,1000003,OFF,0,0,0,"[{'no': 1, 'up_bound': 0, 'low_bound': 0, 'range_id': 1000003, 'range_label': 'OFF'}, {'no': 2, 'up_bound': 1, 'low_bound': 1, 'range_id': 1000004, 'range_label': 'ON'}]"
Data List,All data,Setting vehicle limitation speed for speed control,167,426,276,777,1,0x39ADA1,0x22,0x1088,km/h,0,3,1,2,-1,-1,-1,1,0,0,0,,1,0,0,"[{'no': 1, 'up_bound': 0, 'low_bound': 0, 'range_id': 0, 'range_label': None}]"
Data List,All data,Speed limiter SET Lamp,168,459,277,778,1,0x39ADA1,0x22,0x1089,,1,3,1,2,7,1,-1,1,0,0,1000003,OFF,0,0,0,"[{'no': 1, 'up_bound': 0, 'low_bound': 0, 'range_id': 1000003, 'range_label': 'OFF'}, {'no': 2, 'up_bound': 1, 'low_bound': 1, 'range_id': 1000004, 'range_label': 'ON'}]"
Data List,All data,Speed limiter Main Lamp,169,457,278,779,1,0x39ADA1,0x22,0x108A,,1,3,1,2,7,1,-1,1,0,0,1000003,OFF,0,0,0,"[{'no': 1, 'up_bound': 0, 'low_bound': 0, 'range_id': 1000003, 'range_label': 'OFF'}, {'no': 2, 'up_bound': 1, 'low_bound': 1, 'range_id': 1000004, 'range_label': 'ON'}]"
Data List,All data,Put on an Accelerator Pedal Over a Detent,170,372,279,780,1,0x39ADA1,0x22,0x108B,,1,3,1,2,7,1,-1,1,0,0,1000003,OFF,0,0,0,"[{'no': 1, 'up_bound': 0, 'low_bound': 0, 'range_id': 1000003, 'range_label': 'OFF'}, {'no': 2, 'up_bound': 1, 'low_bound': 1, 'range_id': 1000004, 'range_label': 'ON'}]"
Data List,All data,Brake switch information status from BCM,171,114,280,781,1,0x39ADA1,0x22,0x108C,,1,3,1,2,7,1,-1,1,0,0,1000003,OFF,0,0,0,"[{'no': 1, 'up_bound': 0, 'low_bound': 0, 'range_id': 1000003, 'range_label': 'OFF'}, {'no': 2, 'up_bound': 1, 'low_bound': 1, 'range_id': 1000004, 'range_label': 'ON'}]"
Data List,All data,Maintenance mode status,172,321,281,782,1,0x39ADA1,0x22,0x108D,,1,3,1,2,6,2,-1,1,0,0,3000316,Not used,0,0,0,"[{'no': 1, 'up_bound': 0, 'low_bound': 0, 'range_id': 3000316, 'range_label': 'Not used'}, {'no': 2, 'up_bound': 1, 'low_bound': 1, 'range_id': 7000940, 'range_label': 'No Request'}, {'no': 3, 'up_bound': 2, 'low_bound': 2, 'range_id': 7000941, 'range_label': 'Request'}]"
Data List,All data,Collision insulation judg. flag,173,140,283,785,1,0x39ADA1,0x22,0x1097,,1,3,1,2,7,1,-1,1,0,0,1000003,OFF,0,0,0,"[{'no': 1, 'up_bound': 0, 'low_bound': 0, 'range_id': 1000003, 'range_label': 'OFF'}, {'no': 2, 'up_bound': 1, 'low_bound': 1, 'range_id': 1000004, 'range_label': 'ON'}]"
Data List,All data,FMCU capacitor voltage,174,263,284,786,1,0x39ADA1,0x22,0x1099,V,0,3,2,2,-1,-1,65472,1,0,0,0,,0.015625,0,0,"[{'no': 1, 'up_bound': 0, 'low_bound': 0, 'range_id': 0, 'range_label': None}]"
Data List,All data,RMCU capacitor voltage,175,419,285,787,1,0x39ADA1,0x22,0x109A,V,0,3,2,2,-1,-1,65472,1,0,0,0,,0.015625,0,0,"[{'no': 1, 'up_bound': 0, 'low_bound': 0, 'range_id': 0, 'range_label': None}]"
Data List,All data,Battery interlock,176,101,286,788,1,0x39ADA1,0x22,0x109B,,1,3,1,2,7,1,-1,1,0,0,1000003,OFF,0,0,0,"[{'no': 1, 'up_bound': 0, 'low_bound': 0, 'range_id': 1000003, 'range_label': 'OFF'}, {'no': 2, 'up_bound': 1, 'low_bound': 1, 'range_id': 1000004, 'range_label': 'ON'}]"
Data List,All data,PDU interlock,177,362,287,789,1,0x39ADA1,0x22,0x109C,,1,3,1,2,7,1,-1,1,0,0,1000003,OFF,0,0,0,"[{'no': 1, 'up_bound': 0, 'low_bound': 0, 'range_id': 1000003, 'range_label': 'OFF'}, {'no': 2, 'up_bound': 1, 'low_bound': 1, 'range_id': 1000004, 'range_label': 'ON'}]"
Data List,All data,CC control 1,178,119,288,790,1,0x39ADA1,0x22,0x10A0,,0,3,1,2,-1,-1,-1,1,0,0,7000853,w/o CC,0,0,0,"[{'no': 1, 'up_bound': 0, 'low_bound': 0, 'range_id': 7000853, 'range_label': 'w/o CC'}, {'no': 2, 'up_bound': 63, 'low_bound': 63, 'range_id': 7000854, 'range_label': 'w/ CC , w/o ACC'}, {'no': 3, 'up_bound': 127, 'low_bound': 127, 'range_id': 7000855, 'range_label': 'w/ CC , w/ ACC'}]"
Data List,All data,CC control 2,179,120,289,791,1,0x39ADA1,0x22,0x10A1,,0,3,1,2,-1,-1,-1,1,0,0,7000853,w/o CC,0,0,0,"[{'no': 1, 'up_bound': 0, 'low_bound': 0, 'range_id': 7000853, 'range_label': 'w/o CC'}, {'no': 2, 'up_bound': 68, 'low_bound': 68, 'range_id': 7000855, 'range_label': 'w/ CC , w/ ACC'}, {'no': 3, 'up_bound': 127, 'low_bound': 127, 'range_id': 7000854, 'range_label': 'w/ CC , w/o ACC'}]"
Data List,All data,FCM operation flag,180,261,290,792,1,0x39ADA1,0x22,0x10A2,,1,3,1,2,7,1,-1,1,0,0,1000003,OFF,0,0,0,"[{'no': 1, 'up_bound': 0, 'low_bound': 0, 'range_id': 1000003, 'range_label': 'OFF'}, {'no': 2, 'up_bound': 1, 'low_bound': 1, 'range_id': 1000004, 'range_label': 'ON'}]"
Data List,All data,ACC operation flag,181,6,291,793,1,0x39ADA1,0x22,0x10A3,,1,3,1,2,7,1,-1,1,0,0,1000003,OFF,0,0,0,"[{'no': 1, 'up_bound': 0, 'low_bound': 0, 'range_id': 1000003, 'range_label': 'OFF'}, {'no': 2, 'up_bound': 1, 'low_bound': 1, 'range_id': 1000004, 'range_label': 'ON'}]"
Data List,All data,Battery cell minimum Temperature,182,96,292,794,1,0x39ADA1,0x22,0x10A5,°C,1,3,1,2,1,7,-1,1,0,0,0,,1,-40,0,"[{'no': 1, 'up_bound': 0, 'low_bound': 0, 'range_id': 0, 'range_label': None}]"
Data List,All data,Battery cell minimum Voltage,183,97,293,794,1,0x39ADA1,0x22,0x10A5,V,0,3,3,2,-1,-1,130944,1,0,0,0,,0.0000390625,0,3,"[{'no': 1, 'up_bound': 0, 'low_bound': 0, 'range_id': 0, 'range_label': None}]"
Data List,All data,Battery cell maximum Voltage,184,95,294,794,1,0x39ADA1,0x22,0x10A5,V,0,5,2,2,-1,-1,32736,1,0,0,0,,0.00015625,0,3,"[{'no': 1, 'up_bound': 0, 'low_bound': 0, 'range_id': 0, 'range_label': None}]"
Data List,All data,Battery cell maximum Temperature,185,94,295,794,1,0x39ADA1,0x22,0x10A5,°C,0,6,2,2,-1,-1,8128,1,0,0,0,,0.015625,-40,0,"[{'no': 1, 'up_bound': 0, 'low_bound': 0, 'range_id': 0, 'range_label': None}]"
Data List,All data,IGBT Gate Condition form FMCU,186,297,296,795,1,0x39ADA1,0x22,0x10A9,,1,3,1,2,7,1,-1,1,0,0,0,,1,0,0,"[{'no': 1, 'up_bound': 0, 'low_bound': 0, 'range_id': 0, 'range_label': None}]"
Data List,All data,IGBT Gate Condition form RMCU,187,299,297,796,1,0x39ADA1,0x22,0x10AA,,1,3,1,2,7,1,-1,1,0,0,0,,1,0,0,"[{'no': 1, 'up_bound': 0, 'low_bound': 0, 'range_id': 0, 'range_label': None}]"
Data List,All data,IGBT Gate Condition form GCU,188,298,298,797,1,0x39ADA1,0x22,0x10AB,,1,3,1,2,7,1,-1,1,0,0,0,,1,0,0,"[{'no': 1, 'up_bound': 0, 'low_bound': 0, 'range_id': 0, 'range_label': None}]"
Data List,All data,Front motor output torque,189,273,299,798,1,0x39ADA1,0x22,0x10AC,Nm,0,3,2,2,-1,-1,65528,1,0,0,0,,0.0125,-400,1,"[{'no': 1, 'up_bound': 0, 'low_bound': 0, 'range_id': 0, 'range_label': None}]"
Data List,All data,Rear motor output torque,190,393,300,799,1,0x39ADA1,0x22,0x10AD,Nm,0,3,2,2,-1,-1,65528,1,0,0,0,,0.0125,-400,1,"[{'no': 1, 'up_bound': 0, 'low_bound': 0, 'range_id': 0, 'range_label': None}]"
Data List,All data,Generator output torque,191,288,301,800,1,0x39ADA1,0x22,0x10AE,Nm,0,3,2,2,-1,-1,65528,1,0,0,0,,0.0125,-400,1,"[{'no': 1, 'up_bound': 0, 'low_bound': 0, 'range_id': 0, 'range_label': None}]"
Data List,All data,Fuel cut mode,192,279,302,801,1,0x39ADA1,0x22,0x10AF,,1,3,1,2,7,1,-1,1,0,0,0,,1,0,0,"[{'no': 1, 'up_bound': 0, 'low_bound': 0, 'range_id': 0, 'range_label': None}]"
Data List,All data,Catalyzer warm-up mode,193,118,303,802,1,0x39ADA1,0x22,0x10B0,,1,3,1,2,7,1,-1,1,0,0,0,,1,0,0,"[{'no': 1, 'up_bound': 0, 'low_bound': 0, 'range_id': 0, 'range_label': None}]"
Data List,All data,Static engine torque,194,461,304,803,1,0x39ADA1,0x22,0x10B1,Nm,0,3,2,2,-1,-1,-1,1,0,0,0,,0.0156,-500,2,"[{'no': 1, 'up_bound': 0, 'low_bound': 0, 'range_id': 0, 'range_label': None}]"
Data List,All data,ABS in regulation,195,3,305,804,1,0x39ADA1,0x22,0x10B4,,1,3,1,2,7,1,-1,1,0,0,0,,1,0,0,"[{'no': 1, 'up_bound': 0, 'low_bound': 0, 'range_id': 0, 'range_label': None}]"
Data List,All data,Wheel Speed Front Left,196,495,306,805,1,0x39ADA1,0x22,0x10B6,r/min,0,3,2,2,-1,-1,-1,1,0,0,0,,0.04166667,0,2,"[{'no': 1, 'up_bound': 0, 'low_bound': 0, 'range_id': 0, 'range_label': None}]"
Data List,All data,Wheel Speed Front Right,197,496,307,805,1,0x39ADA1,0x22,0x10B6,r/min,0,5,2,2,-1,-1,-1,1,0,0,0,,0.04166667,0,2,"[{'no': 1, 'up_bound': 0, 'low_bound': 0, 'range_id': 0, 'range_label': None}]"
Data List,All data,Wheel Speed Rear Left,198,497,308,805,1,0x39ADA1,0x22,0x10B6,r/min,0,7,2,2,-1,-1,-1,1,0,0,0,,0.04166667,0,2,"[{'no': 1, 'up_bound': 0, 'low_bound': 0, 'range_id': 0, 'range_label': None}]"
Data List,All data,Wheel Speed Rear Right,199,498,309,805,1,0x39ADA1,0x22,0x10B6,r/min,0,9,2,2,-1,-1,-1,1,0,0,0,,0.04166667,0,2,"[{'no': 1, 'up_bound': 0, 'low_bound': 0, 'range_id': 0, 'range_label': None}]"
Data List,All data,Generator oil temperature,200,287,310,806,1,0x39ADA1,0x22,0x10BA,°C,0,3,1,2,-1,-1,-1,1,0,0,0,,1,-40,0,"[{'no': 1, 'up_bound': 0, 'low_bound': 0, 'range_id': 0, 'range_label': None}]"
Data List,All data,Braking Pressure,201,115,311,807,1,0x39ADA1,0x22,0x10BC,bar,0,3,1,2,-1,-1,-1,1,0,0,0,,0.5,0,1,"[{'no': 1, 'up_bound': 0, 'low_bound': 0, 'range_id': 0, 'range_label': None}]"
Data List,All data,Power SW(OFF) historical flag,202,368,312,808,1,0x39ADA1,0x22,0x10BD,,1,3,1,2,7,1,-1,1,0,0,0,,1,0,0,"[{'no': 1, 'up_bound': 0, 'low_bound': 0, 'range_id': 0, 'range_label': None}]"
Data List,All data,Fail level 1,203,258,313,809,1,0x39ADA1,0x22,0x10BE,,1,3,1,2,7,1,-1,1,0,0,0,,1,0,0,"[{'no': 1, 'up_bound': 0, 'low_bound': 0, 'range_id': 0, 'range_label': None}]"
Data List,All data,Fail level 2,204,259,314,810,1,0x39ADA1,0x22,0x10BF,,1,3,1,2,7,1,-1,1,0,0,0,,1,0,0,"[{'no': 1, 'up_bound': 0, 'low_bound': 0, 'range_id': 0, 'range_label': None}]"
Data List,All data,Engine Start Request,205,238,316,812,1,0x39ADA1,0x22,0x10C2,,1,3,1,2,6,2,-1,1,0,0,0,,1,0,0,"[{'no': 1, 'up_bound': 0, 'low_bound': 0, 'range_id': 0, 'range_label': None}]"
Data List,All data,Power Consumption of Compressor,206,365,317,813,1,0x39ADA1,0x22,0x10C3,W,0,3,1,2,-1,-1,-1,1,0,0,0,,40,0,0,"[{'no': 1, 'up_bound': 0, 'low_bound': 0, 'range_id': 0, 'range_label': None}]"
Data List,All data,Power Consumption of SUB DCDC,207,366,318,814,1,0x39ADA1,0x22,0x10C4,W,1,3,1,2,3,5,-1,1,0,0,0,,100,0,0,"[{'no': 1, 'up_bound': 0, 'low_bound': 0, 'range_id': 0, 'range_label': None}]"
Data List,All data,Inhibit rear EV-TCL flag,208,307,320,816,1,0x39ADA1,0x22,0x10C6,,1,3,1,2,7,1,-1,1,0,0,0,,1,0,0,"[{'no': 1, 'up_bound': 0, 'low_bound': 0, 'range_id': 0, 'range_label': None}]"
Data List,All data,State of charge for control,209,460,322,818,1,0x39ADA1,0x22,0x10C8,%,0,3,2,2,-1,-1,65504,1,0,0,0,,0.003125,-5,1,"[{'no': 1, 'up_bound': 0, 'low_bound': 0, 'range_id': 0, 'range_label': None}]"
Data List,All data,Fail level 4,210,260,323,819,1,0x39ADA1,0x22,0x10C9,,1,3,1,2,7,1,-1,1,0,0,0,,1,0,0,"[{'no': 1, 'up_bound': 0, 'low_bound': 0, 'range_id': 0, 'range_label': None}]"
Data List,All data,Front Motor fail,211,271,324,820,1,0x39ADA1,0x22,0x10CA,,1,3,1,2,7,1,-1,1,0,0,0,,1,0,0,"[{'no': 1, 'up_bound': 0, 'low_bound': 0, 'range_id': 0, 'range_label': None}]"
Data List,All data,Rear Motor fail,212,391,325,821,1,0x39ADA1,0x22,0x10CB,,1,3,1,2,7,1,-1,1,0,0,0,,1,0,0,"[{'no': 1, 'up_bound': 0, 'low_bound': 0, 'range_id': 0, 'range_label': None}]"
Data List,All data,Request of engine motoring request,213,406,326,822,1,0x39ADA1,0x22,0x10CC,,1,3,1,2,6,2,-1,1,0,0,0,,1,0,0,"[{'no': 1, 'up_bound': 0, 'low_bound': 0, 'range_id': 0, 'range_label': None}]"
Data List,All data,Request of low load operation for EGR monitor,214,412,327,823,1,0x39ADA1,0x22,0x10CD,,1,3,1,2,7,1,-1,1,0,0,0,,1,0,0,"[{'no': 1, 'up_bound': 0, 'low_bound': 0, 'range_id': 0, 'range_label': None}]"
Data List,All data,Request of forced fuel cut,215,409,328,824,1,0x39ADA1,0x22,0x10CE,,1,3,1,2,6,2,-1,1,0,0,0,,1,0,0,"[{'no': 1, 'up_bound': 0, 'low_bound': 0, 'range_id': 0, 'range_label': None}]"
Data List,All data,Request of forced engine running,216,408,329,825,1,0x39ADA1,0x22,0x10CF,,1,3,1,2,7,1,-1,1,0,0,0,,1,0,0,"[{'no': 1, 'up_bound': 0, 'low_bound': 0, 'range_id': 0, 'range_label': None}]"
Data List,All data,Minimum engine torque,217,334,330,826,1,0x39ADA1,0x22,0x10D0,Nm,0,3,2,2,-1,-1,65528,1,0,0,0,,0.03125,-500,2,"[{'no': 1, 'up_bound': 0, 'low_bound': 0, 'range_id': 0, 'range_label': None}]"
Data List,All data,Request of purge mode,218,414,331,827,1,0x39ADA1,0x22,0x10D1,,1,3,1,2,5,3,-1,1,0,0,0,,1,0,0,"[{'no': 1, 'up_bound': 0, 'low_bound': 0, 'range_id': 0, 'range_label': None}]"
Data List,All data,Engine coolant temperature,219,229,332,828,1,0x39ADA1,0x22,0x10D2,°C,0,3,1,2,-1,-1,-1,1,0,0,0,,1,-40,0,"[{'no': 1, 'up_bound': 0, 'low_bound': 0, 'range_id': 0, 'range_label': None}]"
Data List,All data,Maximum engine torque,220,328,333,829,1,0x39ADA1,0x22,0x10D3,Nm,0,3,2,2,-1,-1,65528,1,0,0,0,,0.03125,-500,2,"[{'no': 1, 'up_bound': 0, 'low_bound': 0, 'range_id': 0, 'range_label': None}]"
Data List,All data,Backup DCL operation,221,92,334,830,1,0x39ADA1,0x22,0x10D4,,1,3,1,2,7,1,-1,1,0,0,0,,1,0,0,"[{'no': 1, 'up_bound': 0, 'low_bound': 0, 'range_id': 0, 'range_label': None}]"
Data List,All data,Limp Home mode,222,314,335,831,1,0x39ADA1,0x22,0x10D6,,1,3,1,2,5,3,-1,1,0,0,0,,1,0,0,"[{'no': 1, 'up_bound': 0, 'low_bound': 0, 'range_id': 0, 'range_label': None}]"
Data List,All data,MAX APS voltage in Brake override,223,322,336,832,1,0x39ADA1,0x22,0x10D7,V,0,3,2,2,-1,-1,65528,1,0,0,0,,0.000125,0,3,"[{'no': 1, 'up_bound': 0, 'low_bound': 0, 'range_id': 0, 'range_label': None}]"
Data List,All data,Request of EV inhibition by coolant temp,224,407,337,833,1,0x39ADA1,0x22,0x10D8,,1,3,1,2,7,1,-1,1,0,0,0,,1,0,0,"[{'no': 1, 'up_bound': 0, 'low_bound': 0, 'range_id': 0, 'range_label': None}]"
Data List,All data,APS-OFF judgement,225,17,338,834,1,0x39ADA1,0x22,0x10D9,,1,3,1,2,7,1,-1,1,0,0,0,,1,0,0,"[{'no': 1, 'up_bound': 0, 'low_bound': 0, 'range_id': 0, 'range_label': None}]"
Data List,All data,Vehicle speed for parallel mode check,226,487,339,835,1,0x39ADA1,0x22,0x10DA,km/h,0,3,1,2,-1,-1,-1,1,0,0,0,,1,0,0,"[{'no': 1, 'up_bound': 0, 'low_bound': 0, 'range_id': 0, 'range_label': None}]"
Data List,All data,Engine power limitation flag2,227,234,340,836,1,0x39ADA1,0x22,0x10DB,,1,3,1,2,7,1,-1,1,0,0,0,,1,0,0,"[{'no': 1, 'up_bound': 0, 'low_bound': 0, 'range_id': 0, 'range_label': None}]"
Data List,All data,Engine power limitation flag3,228,235,341,837,1,0x39ADA1,0x22,0x10DC,,1,3,1,2,7,1,-1,1,0,0,0,,1,0,0,"[{'no': 1, 'up_bound': 0, 'low_bound': 0, 'range_id': 0, 'range_label': None}]"
Data List,All data,Raw quantity of total fuel,229,384,342,838,1,0x39ADA1,0x22,0x10DD,ohm,0,3,2,2,-1,-1,65472,1,0,0,0,,0.015625,0,0,"[{'no': 1, 'up_bound': 0, 'low_bound': 0, 'range_id': 0, 'range_label': None}]"
Data List,All data,Display rate of fuel gauge,230,197,343,839,1,0x39ADA1,0x22,0x10DE,%,0,3,1,2,-1,-1,-1,1,0,0,0,,1,-63,0,"[{'no': 1, 'up_bound': 0, 'low_bound': 0, 'range_id': 0, 'range_label': None}]"
Data List,All data,Engine compression measurement flag,231,228,344,840,1,0x39ADA1,0x22,0x10DF,,1,3,1,2,7,1,-1,1,0,0,0,,1,0,0,"[{'no': 1, 'up_bound': 0, 'low_bound': 0, 'range_id': 0, 'range_label': None}]"
Data List,All data,Request of GPF heating,232,411,345,841,1,0x39ADA1,0x22,0x10E0,,1,3,1,2,7,1,-1,1,0,0,0,,1,0,0,"[{'no': 1, 'up_bound': 0, 'low_bound': 0, 'range_id': 0, 'range_label': None}]"
Data List,All data,Request of fuel maintenance mode,233,410,346,842,1,0x39ADA1,0x22,0x10E1,,1,3,1,2,7,1,-1,1,0,0,0,,1,0,0,"[{'no': 1, 'up_bound': 0, 'low_bound': 0, 'range_id': 0, 'range_label': None}]"
Data List,All data,Inhibit regeneration brake flag,234,308,347,843,1,0x39ADA1,0x22,0x10E2,,1,3,1,2,7,1,-1,1,0,0,0,,1,0,0,"[{'no': 1, 'up_bound': 0, 'low_bound': 0, 'range_id': 0, 'range_label': None}]"
Data List,All data,Brake pedal stroke sensor abnormality flag,235,111,348,844,1,0x39ADA1,0x22,0x10E3,,1,3,1,2,7,1,-1,1,0,0,0,,1,0,0,"[{'no': 1, 'up_bound': 0, 'low_bound': 0, 'range_id': 0, 'range_label': None}]"
Data List,All data,Engine friction torque,236,232,349,845,1,0x39ADA1,0x22,0x10E4,Nm,0,3,2,2,-1,-1,65528,1,0,0,0,,0.03125,-500,2,"[{'no': 1, 'up_bound': 0, 'low_bound': 0, 'range_id': 0, 'range_label': None}]"
Data List,All data,Ready status,237,386,350,846,1,0x39ADA1,0x22,0x10E5,,1,3,1,2,7,1,-1,1,0,0,0,,1,0,0,"[{'no': 1, 'up_bound': 0, 'low_bound': 0, 'range_id': 0, 'range_label': None}]"
Data List,All data,PWT Power Limitation Alert,238,373,351,847,1,0x39ADA1,0x22,0x10E6,,1,3,1,2,7,1,-1,1,0,0,0,,1,0,0,"[{'no': 1, 'up_bound': 0, 'low_bound': 0, 'range_id': 0, 'range_label': None}]"
Data List,All data,IGBT drive flag when Not shift P,239,296,353,849,1,0x39ADA1,0x22,0x10E9,,1,3,1,2,7,1,-1,1,0,0,0,,1,0,0,"[{'no': 1, 'up_bound': 0, 'low_bound': 0, 'range_id': 0, 'range_label': None}]"
Data List,All data,Engine fail level,240,231,354,850,1,0x39ADA1,0x22,0x10EA,,1,3,1,2,5,3,-1,1,0,0,0,,1,0,0,"[{'no': 1, 'up_bound': 0, 'low_bound': 0, 'range_id': 0, 'range_label': None}]"
Data List,All data,DC/DC Converter Output Current,241,183,355,851,1,0x39ADA1,0x22,0x10EB,A,0,3,1,2,-1,-1,-1,1,0,0,0,,1,0,0,"[{'no': 1, 'up_bound': 0, 'low_bound': 0, 'range_id': 0, 'range_label': None}]"
Data List,All data,DC/DC Converter Output Voltage,242,184,356,852,1,0x39ADA1,0x22,0x10EC,V,0,3,2,2,-1,-1,65504,1,0,0,0,,0.0003125,0,2,"[{'no': 1, 'up_bound': 0, 'low_bound': 0, 'range_id': 0, 'range_label': None}]"
Data List,All data,VCU max available drive power,243,484,357,853,1,0x39ADA1,0x22,0x10F1,kW,0,3,2,2,-1,-1,65472,1,0,0,0,,0.0015625,0,1,"[{'no': 1, 'up_bound': 0, 'low_bound': 0, 'range_id': 0, 'range_label': None}]"
Data List,All data,VCU max available regeneration power,244,485,358,854,1,0x39ADA1,0x22,0x10F2,kW,0,3,2,2,-1,-1,65472,1,0,0,0,,0.0015625,0,1,"[{'no': 1, 'up_bound': 0, 'low_bound': 0, 'range_id': 0, 'range_label': None}]"
Data List,All data,Low fuel level estimated by engine ECU,245,316,359,855,1,0x39ADA1,0x22,0x10F3,,1,3,1,2,7,1,-1,1,0,0,0,,1,0,0,"[{'no': 1, 'up_bound': 0, 'low_bound': 0, 'range_id': 0, 'range_label': None}]"
Data List,All data,Request of operation for MF monitor,246,413,360,856,1,0x39ADA1,0x22,0x10F4,,1,3,1,2,7,1,-1,1,0,0,0,,1,0,0,"[{'no': 1, 'up_bound': 0, 'low_bound': 0, 'range_id': 0, 'range_label': None}]"
Data List,All data,Engine drive for the regeneration brake compensation equipment,247,230,361,857,1,0x39ADA1,0x22,0x10F5,,1,3,1,2,7,1,-1,1,0,0,0,,1,0,0,"[{'no': 1, 'up_bound': 0, 'low_bound': 0, 'range_id': 0, 'range_label': None}]"
Data List,All data,Elec Brake Wheel Torque Request,248,226,362,858,1,0x39ADA1,0x22,0x10F6,Nm,0,3,2,2,-1,-1,65528,1,0,0,0,,0.125,0,0,"[{'no': 1, 'up_bound': 0, 'low_bound': 0, 'range_id': 0, 'range_label': None}]"
Data List,All data,ESB abnormality flag,249,244,363,859,1,0x39ADA1,0x22,0x10F7,,1,3,1,2,7,1,-1,1,0,0,0,,1,0,0,"[{'no': 1, 'up_bound': 0, 'low_bound': 0, 'range_id': 0, 'range_label': None}]"
Data List,All data,Backup DCL2 equipment flag,250,93,365,861,1,0x39ADA1,0x22,0x10F9,,1,3,1,2,7,1,-1,1,0,0,0,,1,0,0,"[{'no': 1, 'up_bound': 0, 'low_bound': 0, 'range_id': 0, 'range_label': None}]"
Data List,All data,ASC Stand Still Status,251,20,366,862,1,0x39ADA1,0x22,0x10FA,,1,3,1,2,5,3,-1,1,0,0,0,,1,0,0,"[{'no': 1, 'up_bound': 0, 'low_bound': 0, 'range_id': 0, 'range_label': None}]"
Data List,All data,Battery Maximum Input Power,252,102,367,863,1,0x39ADA1,0x22,0x10FE,kW,0,3,2,2,-1,-1,65472,1,0,0,0,,0.00390625,0,2,"[{'no': 1, 'up_bound': 0, 'low_bound': 0, 'range_id': 0, 'range_label': None}]"
Data List,All data,Battery Maximum Output Power,253,103,368,864,1,0x39ADA1,0x22,0x10FF,kW,0,3,2,2,-1,-1,65472,1,0,0,0,,0.00390625,0,2,"[{'no': 1, 'up_bound': 0, 'low_bound': 0, 'range_id': 0, 'range_label': None}]"
Data List,All data,Front motor speed limit level,254,276,369,865,1,0x39ADA1,0x22,0x1104,,1,3,1,2,6,2,-1,1,0,0,0,,1,0,0,"[{'no': 1, 'up_bound': 0, 'low_bound': 0, 'range_id': 0, 'range_label': None}]"
Data List,All data,Rear motor speed limit level,255,395,370,866,1,0x39ADA1,0x22,0x1105,,1,3,1,2,6,2,-1,1,0,0,0,,1,0,0,"[{'no': 1, 'up_bound': 0, 'low_bound': 0, 'range_id': 0, 'range_label': None}]"
Data List,All data,Front motor Torque available,256,277,371,867,1,0x39ADA1,0x22,0x1106,Nm,0,3,2,2,-1,-1,65520,1,0,0,0,,0.00625,0,1,"[{'no': 1, 'up_bound': 0, 'low_bound': 0, 'range_id': 0, 'range_label': None}]"
Data List,All data,Rear motor Torque available,257,396,372,868,1,0x39ADA1,0x22,0x1107,Nm,0,3,2,2,-1,-1,65520,1,0,0,0,,0.00625,0,1,"[{'no': 1, 'up_bound': 0, 'low_bound': 0, 'range_id': 0, 'range_label': None}]"
Data List,All data,Generator Torque available,258,290,373,869,1,0x39ADA1,0x22,0x1108,Nm,0,3,2,2,-1,-1,65520,1,0,0,0,,0.00625,0,1,"[{'no': 1, 'up_bound': 0, 'low_bound': 0, 'range_id': 0, 'range_label': None}]"
Data List,All data,Stop Torque judgement,259,467,374,870,1,0x39ADA1,0x22,0x1109,,1,3,1,2,7,1,-1,1,0,0,0,,1,0,0,"[{'no': 1, 'up_bound': 0, 'low_bound': 0, 'range_id': 0, 'range_label': None}]"
Data List,All data,Inhibit series and parallel judgement,260,309,375,871,1,0x39ADA1,0x22,0x110A,,1,3,1,2,7,1,-1,1,0,0,0,,1,0,0,"[{'no': 1, 'up_bound': 0, 'low_bound': 0, 'range_id': 0, 'range_label': None}]"
Data List,All data,Inhibit parallel judgement,261,305,376,872,1,0x39ADA1,0x22,0x110B,,1,3,1,2,7,1,-1,1,0,0,0,,1,0,0,"[{'no': 1, 'up_bound': 0, 'low_bound': 0, 'range_id': 0, 'range_label': None}]"
Data List,All data,Battery Input Power Status,262,100,377,873,1,0x39ADA1,0x22,0x110C,,1,3,1,2,6,2,-1,1,0,0,0,,1,0,0,"[{'no': 1, 'up_bound': 0, 'low_bound': 0, 'range_id': 0, 'range_label': None}]"
Data List,All data,Battery Output Power Status,263,105,378,874,1,0x39ADA1,0x22,0x110D,,1,3,1,2,6,2,-1,1,0,0,0,,1,0,0,"[{'no': 1, 'up_bound': 0, 'low_bound': 0, 'range_id': 0, 'range_label': None}]"
Data List,All data,SOP coefficient,264,455,379,875,1,0x39ADA1,0x22,0x110E,,1,3,1,2,1,7,-1,1,0,0,0,,1,0,0,"[{'no': 1, 'up_bound': 0, 'low_bound': 0, 'range_id': 0, 'range_label': None}]"
Data List,All data,Front motor loss,265,272,380,876,1,0x39ADA1,0x22,0x110F,kW,0,3,1,2,-1,-1,-1,1,0,0,0,,0.1,0,1,"[{'no': 1, 'up_bound': 0, 'low_bound': 0, 'range_id': 0, 'range_label': None}]"
Data List,All data,VCU Loss,266,483,381,877,1,0x39ADA1,0x22,0x1110,kW,0,3,1,2,-1,-1,-1,1,0,0,0,,0.1,0,1,"[{'no': 1, 'up_bound': 0, 'low_bound': 0, 'range_id': 0, 'range_label': None}]"
Data List,All data,Generator loss,267,286,382,878,1,0x39ADA1,0x22,0x1111,kW,0,3,1,2,-1,-1,-1,1,0,0,0,,0.1,0,1,"[{'no': 1, 'up_bound': 0, 'low_bound': 0, 'range_id': 0, 'range_label': None}]"
Data List,All data,Rear motor loss,268,392,383,879,1,0x39ADA1,0x22,0x1112,kW,0,3,1,2,-1,-1,-1,1,0,0,0,,0.1,0,1,"[{'no': 1, 'up_bound': 0, 'low_bound': 0, 'range_id': 0, 'range_label': None}]"
Data List,All data,Front Motor Torque Request,269,278,384,880,1,0x39ADA1,0x22,0x1113,Nm,0,3,2,2,-1,-1,65534,1,0,0,0,,0.05,-1000,1,"[{'no': 1, 'up_bound': 0, 'low_bound': 0, 'range_id': 0, 'range_label': None}]"
Data List,All data,Rear Motor Torque Request,270,397,385,881,1,0x39ADA1,0x22,0x1114,Nm,0,3,2,2,-1,-1,65534,1,0,0,0,,0.05,-1000,1,"[{'no': 1, 'up_bound': 0, 'low_bound': 0, 'range_id': 0, 'range_label': None}]"
Data List,All data,Generator Torque Request,271,291,386,882,1,0x39ADA1,0x22,0x1115,Nm,0,3,2,2,-1,-1,65534,1,0,0,0,,0.05,-1000,1,"[{'no': 1, 'up_bound': 0, 'low_bound': 0, 'range_id': 0, 'range_label': None}]"
Data List,All data,Engine Torque Request,272,243,387,883,1,0x39ADA1,0x22,0x1116,Nm,0,3,2,2,-1,-1,-1,1,0,0,0,,0.0156,-500,2,"[{'no': 1, 'up_bound': 0, 'low_bound': 0, 'range_id': 0, 'range_label': None}]"
Data List,All data,Fuel cut request,273,280,388,884,1,0x39ADA1,0x22,0x1117,,1,3,1,2,7,1,-1,1,0,0,0,,1,0,0,"[{'no': 1, 'up_bound': 0, 'low_bound': 0, 'range_id': 0, 'range_label': None}]"
Data List,All data,Request electric current clutch opening or closing,274,404,389,885,1,0x39ADA1,0x22,0x1118,A,1,3,1,2,1,7,-1,1,0,0,0,,0.01,0,2,"[{'no': 1, 'up_bound': 0, 'low_bound': 0, 'range_id': 0, 'range_label': None}]"
Data List,All data,Cranking request,275,173,390,886,1,0x39ADA1,0x22,0x1119,,1,3,1,2,7,1,-1,1,0,0,0,,1,0,0,"[{'no': 1, 'up_bound': 0, 'low_bound': 0, 'range_id': 0, 'range_label': None}]"
Data List,All data,Engine stop request flag,276,241,391,887,1,0x39ADA1,0x22,0x111A,,1,3,1,2,7,1,-1,1,0,0,0,,1,0,0,"[{'no': 1, 'up_bound': 0, 'low_bound': 0, 'range_id': 0, 'range_label': None}]"
Data List,All data,Series mode judgement,277,424,392,888,1,0x39ADA1,0x22,0x111B,,1,3,1,2,7,1,-1,1,0,0,0,,1,0,0,"[{'no': 1, 'up_bound': 0, 'low_bound': 0, 'range_id': 0, 'range_label': None}]"
Data List,All data,Parallel mode judgement,278,357,393,889,1,0x39ADA1,0x22,0x111C,,1,3,1,2,7,1,-1,1,0,0,0,,1,0,0,"[{'no': 1, 'up_bound': 0, 'low_bound': 0, 'range_id': 0, 'range_label': None}]"
Data List,All data,Engine start status,279,239,394,890,1,0x39ADA1,0x22,0x111D,,1,3,1,2,7,1,-1,1,0,0,0,,1,0,0,"[{'no': 1, 'up_bound': 0, 'low_bound': 0, 'range_id': 0, 'range_label': None}]"
Data List,All data,Parallel start judgement flag,280,360,395,891,1,0x39ADA1,0x22,0x111E,,1,3,1,2,7,1,-1,1,0,0,0,,1,0,0,"[{'no': 1, 'up_bound': 0, 'low_bound': 0, 'range_id': 0, 'range_label': None}]"
Data List,All data,Clutch closing judgement flag,281,134,396,892,1,0x39ADA1,0x22,0x111F,,1,3,1,2,7,1,-1,1,0,0,0,,1,0,0,"[{'no': 1, 'up_bound': 0, 'low_bound': 0, 'range_id': 0, 'range_label': None}]"
Data List,All data,Clutch slipping judgement flag,282,139,397,893,1,0x39ADA1,0x22,0x1120,,1,3,1,2,7,1,-1,1,0,0,0,,1,0,0,"[{'no': 1, 'up_bound': 0, 'low_bound': 0, 'range_id': 0, 'range_label': None}]"
Data List,All data,Clutch opening judgement flag,283,138,398,894,1,0x39ADA1,0x22,0x1121,,1,3,1,2,7,1,-1,1,0,0,0,,1,0,0,"[{'no': 1, 'up_bound': 0, 'low_bound': 0, 'range_id': 0, 'range_label': None}]"
Data List,All data,Parallel end judgement flag,284,356,399,895,1,0x39ADA1,0x22,0x1122,,1,3,1,2,7,1,-1,1,0,0,0,,1,0,0,"[{'no': 1, 'up_bound': 0, 'low_bound': 0, 'range_id': 0, 'range_label': None}]"
Data List,All data,Torque shift flag,285,478,400,896,1,0x39ADA1,0x22,0x1123,,1,3,1,2,7,1,-1,1,0,0,0,,1,0,0,"[{'no': 1, 'up_bound': 0, 'low_bound': 0, 'range_id': 0, 'range_label': None}]"
Data List,All data,Estimated APS voltage from Torque,286,246,401,897,1,0x39ADA1,0x22,0x1125,V,0,3,2,2,-1,-1,65408,1,0,0,0,,0.000078125,0,2,"[{'no': 1, 'up_bound': 0, 'low_bound': 0, 'range_id': 0, 'range_label': None}]"
Data List,All data,Driver request torque for ASC,287,203,402,898,1,0x39ADA1,0x22,0x1126,Nm,0,3,2,2,-1,-1,-1,1,0,0,0,,0.2,-5000,1,"[{'no': 1, 'up_bound': 0, 'low_bound': 0, 'range_id': 0, 'range_label': None}]"
Data List,All data,Estimated actual torque for ASC,288,245,403,899,1,0x39ADA1,0x22,0x1127,Nm,0,3,2,2,-1,-1,-1,1,0,0,0,,0.2,-5000,1,"[{'no': 1, 'up_bound': 0, 'low_bound': 0, 'range_id': 0, 'range_label': None}]"
Data List,All data,MAX torque for ASC,289,326,404,900,1,0x39ADA1,0x22,0x1128,Nm,0,3,2,2,-1,-1,-1,1,0,0,0,,0.2,-5000,1,"[{'no': 1, 'up_bound': 0, 'low_bound': 0, 'range_id': 0, 'range_label': None}]"
Data List,All data,MIN torque for ASC,290,332,405,901,1,0x39ADA1,0x22,0x1129,Nm,0,3,2,2,-1,-1,-1,1,0,0,0,,0.2,-5000,1,"[{'no': 1, 'up_bound': 0, 'low_bound': 0, 'range_id': 0, 'range_label': None}]"
Data List,All data,Catalyst W/U termination request,291,117,406,902,1,0x39ADA1,0x22,0x112A,,1,3,1,2,7,1,-1,1,0,0,0,,1,0,0,"[{'no': 1, 'up_bound': 0, 'low_bound': 0, 'range_id': 0, 'range_label': None}]"
Data List,All data,Driver Wheel Torque Request for ADAS,292,208,407,903,1,0x39ADA1,0x22,0x112B,Nm,0,3,2,2,-1,-1,65534,1,0,0,0,,0.05,-1000,1,"[{'no': 1, 'up_bound': 0, 'low_bound': 0, 'range_id': 0, 'range_label': None}]"
Data List,All data,Front MCU IGBT drive request,293,270,408,904,1,0x39ADA1,0x22,0x112C,,1,3,1,2,7,1,-1,1,0,0,0,,1,0,0,"[{'no': 1, 'up_bound': 0, 'low_bound': 0, 'range_id': 0, 'range_label': None}]"
Data List,All data,Rear MCU IGBT drive request,294,390,409,905,1,0x39ADA1,0x22,0x112D,,1,3,1,2,7,1,-1,1,0,0,0,,1,0,0,"[{'no': 1, 'up_bound': 0, 'low_bound': 0, 'range_id': 0, 'range_label': None}]"
Data List,All data,Overcurrent shutdown judgement flag,295,353,410,906,1,0x39ADA1,0x22,0x112E,,1,3,1,2,7,1,-1,1,0,0,0,,1,0,0,"[{'no': 1, 'up_bound': 0, 'low_bound': 0, 'range_id': 0, 'range_label': None}]"
Data List,All data,GCU only driven judgement flag,296,284,411,907,1,0x39ADA1,0x22,0x1130,,1,3,1,2,7,1,-1,1,0,0,0,,1,0,0,"[{'no': 1, 'up_bound': 0, 'low_bound': 0, 'range_id': 0, 'range_label': None}]"
Data List,All data,Multi drive mode,297,335,412,908,1,0x39ADA1,0x22,0x1131,,0,3,1,2,-1,-1,-1,1,0,0,0,,1,0,0,"[{'no': 1, 'up_bound': 0, 'low_bound': 0, 'range_id': 0, 'range_label': None}]"
Data List,All data,Actual generator torque,298,14,413,909,1,0x39ADA1,0x22,0x1132,Nm,0,3,2,2,-1,-1,65504,1,0,0,0,,0.0078125,-250,2,"[{'no': 1, 'up_bound': 0, 'low_bound': 0, 'range_id': 0, 'range_label': None}]"
Data List,All data,CS transition by SOC judgment flag,299,182,414,910,1,0x39ADA1,0x22,0x1133,,1,3,1,2,7,1,-1,1,0,0,0,,1,0,0,"[{'no': 1, 'up_bound': 0, 'low_bound': 0, 'range_id': 0, 'range_label': None}]"
Data List,All data,Gain by Front MCU capacitor voltage,300,281,415,911,1,0x39ADA1,0x22,0x1134,,0,3,2,2,-1,-1,65472,1,0,0,0,,0.000015625,0,3,"[{'no': 1, 'up_bound': 0, 'low_bound': 0, 'range_id': 0, 'range_label': None}]"
Data List,All data,Gain by Rear MCU capacitor voltage,301,282,416,912,1,0x39ADA1,0x22,0x1135,,0,3,2,2,-1,-1,65472,1,0,0,0,,0.000015625,0,3,"[{'no': 1, 'up_bound': 0, 'low_bound': 0, 'range_id': 0, 'range_label': None}]"
Data List,All data,Battery control mode status,302,98,417,913,1,0x39ADA1,0x22,0x1136,,1,3,1,2,5,3,-1,1,0,0,0,,1,0,0,"[{'no': 1, 'up_bound': 0, 'low_bound': 0, 'range_id': 0, 'range_label': None}]"
Data List,All data,Inhibit parallel judgement by low fuel level,303,306,418,914,1,0x39ADA1,0x22,0x1137,,1,3,1,2,7,1,-1,1,0,0,0,,1,0,0,"[{'no': 1, 'up_bound': 0, 'low_bound': 0, 'range_id': 0, 'range_label': None}]"
Data List,All data,Inhibit series judgement by low fuel level,304,310,419,915,1,0x39ADA1,0x22,0x1138,,1,3,1,2,7,1,-1,1,0,0,0,,1,0,0,"[{'no': 1, 'up_bound': 0, 'low_bound': 0, 'range_id': 0, 'range_label': None}]"
Data List,All data,Front axle request torque,305,267,420,916,1,0x39ADA1,0x22,0x1139,Nm,0,3,2,2,-1,-1,-1,1,0,0,0,,0.2,-5000,1,"[{'no': 1, 'up_bound': 0, 'low_bound': 0, 'range_id': 0, 'range_label': None}]"
Data List,All data,Rear axle request torque,306,387,421,917,1,0x39ADA1,0x22,0x113A,Nm,0,3,2,2,-1,-1,-1,1,0,0,0,,0.2,-5000,1,"[{'no': 1, 'up_bound': 0, 'low_bound': 0, 'range_id': 0, 'range_label': None}]"
Data List,All data,Clutch ON fix abnormality flag,307,136,422,918,1,0x39ADA1,0x22,0x113B,,1,3,1,2,7,1,-1,1,0,0,0,,1,0,0,"[{'no': 1, 'up_bound': 0, 'low_bound': 0, 'range_id': 0, 'range_label': None}]"
Data List,All data,Clutch OFF fix abnormality flag,308,135,423,919,1,0x39ADA1,0x22,0x113C,,1,3,1,2,7,1,-1,1,0,0,0,,1,0,0,"[{'no': 1, 'up_bound': 0, 'low_bound': 0, 'range_id': 0, 'range_label': None}]"
Data List,All data,Clutch ON fix abnormality RESET flag,309,137,424,920,1,0x39ADA1,0x22,0x113D,,1,3,1,2,7,1,-1,1,0,0,0,,1,0,0,"[{'no': 1, 'up_bound': 0, 'low_bound': 0, 'range_id': 0, 'range_label': None}]"
Data List,All data,Driver request torque after Vehicle Speed limitation,310,201,425,921,1,0x39ADA1,0x22,0x113E,Nm,0,3,2,2,-1,-1,-1,1,0,0,0,,0.2,-5000,1,"[{'no': 1, 'up_bound': 0, 'low_bound': 0, 'range_id': 0, 'range_label': None}]"
Data List,All data,MAX Driver request torque,311,323,426,922,1,0x39ADA1,0x22,0x113F,Nm,0,3,2,2,-1,-1,-1,1,0,0,0,,0.2,-5000,1,"[{'no': 1, 'up_bound': 0, 'low_bound': 0, 'range_id': 0, 'range_label': None}]"
Data List,All data,MIN Driver request torque,312,329,427,923,1,0x39ADA1,0x22,0x1140,Nm,0,3,2,2,-1,-1,-1,1,0,0,0,,0.2,-5000,1,"[{'no': 1, 'up_bound': 0, 'low_bound': 0, 'range_id': 0, 'range_label': None}]"
Data List,All data,ASC front axle torque limitation request flag,313,18,428,924,1,0x39ADA1,0x22,0x1141,,1,3,1,2,7,1,-1,1,0,0,0,,1,0,0,"[{'no': 1, 'up_bound': 0, 'low_bound': 0, 'range_id': 0, 'range_label': None}]"
Data List,All data,ASC rear axle torque limitation request flag,314,19,429,925,1,0x39ADA1,0x22,0x1142,,1,3,1,2,7,1,-1,1,0,0,0,,1,0,0,"[{'no': 1, 'up_bound': 0, 'low_bound': 0, 'range_id': 0, 'range_label': None}]"
Data List,All data,Rear TCL ON flag,315,398,430,926,1,0x39ADA1,0x22,0x1143,,1,3,1,2,7,1,-1,1,0,0,0,,1,0,0,"[{'no': 1, 'up_bound': 0, 'low_bound': 0, 'range_id': 0, 'range_label': None}]"
Data List,All data,Front DCL ON flag,316,268,431,927,1,0x39ADA1,0x22,0x1144,,1,3,1,2,7,1,-1,1,0,0,0,,1,0,0,"[{'no': 1, 'up_bound': 0, 'low_bound': 0, 'range_id': 0, 'range_label': None}]"
Data List,All data,Rear DCL ON flag,317,388,432,928,1,0x39ADA1,0x22,0x1145,,1,3,1,2,7,1,-1,1,0,0,0,,1,0,0,"[{'no': 1, 'up_bound': 0, 'low_bound': 0, 'range_id': 0, 'range_label': None}]"
Data List,All data,Engine regeneration mode,318,236,433,929,1,0x39ADA1,0x22,0x1146,,1,3,1,2,7,1,-1,1,0,0,0,,1,0,0,"[{'no': 1, 'up_bound': 0, 'low_bound': 0, 'range_id': 0, 'range_label': None}]"
Data List,All data,SAVE mode judgement flag,319,423,434,930,1,0x39ADA1,0x22,0x1147,,1,3,1,2,7,1,-1,1,0,0,0,,1,0,0,"[{'no': 1, 'up_bound': 0, 'low_bound': 0, 'range_id': 0, 'range_label': None}]"
Data List,All data,Target SOC in CS,320,473,435,931,1,0x39ADA1,0x22,0x1148,%,1,3,1,2,1,7,-1,1,0,0,0,,1,0,0,"[{'no': 1, 'up_bound': 0, 'low_bound': 0, 'range_id': 0, 'range_label': None}]"
Data List,All data,Estimated APS voltage from Torque change judgement,321,247,436,932,1,0x39ADA1,0x22,0x1149,,1,3,1,2,7,1,-1,1,0,0,0,,1,0,0,"[{'no': 1, 'up_bound': 0, 'low_bound': 0, 'range_id': 0, 'range_label': None}]"
Data List,All data,Estimated wheel torque,322,249,437,933,1,0x39ADA1,0x22,0x114A,Nm,0,3,2,2,-1,-1,-1,1,0,0,0,,0.2,-5000,1,"[{'no': 1, 'up_bound': 0, 'low_bound': 0, 'range_id': 0, 'range_label': None}]"
Data List,All data,Driver request torque by APS,323,202,438,934,1,0x39ADA1,0x22,0x114B,Nm,0,3,2,2,-1,-1,-1,1,0,0,0,,0.2,-5000,1,"[{'no': 1, 'up_bound': 0, 'low_bound': 0, 'range_id': 0, 'range_label': None}]"
Data List,All data,Regeneration Gain by paddle shift position,324,401,439,935,1,0x39ADA1,0x22,0x114C,Nm,0,3,2,2,-1,-1,65408,1,0,0,0,,0.000078125,0,2,"[{'no': 1, 'up_bound': 0, 'low_bound': 0, 'range_id': 0, 'range_label': None}]"
Data List,All data,Driver request torque when APS OFF,325,204,440,936,1,0x39ADA1,0x22,0x114D,Nm,0,3,2,2,-1,-1,-1,1,0,0,0,,0.2,-5000,1,"[{'no': 1, 'up_bound': 0, 'low_bound': 0, 'range_id': 0, 'range_label': None}]"
Data List,All data,Elec Brake Wheel Torque Applied,326,225,441,937,1,0x39ADA1,0x22,0x114E,Nm,0,3,2,2,-1,-1,-1,1,0,0,0,,0.2,-5000,1,"[{'no': 1, 'up_bound': 0, 'low_bound': 0, 'range_id': 0, 'range_label': None}]"
Data List,All data,Elec Brake Wheel Max Potential Torque,327,224,442,938,1,0x39ADA1,0x22,0x114F,Nm,0,3,2,2,-1,-1,-1,1,0,0,0,,0.2,-5000,1,"[{'no': 1, 'up_bound': 0, 'low_bound': 0, 'range_id': 0, 'range_label': None}]"
Data List,All data,RPM difference between upper and lower of clutch,328,420,443,939,1,0x39ADA1,0x22,0x1151,r/min,0,3,2,2,-1,-1,65532,1,0,0,0,,0.25,0,0,"[{'no': 1, 'up_bound': 0, 'low_bound': 0, 'range_id': 0, 'range_label': None}]"
Data List,All data,Front Motor rpm after filter,329,274,444,940,1,0x39ADA1,0x22,0x1152,r/min,0,3,2,2,-1,-1,-1,1,0,0,0,,1,-20000,0,"[{'no': 1, 'up_bound': 0, 'low_bound': 0, 'range_id': 0, 'range_label': None}]"
Data List,All data,Request engine torque feedback compensation quantity,330,405,445,941,1,0x39ADA1,0x22,0x1153,Nm,0,3,2,2,-1,-1,-1,1,0,0,0,,0.001,-32.768,3,"[{'no': 1, 'up_bound': 0, 'low_bound': 0, 'range_id': 0, 'range_label': None}]"
Data List,All data,CHG mode judgement,331,132,446,942,1,0x39ADA1,0x22,0x1154,,1,3,1,2,7,1,-1,1,0,0,0,,1,0,0,"[{'no': 1, 'up_bound': 0, 'low_bound': 0, 'range_id': 0, 'range_label': None}]"
Data List,All data,Stop anti-oscillation control of motor,332,466,447,943,1,0x39ADA1,0x22,0x1155,,1,3,1,2,7,1,-1,1,0,0,0,,1,0,0,"[{'no': 1, 'up_bound': 0, 'low_bound': 0, 'range_id': 0, 'range_label': None}]"
Data List,All data,Request vehicle drive torque,333,416,448,944,1,0x39ADA1,0x22,0x1156,Nm,0,3,2,2,-1,-1,-1,1,0,0,0,,0.2,-5000,1,"[{'no': 1, 'up_bound': 0, 'low_bound': 0, 'range_id': 0, 'range_label': None}]"
Data List,All data,Target GCU rpm,334,472,449,945,1,0x39ADA1,0x22,0x1157,r/min,0,3,2,2,-1,-1,-1,1,0,0,0,,1,-20000,0,"[{'no': 1, 'up_bound': 0, 'low_bound': 0, 'range_id': 0, 'range_label': None}]"
Data List,All data,Generate electricity power target,335,285,450,946,1,0x39ADA1,0x22,0x1158,kW,0,3,2,2,-1,-1,65472,1,0,0,0,,0.0015625,0,1,"[{'no': 1, 'up_bound': 0, 'low_bound': 0, 'range_id': 0, 'range_label': None}]"
Data List,All data,MAX vehicle drive torque,336,327,451,947,1,0x39ADA1,0x22,0x1159,Nm,0,3,2,2,-1,-1,-1,1,0,0,0,,0.2,-5000,1,"[{'no': 1, 'up_bound': 0, 'low_bound': 0, 'range_id': 0, 'range_label': None}]"
Data List,All data,MIN vehicle drive torque,337,333,452,948,1,0x39ADA1,0x22,0x115A,Nm,0,3,2,2,-1,-1,-1,1,0,0,0,,0.2,-5000,1,"[{'no': 1, 'up_bound': 0, 'low_bound': 0, 'range_id': 0, 'range_label': None}]"
Data List,All data,MAX front axle torque,338,324,453,949,1,0x39ADA1,0x22,0x115B,Nm,0,3,2,2,-1,-1,-1,1,0,0,0,,0.2,-5000,1,"[{'no': 1, 'up_bound': 0, 'low_bound': 0, 'range_id': 0, 'range_label': None}]"
Data List,All data,MIN front axle torque,339,330,454,950,1,0x39ADA1,0x22,0x115C,Nm,0,3,2,2,-1,-1,-1,1,0,0,0,,0.2,-5000,1,"[{'no': 1, 'up_bound': 0, 'low_bound': 0, 'range_id': 0, 'range_label': None}]"
Data List,All data,MAX rear axle torque,340,325,455,951,1,0x39ADA1,0x22,0x115D,Nm,0,3,2,2,-1,-1,-1,1,0,0,0,,0.2,-5000,1,"[{'no': 1, 'up_bound': 0, 'low_bound': 0, 'range_id': 0, 'range_label': None}]"
Data List,All data,MIN rear axle torque,341,331,456,952,1,0x39ADA1,0x22,0x115E,Nm,0,3,2,2,-1,-1,-1,1,0,0,0,,0.2,-5000,1,"[{'no': 1, 'up_bound': 0, 'low_bound': 0, 'range_id': 0, 'range_label': None}]"
Data List,All data,Front MCU Gate ON request,342,269,457,953,1,0x39ADA1,0x22,0x115F,,1,3,1,2,7,1,-1,1,0,0,0,,1,0,0,"[{'no': 1, 'up_bound': 0, 'low_bound': 0, 'range_id': 0, 'range_label': None}]"
Data List,All data,GCU Gate ON request,343,283,458,954,1,0x39ADA1,0x22,0x1160,,1,3,1,2,7,1,-1,1,0,0,0,,1,0,0,"[{'no': 1, 'up_bound': 0, 'low_bound': 0, 'range_id': 0, 'range_label': None}]"
Data List,All data,Rear MCU Gate ON request,344,389,459,955,1,0x39ADA1,0x22,0x1161,,1,3,1,2,7,1,-1,1,0,0,0,,1,0,0,"[{'no': 1, 'up_bound': 0, 'low_bound': 0, 'range_id': 0, 'range_label': None}]"
Data List,All data,OBC connection judgment,345,340,460,956,1,0x39ADA1,0x22,0x1162,,1,3,1,2,7,1,-1,1,0,0,0,,1,0,0,"[{'no': 1, 'up_bound': 0, 'low_bound': 0, 'range_id': 0, 'range_label': None}]"
Data List,All data,Low SOC shutdown judgement,346,317,461,957,1,0x39ADA1,0x22,0x1163,,1,3,1,2,7,1,-1,1,0,0,0,,1,0,0,"[{'no': 1, 'up_bound': 0, 'low_bound': 0, 'range_id': 0, 'range_label': None}]"
Data List,All data,Inhibit engine on judgement,347,304,462,958,1,0x39ADA1,0x22,0x1164,,1,3,1,2,7,1,-1,1,0,0,0,,1,0,0,"[{'no': 1, 'up_bound': 0, 'low_bound': 0, 'range_id': 0, 'range_label': None}]"
Data List,All data,Engine start time out flag,348,240,463,959,1,0x39ADA1,0x22,0x1165,,1,3,1,2,7,1,-1,1,0,0,0,,1,0,0,"[{'no': 1, 'up_bound': 0, 'low_bound': 0, 'range_id': 0, 'range_label': None}]"
Data List,All data,Engine stop time out flag,349,242,464,960,1,0x39ADA1,0x22,0x1166,,1,3,1,2,7,1,-1,1,0,0,0,,1,0,0,"[{'no': 1, 'up_bound': 0, 'low_bound': 0, 'range_id': 0, 'range_label': None}]"
Data List,All data,Parallel run check flag(EOL),350,358,465,961,1,0x39ADA1,0x22,0x1167,,1,3,1,2,7,1,-1,1,0,0,0,,1,0,0,"[{'no': 1, 'up_bound': 0, 'low_bound': 0, 'range_id': 0, 'range_label': None}]"
Data List,All data,Shift Device 1,351,428,466,962,1,0x39ADA1,0x22,0x1168,,1,3,1,2,7,1,-1,1,0,0,1000003,OFF,0,0,0,"[{'no': 1, 'up_bound': 0, 'low_bound': 0, 'range_id': 1000003, 'range_label': 'OFF'}, {'no': 2, 'up_bound': 1, 'low_bound': 1, 'range_id': 1000004, 'range_label': 'ON'}]"
Data List,All data,Shift Device 2,352,432,467,963,1,0x39ADA1,0x22,0x1169,,1,3,1,2,7,1,-1,1,0,0,1000003,OFF,0,0,0,"[{'no': 1, 'up_bound': 0, 'low_bound': 0, 'range_id': 1000003, 'range_label': 'OFF'}, {'no': 2, 'up_bound': 1, 'low_bound': 1, 'range_id': 1000004, 'range_label': 'ON'}]"
Data List,All data,Shift Device 3,353,434,468,964,1,0x39ADA1,0x22,0x116A,,1,3,1,2,7,1,-1,1,0,0,1000003,OFF,0,0,0,"[{'no': 1, 'up_bound': 0, 'low_bound': 0, 'range_id': 1000003, 'range_label': 'OFF'}, {'no': 2, 'up_bound': 1, 'low_bound': 1, 'range_id': 1000004, 'range_label': 'ON'}]"
Data List,All data,Shift Device 4,354,436,469,965,1,0x39ADA1,0x22,0x116B,,1,3,1,2,7,1,-1,1,0,0,1000003,OFF,0,0,0,"[{'no': 1, 'up_bound': 0, 'low_bound': 0, 'range_id': 1000003, 'range_label': 'OFF'}, {'no': 2, 'up_bound': 1, 'low_bound': 1, 'range_id': 1000004, 'range_label': 'ON'}]"
Data List,All data,Shift Device 5,355,438,470,966,1,0x39ADA1,0x22,0x116C,,1,3,1,2,7,1,-1,1,0,0,1000003,OFF,0,0,0,"[{'no': 1, 'up_bound': 0, 'low_bound': 0, 'range_id': 1000003, 'range_label': 'OFF'}, {'no': 2, 'up_bound': 1, 'low_bound': 1, 'range_id': 1000004, 'range_label': 'ON'}]"
Data List,All data,Shift Device 6,356,440,471,967,1,0x39ADA1,0x22,0x116D,,1,3,1,2,7,1,-1,1,0,0,1000003,OFF,0,0,0,"[{'no': 1, 'up_bound': 0, 'low_bound': 0, 'range_id': 1000003, 'range_label': 'OFF'}, {'no': 2, 'up_bound': 1, 'low_bound': 1, 'range_id': 1000004, 'range_label': 'ON'}]"
Data List,All data,Shift Device 7,357,442,472,968,1,0x39ADA1,0x22,0x116E,,1,3,1,2,7,1,-1,1,0,0,1000003,OFF,0,0,0,"[{'no': 1, 'up_bound': 0, 'low_bound': 0, 'range_id': 1000003, 'range_label': 'OFF'}, {'no': 2, 'up_bound': 1, 'low_bound': 1, 'range_id': 1000004, 'range_label': 'ON'}]"
Data List,All data,Shift Device 8,358,444,473,969,1,0x39ADA1,0x22,0x116F,,1,3,1,2,7,1,-1,1,0,0,1000003,OFF,0,0,0,"[{'no': 1, 'up_bound': 0, 'low_bound': 0, 'range_id': 1000003, 'range_label': 'OFF'}, {'no': 2, 'up_bound': 1, 'low_bound': 1, 'range_id': 1000004, 'range_label': 'ON'}]"
Data List,All data,Shift Device 9,359,446,474,970,1,0x39ADA1,0x22,0x1170,,1,3,1,2,7,1,-1,1,0,0,1000003,OFF,0,0,0,"[{'no': 1, 'up_bound': 0, 'low_bound': 0, 'range_id': 1000003, 'range_label': 'OFF'}, {'no': 2, 'up_bound': 1, 'low_bound': 1, 'range_id': 1000004, 'range_label': 'ON'}]"
Data List,All data,Shift Device 10,360,430,475,971,1,0x39ADA1,0x22,0x1171,,1,3,1,2,7,1,-1,1,0,0,1000003,OFF,0,0,0,"[{'no': 1, 'up_bound': 0, 'low_bound': 0, 'range_id': 1000003, 'range_label': 'OFF'}, {'no': 2, 'up_bound': 1, 'low_bound': 1, 'range_id': 1000004, 'range_label': 'ON'}]"
Data List,All data,Shift Sensor Supply Voltage 1,361,451,476,972,1,0x39ADA1,0x22,0x1172,V,0,3,1,2,-1,-1,-1,1,0,0,0,,0.025,0,2,"[{'no': 1, 'up_bound': 0, 'low_bound': 0, 'range_id': 0, 'range_label': None}]"
Data List,All data,Shift Sensor Supply Voltage 2,362,452,477,973,1,0x39ADA1,0x22,0x1173,V,0,3,1,2,-1,-1,-1,1,0,0,0,,0.025,0,2,"[{'no': 1, 'up_bound': 0, 'low_bound': 0, 'range_id': 0, 'range_label': None}]"
Data List,All data,AWC: FL Wheel Speed Fail1,363,48,478,974,1,0x39ADA1,0x22,0x1174,,1,3,1,2,7,1,-1,1,0,0,1000003,OFF,0,0,0,"[{'no': 1, 'up_bound': 0, 'low_bound': 0, 'range_id': 1000003, 'range_label': 'OFF'}, {'no': 2, 'up_bound': 1, 'low_bound': 1, 'range_id': 1000004, 'range_label': 'ON'}]"
Data List,All data,AWC: FR Wheel Speed Fail1,364,52,479,974,1,0x39ADA1,0x22,0x1174,,1,3,1,2,6,1,-1,1,0,0,1000003,OFF,0,0,0,"[{'no': 1, 'up_bound': 0, 'low_bound': 0, 'range_id': 1000003, 'range_label': 'OFF'}, {'no': 2, 'up_bound': 1, 'low_bound': 1, 'range_id': 1000004, 'range_label': 'ON'}]"
Data List,All data,AWC: RL Wheel Speed Fail1,365,66,480,974,1,0x39ADA1,0x22,0x1174,,1,3,1,2,5,1,-1,1,0,0,1000003,OFF,0,0,0,"[{'no': 1, 'up_bound': 0, 'low_bound': 0, 'range_id': 1000003, 'range_label': 'OFF'}, {'no': 2, 'up_bound': 1, 'low_bound': 1, 'range_id': 1000004, 'range_label': 'ON'}]"
Data List,All data,AWC: RR Wheel Speed Fail1,366,70,481,974,1,0x39ADA1,0x22,0x1174,,1,3,1,2,4,1,-1,1,0,0,1000003,OFF,0,0,0,"[{'no': 1, 'up_bound': 0, 'low_bound': 0, 'range_id': 1000003, 'range_label': 'OFF'}, {'no': 2, 'up_bound': 1, 'low_bound': 1, 'range_id': 1000004, 'range_label': 'ON'}]"
Data List,All data,AWC: FL Wheel Speed Fail2,367,49,482,974,1,0x39ADA1,0x22,0x1174,,1,3,1,2,3,1,-1,1,0,0,1000003,OFF,0,0,0,"[{'no': 1, 'up_bound': 0, 'low_bound': 0, 'range_id': 1000003, 'range_label': 'OFF'}, {'no': 2, 'up_bound': 1, 'low_bound': 1, 'range_id': 1000004, 'range_label': 'ON'}]"
Data List,All data,AWC: FR Wheel Speed Fail2,368,53,483,974,1,0x39ADA1,0x22,0x1174,,1,3,1,2,2,1,-1,1,0,0,1000003,OFF,0,0,0,"[{'no': 1, 'up_bound': 0, 'low_bound': 0, 'range_id': 1000003, 'range_label': 'OFF'}, {'no': 2, 'up_bound': 1, 'low_bound': 1, 'range_id': 1000004, 'range_label': 'ON'}]"
Data List,All data,AWC: RL Wheel Speed Fail2,369,67,484,974,1,0x39ADA1,0x22,0x1174,,1,3,1,2,1,1,-1,1,0,0,1000003,OFF,0,0,0,"[{'no': 1, 'up_bound': 0, 'low_bound': 0, 'range_id': 1000003, 'range_label': 'OFF'}, {'no': 2, 'up_bound': 1, 'low_bound': 1, 'range_id': 1000004, 'range_label': 'ON'}]"
Data List,All data,AWC: RR Wheel Speed Fail2,370,71,485,974,1,0x39ADA1,0x22,0x1174,,1,3,1,2,0,1,-1,1,0,0,1000003,OFF,0,0,0,"[{'no': 1, 'up_bound': 0, 'low_bound': 0, 'range_id': 1000003, 'range_label': 'OFF'}, {'no': 2, 'up_bound': 1, 'low_bound': 1, 'range_id': 1000004, 'range_label': 'ON'}]"
Data List,All data,AWC: Wheel Speed Fail3,371,82,486,974,1,0x39ADA1,0x22,0x1174,,1,4,1,2,7,1,-1,1,0,0,1000003,OFF,0,0,0,"[{'no': 1, 'up_bound': 0, 'low_bound': 0, 'range_id': 1000003, 'range_label': 'OFF'}, {'no': 2, 'up_bound': 1, 'low_bound': 1, 'range_id': 1000004, 'range_label': 'ON'}]"
Data List,All data,AWC: FL Wheel Speed Fail4,372,50,487,974,1,0x39ADA1,0x22,0x1174,,1,4,1,2,6,1,-1,1,0,0,1000003,OFF,0,0,0,"[{'no': 1, 'up_bound': 0, 'low_bound': 0, 'range_id': 1000003, 'range_label': 'OFF'}, {'no': 2, 'up_bound': 1, 'low_bound': 1, 'range_id': 1000004, 'range_label': 'ON'}]"
Data List,All data,AWC: FR Wheel Speed Fail4,373,54,488,974,1,0x39ADA1,0x22,0x1174,,1,4,1,2,5,1,-1,1,0,0,1000003,OFF,0,0,0,"[{'no': 1, 'up_bound': 0, 'low_bound': 0, 'range_id': 1000003, 'range_label': 'OFF'}, {'no': 2, 'up_bound': 1, 'low_bound': 1, 'range_id': 1000004, 'range_label': 'ON'}]"
Data List,All data,AWC: RL Wheel Speed Fail4,374,68,489,974,1,0x39ADA1,0x22,0x1174,,1,4,1,2,4,1,-1,1,0,0,1000003,OFF,0,0,0,"[{'no': 1, 'up_bound': 0, 'low_bound': 0, 'range_id': 1000003, 'range_label': 'OFF'}, {'no': 2, 'up_bound': 1, 'low_bound': 1, 'range_id': 1000004, 'range_label': 'ON'}]"
Data List,All data,AWC: RR Wheel Speed Fail4,375,72,490,974,1,0x39ADA1,0x22,0x1174,,1,4,1,2,3,1,-1,1,0,0,1000003,OFF,0,0,0,"[{'no': 1, 'up_bound': 0, 'low_bound': 0, 'range_id': 1000003, 'range_label': 'OFF'}, {'no': 2, 'up_bound': 1, 'low_bound': 1, 'range_id': 1000004, 'range_label': 'ON'}]"
Data List,All data,AWC: FL Wheel Speed Signal Abnormality,376,51,491,974,1,0x39ADA1,0x22,0x1174,,1,5,1,2,7,1,-1,1,0,0,1000003,OFF,0,0,0,"[{'no': 1, 'up_bound': 0, 'low_bound': 0, 'range_id': 1000003, 'range_label': 'OFF'}, {'no': 2, 'up_bound': 1, 'low_bound': 1, 'range_id': 1000004, 'range_label': 'ON'}]"
Data List,All data,AWC: FR Wheel Speed Signal Abnormality,377,55,492,974,1,0x39ADA1,0x22,0x1174,,1,5,1,2,6,1,-1,1,0,0,1000003,OFF,0,0,0,"[{'no': 1, 'up_bound': 0, 'low_bound': 0, 'range_id': 1000003, 'range_label': 'OFF'}, {'no': 2, 'up_bound': 1, 'low_bound': 1, 'range_id': 1000004, 'range_label': 'ON'}]"
Data List,All data,AWC: RL Wheel Speed Signal Abnormality,378,69,493,974,1,0x39ADA1,0x22,0x1174,,1,5,1,2,5,1,-1,1,0,0,1000003,OFF,0,0,0,"[{'no': 1, 'up_bound': 0, 'low_bound': 0, 'range_id': 1000003, 'range_label': 'OFF'}, {'no': 2, 'up_bound': 1, 'low_bound': 1, 'range_id': 1000004, 'range_label': 'ON'}]"
Data List,All data,AWC: RR Wheel Speed Signal Abnormality,379,73,494,974,1,0x39ADA1,0x22,0x1174,,1,5,1,2,4,1,-1,1,0,0,1000003,OFF,0,0,0,"[{'no': 1, 'up_bound': 0, 'low_bound': 0, 'range_id': 1000003, 'range_label': 'OFF'}, {'no': 2, 'up_bound': 1, 'low_bound': 1, 'range_id': 1000004, 'range_label': 'ON'}]"
Data List,All data,AWC: Steering Angle Fail1,380,74,495,974,1,0x39ADA1,0x22,0x1174,,1,5,1,2,3,1,-1,1,0,0,1000003,OFF,0,0,0,"[{'no': 1, 'up_bound': 0, 'low_bound': 0, 'range_id': 1000003, 'range_label': 'OFF'}, {'no': 2, 'up_bound': 1, 'low_bound': 1, 'range_id': 1000004, 'range_label': 'ON'}]"
Data List,All data,AWC: Steering Angle Fail2,381,75,496,974,1,0x39ADA1,0x22,0x1174,,1,5,1,2,2,1,-1,1,0,0,1000003,OFF,0,0,0,"[{'no': 1, 'up_bound': 0, 'low_bound': 0, 'range_id': 1000003, 'range_label': 'OFF'}, {'no': 2, 'up_bound': 1, 'low_bound': 1, 'range_id': 1000004, 'range_label': 'ON'}]"
Data List,All data,AWC: Steering Angle Fail3,382,76,497,974,1,0x39ADA1,0x22,0x1174,,1,5,1,2,1,1,-1,1,0,0,1000003,OFF,0,0,0,"[{'no': 1, 'up_bound': 0, 'low_bound': 0, 'range_id': 1000003, 'range_label': 'OFF'}, {'no': 2, 'up_bound': 1, 'low_bound': 1, 'range_id': 1000004, 'range_label': 'ON'}]"
Data List,All data,AWC: Steering Angle Fail4,383,77,498,974,1,0x39ADA1,0x22,0x1174,,1,5,1,2,0,1,-1,1,0,0,1000003,OFF,0,0,0,"[{'no': 1, 'up_bound': 0, 'low_bound': 0, 'range_id': 1000003, 'range_label': 'OFF'}, {'no': 2, 'up_bound': 1, 'low_bound': 1, 'range_id': 1000004, 'range_label': 'ON'}]"
Data List,All data,AWC: Steering Angle Signal Abnormality1,384,80,499,974,1,0x39ADA1,0x22,0x1174,,1,6,1,2,7,1,-1,1,0,0,1000003,OFF,0,0,0,"[{'no': 1, 'up_bound': 0, 'low_bound': 0, 'range_id': 1000003, 'range_label': 'OFF'}, {'no': 2, 'up_bound': 1, 'low_bound': 1, 'range_id': 1000004, 'range_label': 'ON'}]"
Data List,All data,AWC: ASC Signal Check Abnormality,385,46,500,974,1,0x39ADA1,0x22,0x1174,,1,6,1,2,6,1,-1,1,0,0,1000003,OFF,0,0,0,"[{'no': 1, 'up_bound': 0, 'low_bound': 0, 'range_id': 1000003, 'range_label': 'OFF'}, {'no': 2, 'up_bound': 1, 'low_bound': 1, 'range_id': 1000004, 'range_label': 'ON'}]"
Data List,All data,AWC: Steering Angle Sensor Abnormality1,386,78,501,974,1,0x39ADA1,0x22,0x1174,,1,6,1,2,5,1,-1,1,0,0,1000003,OFF,0,0,0,"[{'no': 1, 'up_bound': 0, 'low_bound': 0, 'range_id': 1000003, 'range_label': 'OFF'}, {'no': 2, 'up_bound': 1, 'low_bound': 1, 'range_id': 1000004, 'range_label': 'ON'}]"
Data List,All data,AWC: Steering Angle Sensor Abnormality2,387,79,502,974,1,0x39ADA1,0x22,0x1174,,1,6,1,2,4,1,-1,1,0,0,1000003,OFF,0,0,0,"[{'no': 1, 'up_bound': 0, 'low_bound': 0, 'range_id': 1000003, 'range_label': 'OFF'}, {'no': 2, 'up_bound': 1, 'low_bound': 1, 'range_id': 1000004, 'range_label': 'ON'}]"
Data List,All data,AWC: Yaw rate Fail1,388,83,503,974,1,0x39ADA1,0x22,0x1174,,1,7,1,2,7,1,-1,1,0,0,1000003,OFF,0,0,0,"[{'no': 1, 'up_bound': 0, 'low_bound': 0, 'range_id': 1000003, 'range_label': 'OFF'}, {'no': 2, 'up_bound': 1, 'low_bound': 1, 'range_id': 1000004, 'range_label': 'ON'}]"
Data List,All data,AWC: Yaw rate Fail2,389,84,504,974,1,0x39ADA1,0x22,0x1174,,1,7,1,2,6,1,-1,1,0,0,1000003,OFF,0,0,0,"[{'no': 1, 'up_bound': 0, 'low_bound': 0, 'range_id': 1000003, 'range_label': 'OFF'}, {'no': 2, 'up_bound': 1, 'low_bound': 1, 'range_id': 1000004, 'range_label': 'ON'}]"
Data List,All data,AWC: Yaw rate Fail3,390,85,505,974,1,0x39ADA1,0x22,0x1174,,1,7,1,2,5,1,-1,1,0,0,1000003,OFF,0,0,0,"[{'no': 1, 'up_bound': 0, 'low_bound': 0, 'range_id': 1000003, 'range_label': 'OFF'}, {'no': 2, 'up_bound': 1, 'low_bound': 1, 'range_id': 1000004, 'range_label': 'ON'}]"
Data List,All data,AWC: Yaw rate Fail4,391,86,506,974,1,0x39ADA1,0x22,0x1174,,1,7,1,2,4,1,-1,1,0,0,1000003,OFF,0,0,0,"[{'no': 1, 'up_bound': 0, 'low_bound': 0, 'range_id': 1000003, 'range_label': 'OFF'}, {'no': 2, 'up_bound': 1, 'low_bound': 1, 'range_id': 1000004, 'range_label': 'ON'}]"
Data List,All data,AWC: Yaw rate Signal Abnormality,392,87,507,974,1,0x39ADA1,0x22,0x1174,,1,7,1,2,3,1,-1,1,0,0,1000003,OFF,0,0,0,"[{'no': 1, 'up_bound': 0, 'low_bound': 0, 'range_id': 1000003, 'range_label': 'OFF'}, {'no': 2, 'up_bound': 1, 'low_bound': 1, 'range_id': 1000004, 'range_label': 'ON'}]"
Data List,All data,AWC: Lateral Acceleration Fail1,393,56,508,974,1,0x39ADA1,0x22,0x1174,,1,8,1,2,7,1,-1,1,0,0,1000003,OFF,0,0,0,"[{'no': 1, 'up_bound': 0, 'low_bound': 0, 'range_id': 1000003, 'range_label': 'OFF'}, {'no': 2, 'up_bound': 1, 'low_bound': 1, 'range_id': 1000004, 'range_label': 'ON'}]"
Data List,All data,AWC: Lateral Acceleration Fail2,394,57,509,974,1,0x39ADA1,0x22,0x1174,,1,8,1,2,6,1,-1,1,0,0,1000003,OFF,0,0,0,"[{'no': 1, 'up_bound': 0, 'low_bound': 0, 'range_id': 1000003, 'range_label': 'OFF'}, {'no': 2, 'up_bound': 1, 'low_bound': 1, 'range_id': 1000004, 'range_label': 'ON'}]"
Data List,All data,AWC: Lateral Acceleration Fail3,395,58,510,974,1,0x39ADA1,0x22,0x1174,,1,8,1,2,5,1,-1,1,0,0,1000003,OFF,0,0,0,"[{'no': 1, 'up_bound': 0, 'low_bound': 0, 'range_id': 1000003, 'range_label': 'OFF'}, {'no': 2, 'up_bound': 1, 'low_bound': 1, 'range_id': 1000004, 'range_label': 'ON'}]"
Data List,All data,AWC: Lateral Acceleration Fail5,396,59,511,974,1,0x39ADA1,0x22,0x1174,,1,8,1,2,4,1,-1,1,0,0,1000003,OFF,0,0,0,"[{'no': 1, 'up_bound': 0, 'low_bound': 0, 'range_id': 1000003, 'range_label': 'OFF'}, {'no': 2, 'up_bound': 1, 'low_bound': 1, 'range_id': 1000004, 'range_label': 'ON'}]"
Data List,All data,AWC: Lateral Acceleration Signal Abnormality,397,60,512,974,1,0x39ADA1,0x22,0x1174,,1,8,1,2,3,1,-1,1,0,0,1000003,OFF,0,0,0,"[{'no': 1, 'up_bound': 0, 'low_bound': 0, 'range_id': 1000003, 'range_label': 'OFF'}, {'no': 2, 'up_bound': 1, 'low_bound': 1, 'range_id': 1000004, 'range_label': 'ON'}]"
Data List,All data,AWC: Longitudinal Acceleration Fail1,398,61,513,974,1,0x39ADA1,0x22,0x1174,,1,8,1,2,2,1,-1,1,0,0,1000003,OFF,0,0,0,"[{'no': 1, 'up_bound': 0, 'low_bound': 0, 'range_id': 1000003, 'range_label': 'OFF'}, {'no': 2, 'up_bound': 1, 'low_bound': 1, 'range_id': 1000004, 'range_label': 'ON'}]"
Data List,All data,AWC: Longitudinal Acceleration Fail3,399,62,514,974,1,0x39ADA1,0x22,0x1174,,1,8,1,2,1,1,-1,1,0,0,1000003,OFF,0,0,0,"[{'no': 1, 'up_bound': 0, 'low_bound': 0, 'range_id': 1000003, 'range_label': 'OFF'}, {'no': 2, 'up_bound': 1, 'low_bound': 1, 'range_id': 1000004, 'range_label': 'ON'}]"
Data List,All data,AWC: Longitudinal Acceleration Signal Abnormality,400,63,515,974,1,0x39ADA1,0x22,0x1174,,1,8,1,2,0,1,-1,1,0,0,1000003,OFF,0,0,0,"[{'no': 1, 'up_bound': 0, 'low_bound': 0, 'range_id': 1000003, 'range_label': 'OFF'}, {'no': 2, 'up_bound': 1, 'low_bound': 1, 'range_id': 1000004, 'range_label': 'ON'}]"
Data List,All data,AYC Brake Control Prohibited Flag,401,90,516,974,1,0x39ADA1,0x22,0x1174,,1,9,1,2,7,1,-1,1,0,0,1000003,OFF,0,0,0,"[{'no': 1, 'up_bound': 0, 'low_bound': 0, 'range_id': 1000003, 'range_label': 'OFF'}, {'no': 2, 'up_bound': 1, 'low_bound': 1, 'range_id': 1000004, 'range_label': 'ON'}]"
Data List,All data,AYC Brake Control Continual Operation,402,88,517,974,1,0x39ADA1,0x22,0x1174,,1,9,1,2,6,1,-1,1,0,0,1000003,OFF,0,0,0,"[{'no': 1, 'up_bound': 0, 'low_bound': 0, 'range_id': 1000003, 'range_label': 'OFF'}, {'no': 2, 'up_bound': 1, 'low_bound': 1, 'range_id': 1000004, 'range_label': 'ON'}]"
Data List,All data,AYC Brake Control Excessive Output,403,89,518,974,1,0x39ADA1,0x22,0x1174,,1,9,1,2,5,1,-1,1,0,0,1000003,OFF,0,0,0,"[{'no': 1, 'up_bound': 0, 'low_bound': 0, 'range_id': 1000003, 'range_label': 'OFF'}, {'no': 2, 'up_bound': 1, 'low_bound': 1, 'range_id': 1000004, 'range_label': 'ON'}]"
Data List,All data,AWC: M/C Pressure Check Abnormality,404,64,519,974,1,0x39ADA1,0x22,0x1174,,1,9,1,2,4,1,-1,1,0,0,1000003,OFF,0,0,0,"[{'no': 1, 'up_bound': 0, 'low_bound': 0, 'range_id': 1000003, 'range_label': 'OFF'}, {'no': 2, 'up_bound': 1, 'low_bound': 1, 'range_id': 1000004, 'range_label': 'ON'}]"
Data List,All data,AWC: M/C Pressure Signal Abnormality,405,65,520,974,1,0x39ADA1,0x22,0x1174,,1,9,1,2,3,1,-1,1,0,0,1000003,OFF,0,0,0,"[{'no': 1, 'up_bound': 0, 'low_bound': 0, 'range_id': 1000003, 'range_label': 'OFF'}, {'no': 2, 'up_bound': 1, 'low_bound': 1, 'range_id': 1000004, 'range_label': 'ON'}]"
Data List,All data,AWC: ASC Signal Timeout,406,47,521,974,1,0x39ADA1,0x22,0x1174,,1,9,1,2,2,1,-1,1,0,0,1000003,OFF,0,0,0,"[{'no': 1, 'up_bound': 0, 'low_bound': 0, 'range_id': 1000003, 'range_label': 'OFF'}, {'no': 2, 'up_bound': 1, 'low_bound': 1, 'range_id': 1000004, 'range_label': 'ON'}]"
Data List,All data,AWC: Steering Angle Signal Timeout,407,81,522,974,1,0x39ADA1,0x22,0x1174,,1,9,1,2,1,1,-1,1,0,0,1000003,OFF,0,0,0,"[{'no': 1, 'up_bound': 0, 'low_bound': 0, 'range_id': 1000003, 'range_label': 'OFF'}, {'no': 2, 'up_bound': 1, 'low_bound': 1, 'range_id': 1000004, 'range_label': 'ON'}]"
Data List,All data,AWC Abnormal Case: Multi Drive Mode,408,37,523,974,1,0x39ADA1,0x22,0x1174,,1,10,1,2,4,4,-1,1,0,0,0,,1,0,0,"[{'no': 1, 'up_bound': 0, 'low_bound': 0, 'range_id': 0, 'range_label': None}]"
Data List,All data,AWC Abnormal Case: Brake SW,409,30,524,974,1,0x39ADA1,0x22,0x1174,,1,10,1,2,3,1,-1,1,0,0,1000003,OFF,0,0,0,"[{'no': 1, 'up_bound': 0, 'low_bound': 0, 'range_id': 1000003, 'range_label': 'OFF'}, {'no': 2, 'up_bound': 1, 'low_bound': 1, 'range_id': 1000004, 'range_label': 'ON'}]"
Data List,All data,AWC Abnormal Case: APS Value,410,24,525,974,1,0x39ADA1,0x22,0x1174,%,0,11,1,2,-1,-1,-1,1,0,0,0,,0.3921569,0,0,"[{'no': 1, 'up_bound': 0, 'low_bound': 0, 'range_id': 0, 'range_label': None}]"
Data List,All data,AWC Abnormal Case: Brake Pedal Stroke Sensor,411,29,526,974,1,0x39ADA1,0x22,0x1174,V,0,12,1,2,-1,-1,-1,1,0,0,0,,0.02,0,1,"[{'no': 1, 'up_bound': 0, 'low_bound': 0, 'range_id': 0, 'range_label': None}]"
Data List,All data,AWC Abnormal Case: Steering Angle,412,41,527,974,1,0x39ADA1,0x22,0x1174,deg,0,14,2,2,-1,-1,65504,1,0,0,0,,0.03125,-1023,0,"[{'no': 1, 'up_bound': 0, 'low_bound': 0, 'range_id': 0, 'range_label': None}]"
Data List,All data,AWC Abnormal Case: Yaw rate,413,45,528,974,1,0x39ADA1,0x22,0x1174,deg/s,0,16,1,2,-1,-1,-1,1,0,0,0,,1,-93,0,"[{'no': 1, 'up_bound': 0, 'low_bound': 0, 'range_id': 0, 'range_label': None}]"
Data List,All data,AWC Abnormal Case: Longitudinal acceleration,414,35,529,974,1,0x39ADA1,0x22,0x1174,m/s^2,0,17,1,2,-1,-1,-1,1,0,0,0,,0.1,-12.7,1,"[{'no': 1, 'up_bound': 0, 'low_bound': 0, 'range_id': 0, 'range_label': None}]"
Data List,All data,AWC Abnormal Case: Lateral acceleration,415,34,530,974,1,0x39ADA1,0x22,0x1174,m/s^2,0,18,1,2,-1,-1,-1,1,0,0,0,,0.1,-12.7,1,"[{'no': 1, 'up_bound': 0, 'low_bound': 0, 'range_id': 0, 'range_label': None}]"
Data List,All data,AWC Abnormal Case: Vehicle Speed,416,43,531,974,1,0x39ADA1,0x22,0x1174,km/h,0,19,1,2,-1,-1,-1,1,0,0,0,,1,0,0,"[{'no': 1, 'up_bound': 0, 'low_bound': 0, 'range_id': 0, 'range_label': None}]"
Data List,All data,AWC Abnormal Case: FL Wheel Speed,417,31,532,974,1,0x39ADA1,0x22,0x1174,km/h,0,20,1,2,-1,-1,-1,1,0,0,0,,1,0,0,"[{'no': 1, 'up_bound': 0, 'low_bound': 0, 'range_id': 0, 'range_label': None}]"
Data List,All data,AWC Abnormal Case: FR Wheel Speed,418,32,533,974,1,0x39ADA1,0x22,0x1174,km/h,0,21,1,2,-1,-1,-1,1,0,0,0,,1,0,0,"[{'no': 1, 'up_bound': 0, 'low_bound': 0, 'range_id': 0, 'range_label': None}]"
Data List,All data,AWC Abnormal Case: RL Wheel Speed,419,39,534,974,1,0x39ADA1,0x22,0x1174,km/h,0,22,1,2,-1,-1,-1,1,0,0,0,,1,0,0,"[{'no': 1, 'up_bound': 0, 'low_bound': 0, 'range_id': 0, 'range_label': None}]"
Data List,All data,AWC Abnormal Case: RR Wheel Speed,420,40,535,974,1,0x39ADA1,0x22,0x1174,km/h,0,23,1,2,-1,-1,-1,1,0,0,0,,1,0,0,"[{'no': 1, 'up_bound': 0, 'low_bound': 0, 'range_id': 0, 'range_label': None}]"
Data List,All data,AWC Abnormal Case: ABS Operation,421,23,536,974,1,0x39ADA1,0x22,0x1174,,1,24,1,2,7,1,-1,1,0,0,1000003,OFF,0,0,0,"[{'no': 1, 'up_bound': 0, 'low_bound': 0, 'range_id': 1000003, 'range_label': 'OFF'}, {'no': 2, 'up_bound': 1, 'low_bound': 1, 'range_id': 1000004, 'range_label': 'ON'}]"
Data List,All data,AWC Abnormal Case: MSR Operation,422,36,537,974,1,0x39ADA1,0x22,0x1174,,1,24,1,2,6,1,-1,1,0,0,1000003,OFF,0,0,0,"[{'no': 1, 'up_bound': 0, 'low_bound': 0, 'range_id': 1000003, 'range_label': 'OFF'}, {'no': 2, 'up_bound': 1, 'low_bound': 1, 'range_id': 1000004, 'range_label': 'ON'}]"
Data List,All data,AWC Abnormal Case: AYC Operation,423,28,538,974,1,0x39ADA1,0x22,0x1174,,1,24,1,2,5,1,-1,1,0,0,1000003,OFF,0,0,0,"[{'no': 1, 'up_bound': 0, 'low_bound': 0, 'range_id': 1000003, 'range_label': 'OFF'}, {'no': 2, 'up_bound': 1, 'low_bound': 1, 'range_id': 1000004, 'range_label': 'ON'}]"
Data List,All data,AWC Abnormal Case: ARP Operation,424,25,539,974,1,0x39ADA1,0x22,0x1174,,1,24,1,2,4,1,-1,1,0,0,1000003,OFF,0,0,0,"[{'no': 1, 'up_bound': 0, 'low_bound': 0, 'range_id': 1000003, 'range_label': 'OFF'}, {'no': 2, 'up_bound': 1, 'low_bound': 1, 'range_id': 1000004, 'range_label': 'ON'}]"
Data List,All data,AWC Abnormal Case: ASR Operation,425,27,540,974,1,0x39ADA1,0x22,0x1174,,1,24,1,2,3,1,-1,1,0,0,1000003,OFF,0,0,0,"[{'no': 1, 'up_bound': 0, 'low_bound': 0, 'range_id': 1000003, 'range_label': 'OFF'}, {'no': 2, 'up_bound': 1, 'low_bound': 1, 'range_id': 1000004, 'range_label': 'ON'}]"
Data List,All data,AWC Abnormal Case: TSF Operation,426,42,541,974,1,0x39ADA1,0x22,0x1174,,1,24,1,2,2,1,-1,1,0,0,1000003,OFF,0,0,0,"[{'no': 1, 'up_bound': 0, 'low_bound': 0, 'range_id': 1000003, 'range_label': 'OFF'}, {'no': 2, 'up_bound': 1, 'low_bound': 1, 'range_id': 1000004, 'range_label': 'ON'}]"
Data List,All data,AWC Abnormal Case: ASC ON/OFF,427,26,542,974,1,0x39ADA1,0x22,0x1174,,1,24,1,2,1,1,-1,1,0,0,1000004,ON,0,0,0,"[{'no': 1, 'up_bound': 0, 'low_bound': 0, 'range_id': 1000004, 'range_label': 'ON'}, {'no': 2, 'up_bound': 1, 'low_bound': 1, 'range_id': 1000003, 'range_label': 'OFF'}]"
Data List,All data,AWC Abnormal Case: Front Axial Request Torque,428,33,543,974,1,0x39ADA1,0x22,0x1174,Nm,0,25,2,2,-1,-1,-1,1,0,0,0,,0.2,-5000,1,"[{'no': 1, 'up_bound': 0, 'low_bound': 0, 'range_id': 0, 'range_label': None}]"
Data List,All data,AWC Abnormal Case: Rear Axial Request Torque,429,38,544,974,1,0x39ADA1,0x22,0x1174,Nm,0,27,2,2,-1,-1,-1,1,0,0,0,,0.2,-5000,1,"[{'no': 1, 'up_bound': 0, 'low_bound': 0, 'range_id': 0, 'range_label': None}]"
Data List,All data,AWC Abnormal Case: Yaw moment Request,430,44,545,974,1,0x39ADA1,0x22,0x1174,Nm,0,29,2,2,-1,-1,65528,1,0,0,0,,0.125,-3500,0,"[{'no': 1, 'up_bound': 0, 'low_bound': 0, 'range_id': 0, 'range_label': None}]"
Data List,All data,Test Parallel run check mode transition Vehicle speed,431,474,546,975,1,0x39ADA1,0x22,0x1175,km/h,0,3,1,2,-1,-1,-1,1,0,0,0,,1,0,0,"[{'no': 1, 'up_bound': 0, 'low_bound': 0, 'range_id': 0, 'range_label': None}]"
Data List,All data,Primary storage voltage - 12V,432,371,547,976,1,0x39ADA1,0x22,0x1177,V,0,3,2,2,-1,-1,-1,1,0,0,0,,0.001,0,3,"[{'no': 1, 'up_bound': 0, 'low_bound': 0, 'range_id': 0, 'range_label': None}]"
Data List,All data,Activation state of DCDC,433,13,548,977,1,0x39ADA1,0x22,0x1178,,0,3,1,2,-1,-1,-1,1,0,0,7000926,Power Off,0,0,0,"[{'no': 1, 'up_bound': 0, 'low_bound': 0, 'range_id': 7000926, 'range_label': 'Power Off'}, {'no': 2, 'up_bound': 1, 'low_bound': 1, 'range_id': 16000018, 'range_label': 'Standby'}, {'no': 3, 'up_bound': 2, 'low_bound': 2, 'range_id': 7000902, 'range_label': 'Direct Mode'}, {'no': 4, 'up_bound': 3, 'low_bound': 3, 'range_id': 8001541, 'range_label': 'Unavailable'}]"
Data List,All data,DCDC activation request sent to DCDC,434,186,549,978,1,0x39ADA1,0x22,0x1179,,0,3,1,2,-1,-1,-1,1,0,0,3000316,Not used,0,0,0,"[{'no': 1, 'up_bound': 0, 'low_bound': 0, 'range_id': 3000316, 'range_label': 'Not used'}, {'no': 2, 'up_bound': 1, 'low_bound': 1, 'range_id': 7000856, 'range_label': 'DCDC off'}, {'no': 3, 'up_bound': 2, 'low_bound': 2, 'range_id': 7000857, 'range_label': 'DCDC on'}, {'no': 4, 'up_bound': 3, 'low_bound': 3, 'range_id': 7000931, 'range_label': 'Unavailable value'}]"
Data List,All data,DCDC voltage setpoint sent to DCDC,435,196,550,979,1,0x39ADA1,0x22,0x1180,V,0,3,2,2,-1,-1,-1,1,0,0,0,,0.025,0,3,"[{'no': 1, 'up_bound': 0, 'low_bound': 0, 'range_id': 0, 'range_label': None}]"
Data List,All data,Consolidated DCDC fault type,436,146,551,980,1,0x39ADA1,0x22,0x1181,,0,3,1,2,-1,-1,-1,1,0,0,7000892,No fault type,0,0,0,"[{'no': 1, 'up_bound': 0, 'low_bound': 0, 'range_id': 7000892, 'range_label': 'No fault type'}, {'no': 2, 'up_bound': 1, 'low_bound': 1, 'range_id': 7000877, 'range_label': 'Type 1 (Stopped C Class)'}, {'no': 3, 'up_bound': 2, 'low_bound': 2, 'range_id': 7000878, 'range_label': 'Type 2 (Stopped D Class)'}, {'no': 4, 'up_bound': 3, 'low_bound': 3, 'range_id': 7000879, 'range_label': 'Type 3 (Unballast)'}, {'no': 5, 'up_bound': 4, 'low_bound': 4, 'range_id': 7000880, 'range_label': 'Type 4 (Safety Barrier lost)'}, {'no': 6, 'up_bound': 5, 'low_bound': 5, 'range_id': 69000061, 'range_label': 'Type 5'}, {'no': 7, 'up_bound': 6, 'low_bound': 6, 'range_id': 7000934, 'range_label': 'Reserved'}, {'no': 8, 'up_bound': 7, 'low_bound': 7, 'range_id': 8001541, 'range_label': 'Unavailable'}]"
Data List,All data,HV ready request from EEM system,437,295,552,981,1,0x39ADA1,0x22,0x1182,,1,3,1,2,7,1,-1,1,0,0,7000936,False,0,0,0,"[{'no': 1, 'up_bound': 0, 'low_bound': 0, 'range_id': 7000936, 'range_label': 'False'}, {'no': 2, 'up_bound': 1, 'low_bound': 1, 'range_id': 7000935, 'range_label': 'True'}]"
Data List,All data,Vehicle state for EEM,438,489,553,982,1,0x39ADA1,0x22,0x1183,,0,3,1,2,-1,-1,-1,1,0,0,7000876,Sleeping,0,0,0,"[{'no': 1, 'up_bound': 0, 'low_bound': 0, 'range_id': 7000876, 'range_label': 'Sleeping'}, {'no': 2, 'up_bound': 1, 'low_bound': 1, 'range_id': 3000316, 'range_label': 'Not used'}, {'no': 3, 'up_bound': 2, 'low_bound': 2, 'range_id': 7000927, 'range_label': 'Cutoff Pending'}, {'no': 4, 'up_bound': 3, 'low_bound': 3, 'range_id': 7000850, 'range_label': 'Auto ACC'}, {'no': 5, 'up_bound': 4, 'low_bound': 4, 'range_id': 3000316, 'range_label': 'Not used'}, {'no': 6, 'up_bound': 5, 'low_bound': 5, 'range_id': 7000862, 'range_label': 'Ignition Level'}, {'no': 7, 'up_bound': 6, 'low_bound': 6, 'range_id': 7000866, 'range_label': 'Starting In Progress'}, {'no': 8, 'up_bound': 7, 'low_bound': 7, 'range_id': 7000865, 'range_label': 'Powertrain Running'}, {'no': 9, 'up_bound': 8, 'low_bound': 8, 'range_id': 7000873, 'range_label': 'Auto Start'}, {'no': 10, 'up_bound': 9, 'low_bound': 9, 'range_id': 7000872, 'range_label': 'Engine System Stop'}, {'no': 11, 'up_bound': 14, 'low_bound': 10, 'range_id': 3000316, 'range_label': 'Not used'}, {'no': 12, 'up_bound': 15, 'low_bound': 15, 'range_id': 8001541, 'range_label': 'Unavailable'}]"
Data List,All data,DCDC voltage setpoint,439,194,554,983,1,0x39ADA1,0x22,0x1184,V,0,3,1,2,-1,-1,-1,1,0,0,0,,0.1,0,1,"[{'no': 1, 'up_bound': 0, 'low_bound': 0, 'range_id': 0, 'range_label': None}]"
Data List,All data,"Status of the voltage regulation in ""12V EEM ECU""",440,462,555,984,1,0x39ADA1,0x22,0x1185,,0,3,1,2,-1,-1,-1,1,0,0,7000917,Nominal,0,0,0,"[{'no': 1, 'up_bound': 0, 'low_bound': 0, 'range_id': 7000917, 'range_label': 'Nominal'}, {'no': 2, 'up_bound': 1, 'low_bound': 1, 'range_id': 7000916, 'range_label': 'Relative undervoltage'}, {'no': 3, 'up_bound': 2, 'low_bound': 2, 'range_id': 7000915, 'range_label': 'Absolute undervoltage'}, {'no': 4, 'up_bound': 3, 'low_bound': 3, 'range_id': 7000897, 'range_label': 'Overvoltage'}, {'no': 5, 'up_bound': 4, 'low_bound': 4, 'range_id': 7000923, 'range_label': 'Voltage measurement failure'}, {'no': 6, 'up_bound': 5, 'low_bound': 5, 'range_id': 7000882, 'range_label': 'Battery disconnection'}, {'no': 7, 'up_bound': 6, 'low_bound': 6, 'range_id': 7000920, 'range_label': 'Performances undervoltage'}, {'no': 8, 'up_bound': 7, 'low_bound': 7, 'range_id': 3000316, 'range_label': 'Not used'}]"
Data List,All data,HV authorization to ask to close the HV relays,441,293,556,985,1,0x39ADA1,0x22,0x1186,,1,3,1,2,7,1,-1,1,0,0,7000929,False,0,0,0,"[{'no': 1, 'up_bound': 0, 'low_bound': 0, 'range_id': 7000929, 'range_label': 'False'}, {'no': 2, 'up_bound': 1, 'low_bound': 1, 'range_id': 7000901, 'range_label': 'True'}]"
Data List,All data,EV Charger authorization to ask to activate EV charger,442,250,557,986,1,0x39ADA1,0x22,0x1187,,0,3,1,2,-1,-1,-1,1,0,0,16000056,No Request,0,0,0,"[{'no': 1, 'up_bound': 0, 'low_bound': 0, 'range_id': 16000056, 'range_label': 'No Request'}, {'no': 2, 'up_bound': 1, 'low_bound': 1, 'range_id': 8001968, 'range_label': 'Charge start request'}, {'no': 3, 'up_bound': 2, 'low_bound': 2, 'range_id': 7000905, 'range_label': 'Main contactor ON request'}]"
Data List,All data,HV network available,443,294,558,987,1,0x39ADA1,0x22,0x1188,,1,3,1,2,7,1,-1,1,0,0,7000928,False,0,0,0,"[{'no': 1, 'up_bound': 0, 'low_bound': 0, 'range_id': 7000928, 'range_label': 'False'}, {'no': 2, 'up_bound': 1, 'low_bound': 1, 'range_id': 7000903, 'range_label': 'True'}]"
Data List,All data,Request status of activation of the regulation loop for EEM,444,415,559,988,1,0x39ADA1,0x22,0x1189,,0,3,1,2,-1,-1,-1,1,0,0,7000937,No Activation Request,0,0,0,"[{'no': 1, 'up_bound': 0, 'low_bound': 0, 'range_id': 7000937, 'range_label': 'No Activation Request'}, {'no': 2, 'up_bound': 1, 'low_bound': 1, 'range_id': 7000863, 'range_label': 'Activation Request Level 1'}, {'no': 3, 'up_bound': 2, 'low_bound': 2, 'range_id': 7000864, 'range_label': 'Activation Request Level 2'}, {'no': 4, 'up_bound': 3, 'low_bound': 3, 'range_id': 3000316, 'range_label': 'Not used'}]"
Data List,All data,"Red alert requested by ""12V Producer Control ECU""",445,399,560,989,1,0x39ADA1,0x22,0x1190,,0,3,1,2,-1,-1,-1,1,0,0,8001541,Unavailable,0,0,0,"[{'no': 1, 'up_bound': 0, 'low_bound': 0, 'range_id': 8001541, 'range_label': 'Unavailable'}, {'no': 2, 'up_bound': 1, 'low_bound': 1, 'range_id': 7000922, 'range_label': 'No Request'}, {'no': 3, 'up_bound': 2, 'low_bound': 2, 'range_id': 7000921, 'range_label': 'Request'}, {'no': 4, 'up_bound': 3, 'low_bound': 3, 'range_id': 3000316, 'range_label': 'Not used'}]"
Data List,All data,"Orange alert requested by ""12V Producer Control ECU""",446,350,561,990,1,0x39ADA1,0x22,0x1191,,0,3,1,2,-1,-1,-1,1,0,0,7000922,No Request,0,0,0,"[{'no': 1, 'up_bound': 0, 'low_bound': 0, 'range_id': 7000922, 'range_label': 'No Request'}, {'no': 2, 'up_bound': 1, 'low_bound': 1, 'range_id': 7000921, 'range_label': 'Request'}]"
Data List,All data,DCDC loss parameter for 12V network security,447,191,562,991,1,0x39ADA1,0x22,0x1192,,0,3,1,2,-1,-1,-1,1,0,0,7000888,Not loss,0,0,0,"[{'no': 1, 'up_bound': 0, 'low_bound': 0, 'range_id': 7000888, 'range_label': 'Not loss'}, {'no': 2, 'up_bound': 1, 'low_bound': 1, 'range_id': 7000890, 'range_label': 'Loss detected'}, {'no': 3, 'up_bound': 2, 'low_bound': 2, 'range_id': 7000891, 'range_label': 'Loss memorized'}, {'no': 4, 'up_bound': 3, 'low_bound': 3, 'range_id': 7000889, 'range_label': 'Loss confirmed'}]"
Data List,All data,DCDC activation fault status,448,185,563,992,1,0x39ADA1,0x22,0x1193,,0,3,1,2,-1,-1,-1,1,0,0,7000893,No fault,0,0,0,"[{'no': 1, 'up_bound': 0, 'low_bound': 0, 'range_id': 7000893, 'range_label': 'No fault'}, {'no': 2, 'up_bound': 1, 'low_bound': 1, 'range_id': 7000896, 'range_label': 'Fault detected'}, {'no': 3, 'up_bound': 2, 'low_bound': 2, 'range_id': 7000894, 'range_label': 'Fault confirmed'}]"
Data List,All data,DCDC current,449,189,564,993,1,0x39ADA1,0x22,0x1194,A,0,3,1,2,-1,-1,-1,1,0,0,0,,1,0,0,"[{'no': 1, 'up_bound': 0, 'low_bound': 0, 'range_id': 0, 'range_label': None}]"
Data List,All data,DCDC output current,450,193,565,994,1,0x39ADA1,0x22,0x1195,A,0,3,1,2,-1,-1,-1,1,0,0,0,,1,0,0,"[{'no': 1, 'up_bound': 0, 'low_bound': 0, 'range_id': 0, 'range_label': None}]"
Data List,All data,DCDC maximum output current available,451,192,566,995,1,0x39ADA1,0x22,0x1196,A,0,3,1,2,-1,-1,-1,1,0,0,0,,1,0,0,"[{'no': 1, 'up_bound': 0, 'low_bound': 0, 'range_id': 0, 'range_label': None}]"
Data List,All data,"Status of the voltage regulation in ""12V Producer Control ECU""",452,463,567,996,1,0x39ADA1,0x22,0x1197,,0,3,1,2,-1,-1,-1,1,0,0,7000912,Not initialized,0,0,0,"[{'no': 1, 'up_bound': 0, 'low_bound': 0, 'range_id': 7000912, 'range_label': 'Not initialized'}, {'no': 2, 'up_bound': 1, 'low_bound': 1, 'range_id': 7000900, 'range_label': 'Starting sequence'}, {'no': 3, 'up_bound': 2, 'low_bound': 2, 'range_id': 7000918, 'range_label': 'Nominal mode'}, {'no': 4, 'up_bound': 3, 'low_bound': 3, 'range_id': 7000913, 'range_label': 'Limitation'}, {'no': 5, 'up_bound': 4, 'low_bound': 4, 'range_id': 7000859, 'range_label': 'DCDC comm. fault detected'}, {'no': 6, 'up_bound': 5, 'low_bound': 5, 'range_id': 7000858, 'range_label': 'DCDC comm. fault confirmed'}, {'no': 7, 'up_bound': 6, 'low_bound': 6, 'range_id': 7000861, 'range_label': 'DCDC fault detected'}, {'no': 8, 'up_bound': 7, 'low_bound': 7, 'range_id': 7000860, 'range_label': 'DCDC fault confirmed'}, {'no': 9, 'up_bound': 8, 'low_bound': 8, 'range_id': 7000925, 'range_label': 'Undervoltage detected'}, {'no': 10, 'up_bound': 9, 'low_bound': 9, 'range_id': 7000924, 'range_label': 'Undervoltage confirmed'}, {'no': 11, 'up_bound': 10, 'low_bound': 10, 'range_id': 7000899, 'range_label': 'Overvoltage detected'}, {'no': 12, 'up_bound': 11, 'low_bound': 11, 'range_id': 7000898, 'range_label': 'Overvoltage confirmed'}, {'no': 13, 'up_bound': 12, 'low_bound': 12, 'range_id': 8002528, 'range_label': 'EEM comm. fault detected'}, {'no': 14, 'up_bound': 13, 'low_bound': 13, 'range_id': 8002529, 'range_label': 'EEM comm. fault confirmed'}, {'no': 15, 'up_bound': 14, 'low_bound': 14, 'range_id': 3000316, 'range_label': 'Not used'}, {'no': 16, 'up_bound': 15, 'low_bound': 15, 'range_id': 8001541, 'range_label': 'Unavailable'}]"
Data List,All data,DCDC voltage setpoint,453,195,568,997,1,0x39ADA1,0x22,0x1198,V,0,3,2,2,-1,-1,-1,1,0,0,0,,0.0025,0,3,"[{'no': 1, 'up_bound': 0, 'low_bound': 0, 'range_id': 0, 'range_label': None}]"
Data List,All data,DCDC load,454,190,569,998,1,0x39ADA1,0x22,0x1199,%,0,3,1,2,-1,-1,-1,1,0,0,0,,1,0,0,"[{'no': 1, 'up_bound': 0, 'low_bound': 0, 'range_id': 0, 'range_label': None}]"
Data List,All data,Driver Seat Belt Failure State,455,206,572,1001,1,0x39ADA1,0x22,0x1205,,1,3,1,2,6,2,-1,1,0,0,7000933,Unavailable value,0,0,0,"[{'no': 1, 'up_bound': 0, 'low_bound': 0, 'range_id': 7000933, 'range_label': 'Unavailable value'}, {'no': 2, 'up_bound': 1, 'low_bound': 1, 'range_id': 7000895, 'range_label': 'Driver Seat Belt Failure'}, {'no': 3, 'up_bound': 2, 'low_bound': 2, 'range_id': 7000914, 'range_label': 'Driver Seat Belt OK'}, {'no': 4, 'up_bound': 3, 'low_bound': 3, 'range_id': 3000316, 'range_label': 'Not used'}]"
Data List,All data,Driver Seat Belt Failure State validity,456,207,573,1002,1,0x39ADA1,0x22,0x1213,,1,3,1,2,7,1,-1,1,0,0,33000172,Valid,0,0,0,"[{'no': 1, 'up_bound': 0, 'low_bound': 0, 'range_id': 33000172, 'range_label': 'Valid'}, {'no': 2, 'up_bound': 1, 'low_bound': 1, 'range_id': 7000932, 'range_label': 'Not Valid'}]"
Data List,All data,Driver Seat Belt Buckle State validity,457,205,574,1003,1,0x39ADA1,0x22,0x1214,,1,3,1,2,7,1,-1,1,0,0,33000172,Valid,0,0,0,"[{'no': 1, 'up_bound': 0, 'low_bound': 0, 'range_id': 33000172, 'range_label': 'Valid'}, {'no': 2, 'up_bound': 1, 'low_bound': 1, 'range_id': 7000932, 'range_label': 'Not Valid'}]"
Data List,All data,Engine Hood State validity,458,233,575,1004,1,0x39ADA1,0x22,0x1215,,1,3,1,2,7,1,-1,1,0,0,33000172,Valid,0,0,0,"[{'no': 1, 'up_bound': 0, 'low_bound': 0, 'range_id': 33000172, 'range_label': 'Valid'}, {'no': 2, 'up_bound': 1, 'low_bound': 1, 'range_id': 7000932, 'range_label': 'Not Valid'}]"
Data List,All data,Driver Door State validity,459,200,576,1005,1,0x39ADA1,0x22,0x1216,,1,3,1,2,7,1,-1,1,0,0,33000172,Valid,0,0,0,"[{'no': 1, 'up_bound': 0, 'low_bound': 0, 'range_id': 33000172, 'range_label': 'Valid'}, {'no': 2, 'up_bound': 1, 'low_bound': 1, 'range_id': 7000932, 'range_label': 'Not Valid'}]"
Data List,All data,Neutral Hold Mode,460,338,577,1011,1,0x39ADA1,0x22,0x9000,,1,3,1,2,7,1,-1,1,0,0,37000003,Disable,0,0,0,"[{'no': 1, 'up_bound': 0, 'low_bound': 0, 'range_id': 37000003, 'range_label': 'Disable'}, {'no': 2, 'up_bound': 1, 'low_bound': 1, 'range_id': 37000004, 'range_label': 'Enable'}]"
Data List,All data,Paddle Shift,461,354,578,1012,1,0x39ADA1,0x22,0x9001,,1,3,1,2,7,1,-1,1,0,0,77000026,Not present,0,0,0,"[{'no': 1, 'up_bound': 0, 'low_bound': 0, 'range_id': 77000026, 'range_label': 'Not present'}, {'no': 2, 'up_bound': 1, 'low_bound': 1, 'range_id': 77000027, 'range_label': 'Present'}]"
Data List,All data,Auto Parking,462,21,579,1013,1,0x39ADA1,0x22,0x9002,,1,3,1,2,7,1,-1,1,0,0,77000026,Not present,0,0,0,"[{'no': 1, 'up_bound': 0, 'low_bound': 0, 'range_id': 77000026, 'range_label': 'Not present'}, {'no': 2, 'up_bound': 1, 'low_bound': 1, 'range_id': 77000027, 'range_label': 'Present'}]"
Data List,All data,Tyre dynamic rolling radius,463,475,580,1014,1,0x39ADA1,0x22,0x9003,m,0,3,2,2,-1,-1,-1,1,0,0,0,,0.001,0,3,"[{'no': 1, 'up_bound': 0, 'low_bound': 0, 'range_id': 0, 'range_label': None}]"
Data List,All data,Cruise Control / Speed Limiter,464,174,581,1015,1,0x39ADA1,0x22,0x9004,,1,3,1,2,5,3,-1,1,0,0,77000026,Not present,0,0,0,"[{'no': 1, 'up_bound': 0, 'low_bound': 0, 'range_id': 77000026, 'range_label': 'Not present'}, {'no': 2, 'up_bound': 1, 'low_bound': 1, 'range_id': 7000852, 'range_label': 'CC Present'}, {'no': 3, 'up_bound': 2, 'low_bound': 2, 'range_id': 7000851, 'range_label': 'CC and SL Present'}, {'no': 4, 'up_bound': 3, 'low_bound': 3, 'range_id': 7000886, 'range_label': 'MI PILOT assist Present'}, {'no': 5, 'up_bound': 4, 'low_bound': 4, 'range_id': 7000885, 'range_label': 'MI PILOT assist and SL Present'}, {'no': 6, 'up_bound': 5, 'low_bound': 5, 'range_id': 7000843, 'range_label': 'ACC Present'}, {'no': 7, 'up_bound': 6, 'low_bound': 6, 'range_id': 7000842, 'range_label': 'ACC and SL Present'}, {'no': 8, 'up_bound': 7, 'low_bound': 7, 'range_id': 7000934, 'range_label': 'Reserved'}]"
Data List,All data,Automatic Emergency Brake,465,22,582,1016,1,0x39ADA1,0x22,0x9005,,1,3,1,2,7,1,-1,1,0,0,77000026,Not present,0,0,0,"[{'no': 1, 'up_bound': 0, 'low_bound': 0, 'range_id': 77000026, 'range_label': 'Not present'}, {'no': 2, 'up_bound': 1, 'low_bound': 1, 'range_id': 77000027, 'range_label': 'Present'}]"
Data List,All data,Lane Departure Prevention,466,312,583,1017,1,0x39ADA1,0x22,0x9006,,1,3,1,2,7,1,-1,1,0,0,77000026,Not present,0,0,0,"[{'no': 1, 'up_bound': 0, 'low_bound': 0, 'range_id': 77000026, 'range_label': 'Not present'}, {'no': 2, 'up_bound': 1, 'low_bound': 1, 'range_id': 77000027, 'range_label': 'Present'}]"
Data List,All data,Emergency Assist for Pedal misapplication,467,227,584,1018,1,0x39ADA1,0x22,0x9007,,1,3,1,2,7,1,-1,1,0,0,77000026,Not present,0,0,0,"[{'no': 1, 'up_bound': 0, 'low_bound': 0, 'range_id': 77000026, 'range_label': 'Not present'}, {'no': 2, 'up_bound': 1, 'low_bound': 1, 'range_id': 77000027, 'range_label': 'Present'}]"
Data List,All data,Sonar Present,468,454,585,1019,1,0x39ADA1,0x22,0x9008,,1,3,1,2,7,1,-1,1,0,0,77000026,Not present,0,0,0,"[{'no': 1, 'up_bound': 0, 'low_bound': 0, 'range_id': 77000026, 'range_label': 'Not present'}, {'no': 2, 'up_bound': 1, 'low_bound': 1, 'range_id': 77000027, 'range_label': 'Present'}]"
Data List,All data,KOS Present,469,257,586,1020,1,0x39ADA1,0x22,0x9009,,1,3,1,2,7,1,-1,1,0,0,77000026,Not present,0,0,0,"[{'no': 1, 'up_bound': 0, 'low_bound': 0, 'range_id': 77000026, 'range_label': 'Not present'}, {'no': 2, 'up_bound': 1, 'low_bound': 1, 'range_id': 77000027, 'range_label': 'Present'}]"
Data List,All data,EBA Present,470,209,587,1021,1,0x39ADA1,0x22,0x900A,,1,3,1,2,7,1,-1,1,0,0,77000026,Not present,0,0,0,"[{'no': 1, 'up_bound': 0, 'low_bound': 0, 'range_id': 77000026, 'range_label': 'Not present'}, {'no': 2, 'up_bound': 1, 'low_bound': 1, 'range_id': 77000027, 'range_label': 'Present'}]"
Data List,All data,FrCamera Present,471,266,588,1022,1,0x39ADA1,0x22,0x900B,,1,3,1,2,7,1,-1,1,0,0,77000026,Not present,0,0,0,"[{'no': 1, 'up_bound': 0, 'low_bound': 0, 'range_id': 77000026, 'range_label': 'Not present'}, {'no': 2, 'up_bound': 1, 'low_bound': 1, 'range_id': 77000027, 'range_label': 'Present'}]"
Data List,All data,Control signal for Water pump(EV),472,171,589,1023,1,0x39ADA1,0x22,0xA000,,0,3,1,2,-1,-1,-1,1,64,0,1000003,OFF,0,0,0,"[{'no': 1, 'up_bound': 64, 'low_bound': 0, 'range_id': 1000003, 'range_label': 'OFF'}, {'no': 2, 'up_bound': 255, 'low_bound': 65, 'range_id': 1000004, 'range_label': 'ON'}]"
Data List,All data,Water pump power supply relay(EV),473,492,590,1024,1,0x39ADA1,0x22,0xA001,,1,3,1,2,0,1,-1,1,0,0,1000003,OFF,0,0,0,"[{'no': 1, 'up_bound': 0, 'low_bound': 0, 'range_id': 1000003, 'range_label': 'OFF'}, {'no': 2, 'up_bound': 1, 'low_bound': 1, 'range_id': 1000004, 'range_label': 'ON'}]"
Data List,All data,EV system power supply relay,474,255,592,1026,1,0x39ADA1,0x22,0xA003,,1,3,1,2,7,1,-1,1,0,0,1000003,OFF,0,0,0,"[{'no': 1, 'up_bound': 0, 'low_bound': 0, 'range_id': 1000003, 'range_label': 'OFF'}, {'no': 2, 'up_bound': 1, 'low_bound': 1, 'range_id': 1000004, 'range_label': 'ON'}]"
Data List,All data,Shift position lamp P,475,449,593,1027,1,0x39ADA1,0x22,0xA004,,1,3,1,2,0,1,-1,1,0,0,1000003,OFF,0,0,0,"[{'no': 1, 'up_bound': 0, 'low_bound': 0, 'range_id': 1000003, 'range_label': 'OFF'}, {'no': 2, 'up_bound': 1, 'low_bound': 1, 'range_id': 1000004, 'range_label': 'ON'}]"
Data List,All data,Control signal for Shift Position Lamp R,476,169,594,1028,1,0x39ADA1,0x22,0xA005,,1,3,1,2,0,1,-1,1,0,0,1000003,OFF,0,0,0,"[{'no': 1, 'up_bound': 0, 'low_bound': 0, 'range_id': 1000003, 'range_label': 'OFF'}, {'no': 2, 'up_bound': 1, 'low_bound': 1, 'range_id': 1000004, 'range_label': 'ON'}]"
Data List,All data,Control signal for Shift Position Lamp N,477,166,595,1029,1,0x39ADA1,0x22,0xA006,,1,3,1,2,0,1,-1,1,0,0,1000003,OFF,0,0,0,"[{'no': 1, 'up_bound': 0, 'low_bound': 0, 'range_id': 1000003, 'range_label': 'OFF'}, {'no': 2, 'up_bound': 1, 'low_bound': 1, 'range_id': 1000004, 'range_label': 'ON'}]"
Data List,All data,Control signal for Shift Position Lamp D,478,164,596,1030,1,0x39ADA1,0x22,0xA007,,1,3,1,2,0,1,-1,1,0,0,1000003,OFF,0,0,0,"[{'no': 1, 'up_bound': 0, 'low_bound': 0, 'range_id': 1000003, 'range_label': 'OFF'}, {'no': 2, 'up_bound': 1, 'low_bound': 1, 'range_id': 1000004, 'range_label': 'ON'}]"
Data List,All data,Control signal for Shift Position Lamp B,479,162,597,1031,1,0x39ADA1,0x22,0xA008,,1,3,1,2,0,1,-1,1,0,0,1000003,OFF,0,0,0,"[{'no': 1, 'up_bound': 0, 'low_bound': 0, 'range_id': 1000003, 'range_label': 'OFF'}, {'no': 2, 'up_bound': 1, 'low_bound': 1, 'range_id': 1000004, 'range_label': 'ON'}]"
Data List,All data,Control signal for Clutch Solenoid Valve,480,160,598,1032,1,0x39ADA1,0x22,0xA009,%,0,3,1,2,-1,-1,-1,1,0,0,0,,0.5,0,1,"[{'no': 1, 'up_bound': 0, 'low_bound': 0, 'range_id': 0, 'range_label': None}]"
Data List,All data,Control signal 1 for Charge port Lid Unlock Actuator,481,152,599,1033,1,0x39ADA1,0x22,0xA00A,,1,3,1,2,0,1,-1,1,0,0,1000003,OFF,0,0,0,"[{'no': 1, 'up_bound': 0, 'low_bound': 0, 'range_id': 1000003, 'range_label': 'OFF'}, {'no': 2, 'up_bound': 1, 'low_bound': 1, 'range_id': 1000004, 'range_label': 'ON'}]"
Data List,All data,Control signal 1 for Charge Connector Lock Actuator,482,150,600,1034,1,0x39ADA1,0x22,0xA00B,,1,3,1,2,0,1,-1,1,0,0,1000003,OFF,0,0,0,"[{'no': 1, 'up_bound': 0, 'low_bound': 0, 'range_id': 1000003, 'range_label': 'OFF'}, {'no': 2, 'up_bound': 1, 'low_bound': 1, 'range_id': 1000004, 'range_label': 'ON'}]"
Data List,All data,Control signal 2 for Charge Connector Unlock Actuator,483,155,601,1035,1,0x39ADA1,0x22,0xA00C,,1,3,1,2,0,1,-1,1,0,0,1000003,OFF,0,0,0,"[{'no': 1, 'up_bound': 0, 'low_bound': 0, 'range_id': 1000003, 'range_label': 'OFF'}, {'no': 2, 'up_bound': 1, 'low_bound': 1, 'range_id': 1000004, 'range_label': 'ON'}]"
Data List,All data,Red LED lamp,484,400,602,1036,1,0x39ADA1,0x22,0xA00D,,1,3,1,2,0,1,-1,1,0,0,1000003,OFF,0,0,0,"[{'no': 1, 'up_bound': 0, 'low_bound': 0, 'range_id': 1000003, 'range_label': 'OFF'}, {'no': 2, 'up_bound': 1, 'low_bound': 1, 'range_id': 1000004, 'range_label': 'ON'}]"
Data List,All data,Green LED lamp,485,292,603,1037,1,0x39ADA1,0x22,0xA00E,,1,3,1,2,0,1,-1,1,0,0,1000003,OFF,0,0,0,"[{'no': 1, 'up_bound': 0, 'low_bound': 0, 'range_id': 1000003, 'range_label': 'OFF'}, {'no': 2, 'up_bound': 1, 'low_bound': 1, 'range_id': 1000004, 'range_label': 'ON'}]"
Data List,All data,Blue LED lamp,486,108,604,1038,1,0x39ADA1,0x22,0xA010,,1,3,1,2,0,1,-1,1,0,0,1000003,OFF,0,0,0,"[{'no': 1, 'up_bound': 0, 'low_bound': 0, 'range_id': 1000003, 'range_label': 'OFF'}, {'no': 2, 'up_bound': 1, 'low_bound': 1, 'range_id': 1000004, 'range_label': 'ON'}]"
Data List,All data,DCDC Control Permission signal,487,187,605,1039,1,0x39ADA1,0x22,0xA011,,1,3,1,2,7,1,-1,1,0,0,1000003,OFF,0,0,0,"[{'no': 1, 'up_bound': 0, 'low_bound': 0, 'range_id': 1000003, 'range_label': 'OFF'}, {'no': 2, 'up_bound': 1, 'low_bound': 1, 'range_id': 1000004, 'range_label': 'ON'}]"
Data List,All data,On vehicle inverter flag,488,347,606,1040,1,0x39ADA1,0x22,0xA012,,1,3,1,2,0,1,-1,1,0,0,1000003,OFF,0,0,0,"[{'no': 1, 'up_bound': 0, 'low_bound': 0, 'range_id': 1000003, 'range_label': 'OFF'}, {'no': 2, 'up_bound': 1, 'low_bound': 1, 'range_id': 1000004, 'range_label': 'ON'}]"
Data List,All data,V2H connector power supply relay control,489,481,607,1041,1,0x39ADA1,0x22,0xA015,,1,3,1,2,0,1,-1,1,0,0,1000003,OFF,0,0,0,"[{'no': 1, 'up_bound': 0, 'low_bound': 0, 'range_id': 1000003, 'range_label': 'OFF'}, {'no': 2, 'up_bound': 1, 'low_bound': 1, 'range_id': 1000004, 'range_label': 'ON'}]"
Data List,All data,Output signal for FCCP terminal Lo/Hi,490,352,608,1042,1,0x39ADA1,0x22,0xA017,,1,3,1,2,7,1,-1,1,0,0,1000003,OFF,0,0,0,"[{'no': 1, 'up_bound': 0, 'low_bound': 0, 'range_id': 1000003, 'range_label': 'OFF'}, {'no': 2, 'up_bound': 1, 'low_bound': 1, 'range_id': 1000004, 'range_label': 'ON'}]"
Data List,All data,ACC status(from ADAS),491,8,610,1006,1,0x39ADA1,0x22,0x3012,,0,3,1,2,-1,-1,-1,1,0,0,7000942,Not available,0,0,0,"[{'no': 1, 'up_bound': 0, 'low_bound': 0, 'range_id': 7000942, 'range_label': 'Not available'}, {'no': 2, 'up_bound': 1, 'low_bound': 1, 'range_id': 7000846, 'range_label': 'ACC off'}, {'no': 3, 'up_bound': 2, 'low_bound': 2, 'range_id': 7000848, 'range_label': 'ACC waiting'}, {'no': 4, 'up_bound': 3, 'low_bound': 3, 'range_id': 7000847, 'range_label': 'ACC suspended'}, {'no': 5, 'up_bound': 4, 'low_bound': 4, 'range_id': 7000883, 'range_label': 'ACC in brake only mode'}, {'no': 6, 'up_bound': 5, 'low_bound': 5, 'range_id': 7000919, 'range_label': 'ACC in regulation'}, {'no': 7, 'up_bound': 6, 'low_bound': 6, 'range_id': 7000881, 'range_label': 'ACC Driver Override'}, {'no': 8, 'up_bound': 7, 'low_bound': 7, 'range_id': 7000849, 'range_label': 'ACC malfunction'}]"
Data List,All data,ACC Toque request from ADAS,492,9,611,1007,1,0x39ADA1,0x22,0x3019,,0,3,3,2,-1,-1,16777088,1,0,0,0,,0.0078125,-20000,0,"[{'no': 1, 'up_bound': 0, 'low_bound': 0, 'range_id': 0, 'range_label': None}]"
Data List,All data,ACC PWT Torque Order from ADAS,493,7,612,1008,1,0x39ADA1,0x22,0x301A,,0,3,1,2,-1,-1,-1,1,0,0,16000056,No Request,0,0,0,"[{'no': 1, 'up_bound': 0, 'low_bound': 0, 'range_id': 16000056, 'range_label': 'No Request'}, {'no': 2, 'up_bound': 1, 'low_bound': 1, 'range_id': 7000947, 'range_label': 'For ACC / MI PILOT assist'}, {'no': 3, 'up_bound': 2, 'low_bound': 2, 'range_id': 7000948, 'range_label': 'For FullAPK'}, {'no': 4, 'up_bound': 7, 'low_bound': 3, 'range_id': 7000934, 'range_label': 'Reserved'}]"
Data List,All data,ACC Braking Torque Order from ADAS,494,5,613,1009,1,0x39ADA1,0x22,0x301B,,0,3,1,2,-1,-1,-1,1,0,0,7000938,No brake request,0,0,0,"[{'no': 1, 'up_bound': 0, 'low_bound': 0, 'range_id': 7000938, 'range_label': 'No brake request'}, {'no': 2, 'up_bound': 1, 'low_bound': 1, 'range_id': 7000947, 'range_label': 'For ACC / MI PILOT assist'}, {'no': 3, 'up_bound': 2, 'low_bound': 2, 'range_id': 7000950, 'range_label': 'For HFPB/FullAPK'}, {'no': 4, 'up_bound': 7, 'low_bound': 3, 'range_id': 7000934, 'range_label': 'Reserved'}]"
Data List,All data,Steering switch status to ADAS,495,465,614,1010,1,0x39ADA1,0x22,0x301C,,0,3,1,2,-1,-1,-1,1,0,0,7000884,All buttons released,0,0,0,"[{'no': 1, 'up_bound': 0, 'low_bound': 0, 'range_id': 7000884, 'range_label': 'All buttons released'}, {'no': 2, 'up_bound': 1, 'low_bound': 1, 'range_id': 7000841, 'range_label': '+ / Resume button'}, {'no': 3, 'up_bound': 2, 'low_bound': 2, 'range_id': 7000840, 'range_label': '- / Set button'}, {'no': 4, 'up_bound': 3, 'low_bound': 3, 'range_id': 7000908, 'range_label': 'Distance button'}, {'no': 5, 'up_bound': 4, 'low_bound': 4, 'range_id': 7000874, 'range_label': 'Cancel button'}, {'no': 6, 'up_bound': 5, 'low_bound': 5, 'range_id': 7000887, 'range_label': 'MI PILOT assist / ACC'}, {'no': 7, 'up_bound': 6, 'low_bound': 6, 'range_id': 7000875, 'range_label': 'Speed limiter button'}, {'no': 8, 'up_bound': 7, 'low_bound': 7, 'range_id': 3000316, 'range_label': 'Not used'}]"
Data List,All data,Transaxle oil temperature sensor signal,496,480,1322,1327,1,0x39ADA1,0x22,0x15A,V,0,3,1,2,-1,-1,-1,1,0,0,0,,0.02,0,2,"[{'no': 1, 'up_bound': 0, 'low_bound': 0, 'range_id': 0, 'range_label': None}]"
Data List,All data,Transaxle oil temperature,497,479,1323,1328,1,0x39ADA1,0x22,0x119D,°C,0,3,1,2,-1,-1,-1,1,0,0,0,,1,-40,0,"[{'no': 1, 'up_bound': 0, 'low_bound': 0, 'range_id': 0, 'range_label': None}]"
Data List,All data,Radiator fan1 control,498,382,1324,1329,1,0x39ADA1,0x22,0xA019,%,0,3,1,2,-1,-1,-1,1,0,0,0,,1,0,0,"[{'no': 1, 'up_bound': 0, 'low_bound': 0, 'range_id': 0, 'range_label': None}]"
Data List,All data,Radiator fan2 control,499,383,1325,1330,1,0x39ADA1,0x22,0xA019,%,0,4,1,2,-1,-1,-1,1,0,0,0,,1,0,0,"[{'no': 1, 'up_bound': 0, 'low_bound': 0, 'range_id': 0, 'range_label': None}]"
Data gathering,Particle filter,Data(DA00),1,1,85,0,1,0x39ADA1,0x22,0xDA00,,0,0,318,2,-1,-1,-1,,,,,,,,,[]
Data gathering,Particle filter,Data(DA01),2,2,86,0,1,0x39ADA1,0x22,0xDA01,,0,0,66,2,-1,-1,-1,,,,,,,,,[]
Data gathering,Particle filter,Data(DA10),3,3,87,0,1,0x39ADA1,0x22,0xDA10,,0,0,229,2,-1,-1,-1,,,,,,,,,[]
Data gathering,Particle filter,Data(DA11),4,4,88,0,1,0x39ADA1,0x22,0xDA11,,0,0,229,2,-1,-1,-1,,,,,,,,,[]
Data gathering,Particle filter,Data(DA12),5,5,89,0,1,0x39ADA1,0x22,0xDA12,,0,0,229,2,-1,-1,-1,,,,,,,,,[]
Data gathering,Particle filter,Data(DA13),6,6,90,0,1,0x39ADA1,0x22,0xDA13,,0,0,229,2,-1,-1,-1,,,,,,,,,[]
Data gathering,Particle filter,Data(DA14),7,7,91,0,1,0x39ADA1,0x22,0xDA14,,0,0,229,2,-1,-1,-1,,,,,,,,,[]
Data gathering,Particle filter,Data(DA15),8,8,92,0,1,0x39ADA1,0x22,0xDA15,,0,0,229,2,-1,-1,-1,,,,,,,,,[]
Data gathering,Particle filter,Data(DA30),9,9,93,0,1,0x39ADA1,0x22,0xDA30,,0,0,48,2,-1,-1,-1,,,,,,,,,[]
Data gathering,Particle filter,Data(DA31),10,10,94,0,1,0x39ADA1,0x22,0xDA31,,0,0,48,2,-1,-1,-1,,,,,,,,,[]
Data gathering,Particle filter,Data(DA32),11,11,95,0,1,0x39ADA1,0x22,0xDA32,,0,0,48,2,-1,-1,-1,,,,,,,,,[]
Data gathering,Particle filter,Data(DA33),12,12,96,0,1,0x39ADA1,0x22,0xDA33,,0,0,48,2,-1,-1,-1,,,,,,,,,[]
Data gathering,Particle filter,Data(DA34),13,13,97,0,1,0x39ADA1,0x22,0xDA34,,0,0,48,2,-1,-1,-1,,,,,,,,,[]
Data gathering,Particle filter,Data(DA35),14,14,98,0,1,0x39ADA1,0x22,0xDA35,,0,0,48,2,-1,-1,-1,,,,,,,,,[]
Data gathering,Particle filter,Data(DA50),15,15,99,0,1,0x39ADA1,0x22,0xDA50,,0,0,445,2,-1,-1,-1,,,,,,,,,[]
Data gathering,Particle filter,Data(DA51),16,16,100,0,1,0x39ADA1,0x22,0xDA51,,0,0,445,2,-1,-1,-1,,,,,,,,,[]
Data gathering,Particle filter,Data(DA52),17,17,101,0,1,0x39ADA1,0x22,0xDA52,,0,0,445,2,-1,-1,-1,,,,,,,,,[]
Data gathering,Particle filter,Data(DA53),18,18,102,0,1,0x39ADA1,0x22,0xDA53,,0,0,445,2,-1,-1,-1,,,,,,,,,[]
Data gathering,Particle filter,Data(DA54),19,19,103,0,1,0x39ADA1,0x22,0xDA54,,0,0,445,2,-1,-1,-1,,,,,,,,,[]
Data gathering,Particle filter,Data(DA55),20,20,104,0,1,0x39ADA1,0x22,0xDA55,,0,0,445,2,-1,-1,-1,,,,,,,,,[]
Data gathering,Particle filter,Data(DA70),21,21,105,0,1,0x39ADA1,0x22,0xDA70,,0,0,44,2,-1,-1,-1,,,,,,,,,[]
Data gathering,Particle filter,Data(DA90),22,22,106,0,1,0x39ADA1,0x22,0xDA90,,0,0,174,2,-1,-1,-1,,,,,,,,,[]
Freeze Frame Data,Fuel control,ODO/TRIP METER,10,1580,1046,0,1,0x39ADA1,0xF0,0xD0,km,0,2,3,2,-1,-1,-1,1,0,0,0,,1,0,0,"[{'no': 1, 'up_bound': 0, 'low_bound': 0, 'range_id': 0, 'range_label': None}]"
Freeze Frame Data,Fuel control,Power SW signal,20,1690,1047,0,1,0x39ADA1,0x1,0x0,,1,2,1,2,7,1,-1,1,0,0,1000003,OFF,0,0,0,"[{'no': 1, 'up_bound': 0, 'low_bound': 0, 'range_id': 1000003, 'range_label': 'OFF'}, {'no': 2, 'up_bound': 1, 'low_bound': 1, 'range_id': 1000004, 'range_label': 'ON'}]"
Freeze Frame Data,Fuel control,EV mode,30,930,1048,0,1,0x39ADA1,0x10,0x2,,0,2,1,2,-1,-1,-1,1,0,0,0,,1,0,0,"[{'no': 1, 'up_bound': 0, 'low_bound': 0, 'range_id': 0, 'range_label': None}]"
Freeze Frame Data,Fuel control,IGCT Control power supply,40,1290,1049,0,1,0x39ADA1,0x10,0x6,V,0,2,1,2,-1,-1,-1,1,0,0,0,,0.1,0,1,"[{'no': 1, 'up_bound': 0, 'low_bound': 0, 'range_id': 0, 'range_label': None}]"
Freeze Frame Data,Fuel control,Vehicle speed,50,2460,1050,0,1,0x39ADA1,0x10,0x8,km/h,0,2,1,2,-1,-1,-1,1,0,0,0,,1,0,0,"[{'no': 1, 'up_bound': 0, 'low_bound': 0, 'range_id': 0, 'range_label': None}]"
Freeze Frame Data,Fuel control,READY lamp,60,1740,1051,0,1,0x39ADA1,0x10,0x2C,,1,2,1,2,6,2,-1,1,0,0,85000003,Turn off,0,0,0,"[{'no': 1, 'up_bound': 0, 'low_bound': 0, 'range_id': 85000003, 'range_label': 'Turn off'}, {'no': 2, 'up_bound': 1, 'low_bound': 1, 'range_id': 69000045, 'range_label': 'Turn on'}, {'no': 3, 'up_bound': 2, 'low_bound': 2, 'range_id': 33000052, 'range_label': 'Flash'}, {'no': 4, 'up_bound': 3, 'low_bound': 3, 'range_id': 1000692, 'range_label': 'Undefined'}]"
Freeze Frame Data,Fuel control,Battery Total voltage,70,280,1052,0,1,0x39ADA1,0x10,0x32,V,0,2,2,2,-1,-1,-1,1,0,0,0,,0.1,0,1,"[{'no': 1, 'up_bound': 0, 'low_bound': 0, 'range_id': 0, 'range_label': None}]"
Freeze Frame Data,Fuel control,Battery current,80,220,1053,0,1,0x39ADA1,0x10,0x32,A,0,4,2,2,-1,-1,-1,1,0,0,0,,0.05,-1635,2,"[{'no': 1, 'up_bound': 0, 'low_bound': 0, 'range_id': 0, 'range_label': None}]"
Freeze Frame Data,Fuel control,Running mode,90,2020,1054,0,1,0x39ADA1,0x10,0x38,,0,2,1,2,-1,-1,-1,1,0,0,0,,1,0,0,"[{'no': 1, 'up_bound': 0, 'low_bound': 0, 'range_id': 0, 'range_label': None}]"
Freeze Frame Data,Fuel control,APS(Main) A/D value,100,90,1055,0,1,0x39ADA1,0x10,0x55,%,0,2,1,2,-1,-1,-1,1,0,0,0,,0.392157,0,0,"[{'no': 1, 'up_bound': 0, 'low_bound': 0, 'range_id': 0, 'range_label': None}]"
Freeze Frame Data,Fuel control,SOC for display,110,2290,1056,0,1,0x39ADA1,0x10,0x57,%,0,2,1,2,-1,-1,-1,1,0,0,0,,0.392157,0,0,"[{'no': 1, 'up_bound': 0, 'low_bound': 0, 'range_id': 0, 'range_label': None}]"
Freeze Frame Data,Fuel control,Shift position (indication),120,2250,1057,0,1,0x39ADA1,0x10,0x92,,0,2,1,2,-1,-1,-1,1,0,0,1000525,-,0,0,0,"[{'no': 1, 'up_bound': 0, 'low_bound': 0, 'range_id': 1000525, 'range_label': '-'}, {'no': 2, 'up_bound': 1, 'low_bound': 1, 'range_id': 1000583, 'range_label': 'P'}, {'no': 3, 'up_bound': 2, 'low_bound': 2, 'range_id': 1000581, 'range_label': 'R'}, {'no': 4, 'up_bound': 3, 'low_bound': 3, 'range_id': 1000570, 'range_label': 'N'}, {'no': 5, 'up_bound': 4, 'low_bound': 4, 'range_id': 1100015, 'range_label': 'D'}, {'no': 6, 'up_bound': 5, 'low_bound': 5, 'range_id': 77000022, 'range_label': 'B'}, {'no': 7, 'up_bound': 6, 'low_bound': 6, 'range_id': 47000008, 'range_label': 'B1'}, {'no': 8, 'up_bound': 7, 'low_bound': 7, 'range_id': 47000009, 'range_label': 'B2'}, {'no': 9, 'up_bound': 8, 'low_bound': 8, 'range_id': 47000010, 'range_label': 'B3'}, {'no': 10, 'up_bound': 9, 'low_bound': 9, 'range_id': 47000011, 'range_label': 'B4'}, {'no': 11, 'up_bound': 10, 'low_bound': 10, 'range_id': 47000012, 'range_label': 'B5'}, {'no': 12, 'up_bound': 11, 'low_bound': 11, 'range_id': 47000025, 'range_label': 'B0'}, {'no': 13, 'up_bound': 12, 'low_bound': 12, 'range_id': 1100006, 'range_label': 'Blank'}]"
Freeze Frame Data,Fuel control,DTC count,130,670,1058,0,1,0x39ADA1,0xF0,0xD1,,0,2,1,2,-1,-1,-1,1,0,0,0,,1,0,0,"[{'no': 1, 'up_bound': 0, 'low_bound': 0, 'range_id': 0, 'range_label': None}]"
Freeze Frame Data,Fuel control,Engine speed,140,800,1059,0,1,0x39ADA1,0x10,0x48,r/min,0,4,2,2,-1,-1,-1,1,0,0,0,,0.25,0,2,"[{'no': 1, 'up_bound': 0, 'low_bound': 0, 'range_id': 0, 'range_label': None}]"
Freeze Frame Data,Fuel control,Generator speed,150,1220,1060,0,1,0x39ADA1,0x10,0x39,r/min,0,2,2,2,-1,-1,-1,1,0,0,0,,1,-20000,0,"[{'no': 1, 'up_bound': 0, 'low_bound': 0, 'range_id': 0, 'range_label': None}]"
Freeze Frame Data,Fuel control,Rear motor speed,160,1820,1061,0,1,0x39ADA1,0x10,0x3A,r/min,0,2,2,2,-1,-1,-1,1,0,0,0,,1,-20000,0,"[{'no': 1, 'up_bound': 0, 'low_bound': 0, 'range_id': 0, 'range_label': None}]"
Freeze Frame Data,Fuel control,Front Motor speed,170,1080,1062,0,1,0x39ADA1,0x10,0x7,r/min,0,2,2,2,-1,-1,-1,1,0,0,0,,1,-20000,0,"[{'no': 1, 'up_bound': 0, 'low_bound': 0, 'range_id': 0, 'range_label': None}]"
Freeze Frame Data,Fuel control,APS(Sub) A/D value,180,100,1063,0,1,0x39ADA1,0x10,0x55,%,0,3,1,2,-1,-1,-1,1,0,0,0,,0.392157,0,0,"[{'no': 1, 'up_bound': 0, 'low_bound': 0, 'range_id': 0, 'range_label': None}]"
Freeze Frame Data,Fuel control,Accelerator(control value),190,70,1064,0,1,0x39ADA1,0x10,0x55,V,0,4,2,2,-1,-1,65528,1,0,0,0,,0.000125,0,3,"[{'no': 1, 'up_bound': 0, 'low_bound': 0, 'range_id': 0, 'range_label': None}]"
Freeze Frame Data,Fuel control,Control power supply,200,510,1065,0,1,0x39ADA1,0x10,0x51,V,0,2,1,2,-1,-1,-1,1,0,0,0,,0.1,0,1,"[{'no': 1, 'up_bound': 0, 'low_bound': 0, 'range_id': 0, 'range_label': None}]"
Freeze Frame Data,Fuel control,Coolant water temperature(EV),210,520,1066,0,1,0x39ADA1,0x10,0x34,°C,0,2,1,2,-1,-1,-1,1,0,0,0,,1,-40,0,"[{'no': 1, 'up_bound': 0, 'low_bound': 0, 'range_id': 0, 'range_label': None}]"
Freeze Frame Data,Fuel control,Connection status signal from OBC,220,500,1067,0,1,0x39ADA1,0x1,0x54,,1,2,1,2,7,1,-1,1,0,0,1000003,OFF,0,0,0,"[{'no': 1, 'up_bound': 0, 'low_bound': 0, 'range_id': 1000003, 'range_label': 'OFF'}, {'no': 2, 'up_bound': 1, 'low_bound': 1, 'range_id': 1000004, 'range_label': 'ON'}]"
Freeze Frame Data,Fuel control,Switch on signal of ECU from OBC,230,2390,1068,0,1,0x39ADA1,0x1,0x55,,1,2,1,2,7,1,-1,1,0,0,1000003,OFF,0,0,0,"[{'no': 1, 'up_bound': 0, 'low_bound': 0, 'range_id': 1000003, 'range_label': 'OFF'}, {'no': 2, 'up_bound': 1, 'low_bound': 1, 'range_id': 1000004, 'range_label': 'ON'}]"
Freeze Frame Data,Fuel control,Connection status signal from BMU,240,480,1069,0,1,0x39ADA1,0x1,0x56,,1,2,1,2,7,1,-1,1,0,0,1000003,OFF,0,0,0,"[{'no': 1, 'up_bound': 0, 'low_bound': 0, 'range_id': 1000003, 'range_label': 'OFF'}, {'no': 2, 'up_bound': 1, 'low_bound': 1, 'range_id': 1000004, 'range_label': 'ON'}]"
Freeze Frame Data,Fuel control,Switch on signal of ECU from BMU,250,2370,1070,0,1,0x39ADA1,0x1,0x57,,1,2,1,2,7,1,-1,1,0,0,1000003,OFF,0,0,0,"[{'no': 1, 'up_bound': 0, 'low_bound': 0, 'range_id': 1000003, 'range_label': 'OFF'}, {'no': 2, 'up_bound': 1, 'low_bound': 1, 'range_id': 1000004, 'range_label': 'ON'}]"
Freeze Frame Data,Fuel control,Connection status signal from ENGINE ECU,260,490,1071,0,1,0x39ADA1,0x1,0x58,,1,2,1,2,7,1,-1,1,0,0,1000003,OFF,0,0,0,"[{'no': 1, 'up_bound': 0, 'low_bound': 0, 'range_id': 1000003, 'range_label': 'OFF'}, {'no': 2, 'up_bound': 1, 'low_bound': 1, 'range_id': 1000004, 'range_label': 'ON'}]"
Freeze Frame Data,Fuel control,Switch on signal of ECU from ENGINE ECU,270,2380,1072,0,1,0x39ADA1,0x1,0x59,,1,2,1,2,7,1,-1,1,0,0,1000003,OFF,0,0,0,"[{'no': 1, 'up_bound': 0, 'low_bound': 0, 'range_id': 1000003, 'range_label': 'OFF'}, {'no': 2, 'up_bound': 1, 'low_bound': 1, 'range_id': 1000004, 'range_label': 'ON'}]"
Freeze Frame Data,Fuel control,Charge contactor output,280,370,1073,0,1,0x39ADA1,0x1,0x26,,1,2,1,2,7,1,-1,1,0,0,1000003,OFF,0,0,0,"[{'no': 1, 'up_bound': 0, 'low_bound': 0, 'range_id': 1000003, 'range_label': 'OFF'}, {'no': 2, 'up_bound': 1, 'low_bound': 1, 'range_id': 1000004, 'range_label': 'ON'}]"
Freeze Frame Data,Fuel control,Positive Contactor Control,290,1660,1074,0,1,0x39ADA1,0x1,0x27,,1,2,1,2,7,1,-1,1,0,0,1000003,OFF,0,0,0,"[{'no': 1, 'up_bound': 0, 'low_bound': 0, 'range_id': 1000003, 'range_label': 'OFF'}, {'no': 2, 'up_bound': 1, 'low_bound': 1, 'range_id': 1000004, 'range_label': 'ON'}]"
Freeze Frame Data,Fuel control,Negative Contactor Control,300,1560,1075,0,1,0x39ADA1,0x1,0x27,,1,2,1,2,6,1,-1,1,0,0,1000003,OFF,0,0,0,"[{'no': 1, 'up_bound': 0, 'low_bound': 0, 'range_id': 1000003, 'range_label': 'OFF'}, {'no': 2, 'up_bound': 1, 'low_bound': 1, 'range_id': 1000004, 'range_label': 'ON'}]"
Freeze Frame Data,Fuel control,Water pump power supply relay(EV),310,2490,1076,0,1,0x39ADA1,0xA0,0x1,,1,2,1,2,0,1,-1,1,0,0,1000003,OFF,0,0,0,"[{'no': 1, 'up_bound': 0, 'low_bound': 0, 'range_id': 1000003, 'range_label': 'OFF'}, {'no': 2, 'up_bound': 1, 'low_bound': 1, 'range_id': 1000004, 'range_label': 'ON'}]"
Freeze Frame Data,Fuel control,EV system power supply relay,320,940,1077,0,1,0x39ADA1,0xA0,0x3,,1,2,1,2,7,1,-1,1,0,0,1000003,OFF,0,0,0,"[{'no': 1, 'up_bound': 0, 'low_bound': 0, 'range_id': 1000003, 'range_label': 'OFF'}, {'no': 2, 'up_bound': 1, 'low_bound': 1, 'range_id': 1000004, 'range_label': 'ON'}]"
Freeze Frame Data,Fuel control,Water pump duty(EV),330,2480,1078,0,1,0x39ADA1,0xA0,0x0,%,0,2,1,2,-1,-1,-1,1,0,0,0,,0.392157,0,0,"[{'no': 1, 'up_bound': 0, 'low_bound': 0, 'range_id': 0, 'range_label': None}]"
Freeze Frame Data,Fuel control,Yaw rate,340,2550,1079,0,1,0x39ADA1,0x10,0x3C,deg/s,0,2,1,2,-1,-1,-1,1,0,0,0,,1,-93,0,"[{'no': 1, 'up_bound': 0, 'low_bound': 0, 'range_id': 0, 'range_label': None}]"
Freeze Frame Data,Fuel control,Collision insulation judg. flag,350,470,1080,0,1,0x39ADA1,0x10,0x97,,1,2,1,2,7,1,-1,1,0,0,1000003,OFF,0,0,0,"[{'no': 1, 'up_bound': 0, 'low_bound': 0, 'range_id': 1000003, 'range_label': 'OFF'}, {'no': 2, 'up_bound': 1, 'low_bound': 1, 'range_id': 1000004, 'range_label': 'ON'}]"
Freeze Frame Data,Fuel control,Lateral acceleration,360,1370,1081,0,1,0x39ADA1,0x10,0x3D,m/s^2,0,2,1,2,-1,-1,-1,1,0,0,0,,0.1,-12.7,1,"[{'no': 1, 'up_bound': 0, 'low_bound': 0, 'range_id': 0, 'range_label': None}]"
Freeze Frame Data,Fuel control,Water pump status(EV),370,2500,1082,0,1,0x39ADA1,0x10,0x35,%,0,2,1,2,-1,-1,-1,1,0,0,0,,0.3921569,0,1,"[{'no': 1, 'up_bound': 0, 'low_bound': 0, 'range_id': 0, 'range_label': None}]"
Freeze Frame Data,Fuel control,Steering angle,380,2330,1083,0,1,0x39ADA1,0x10,0x3F,m/s^2,0,2,2,2,-1,-1,65504,1,0,0,0,,0.03125,-1023,0,"[{'no': 1, 'up_bound': 0, 'low_bound': 0, 'range_id': 0, 'range_label': None}]"
Freeze Frame Data,Fuel control,Longitudinal acceleration,390,1390,1084,0,1,0x39ADA1,0x10,0x3E,m/s^2,0,2,1,2,-1,-1,-1,1,0,0,0,,0.1,-12.7,1,"[{'no': 1, 'up_bound': 0, 'low_bound': 0, 'range_id': 0, 'range_label': None}]"
Freeze Frame Data,Fuel control,FMCU capacitor voltage,400,990,1085,0,1,0x39ADA1,0x10,0x99,V,0,2,2,2,-1,-1,65472,1,0,0,0,,0.015625,0,0,"[{'no': 1, 'up_bound': 0, 'low_bound': 0, 'range_id': 0, 'range_label': None}]"
Freeze Frame Data,Fuel control,RMCU capacitor voltage,410,2000,1086,0,1,0x39ADA1,0x10,0x9A,V,0,2,2,2,-1,-1,65472,1,0,0,0,,0.015625,0,0,"[{'no': 1, 'up_bound': 0, 'low_bound': 0, 'range_id': 0, 'range_label': None}]"
Freeze Frame Data,Fuel control,Battery interlock,420,240,1087,0,1,0x39ADA1,0x10,0x9B,,1,2,1,2,7,1,-1,1,0,0,1000003,OFF,0,0,0,"[{'no': 1, 'up_bound': 0, 'low_bound': 0, 'range_id': 1000003, 'range_label': 'OFF'}, {'no': 2, 'up_bound': 1, 'low_bound': 1, 'range_id': 1000004, 'range_label': 'ON'}]"
Freeze Frame Data,Fuel control,PDU interlock,430,1650,1088,0,1,0x39ADA1,0x10,0x9C,,1,2,1,2,7,1,-1,1,0,0,1000003,OFF,0,0,0,"[{'no': 1, 'up_bound': 0, 'low_bound': 0, 'range_id': 1000003, 'range_label': 'OFF'}, {'no': 2, 'up_bound': 1, 'low_bound': 1, 'range_id': 1000004, 'range_label': 'ON'}]"
Freeze Frame Data,Fuel control,Charge Connector Unlock Switch signal,440,360,1089,0,1,0x39ADA1,0x1,0x15,,1,2,1,2,7,1,-1,1,0,0,1000003,OFF,0,0,0,"[{'no': 1, 'up_bound': 0, 'low_bound': 0, 'range_id': 1000003, 'range_label': 'OFF'}, {'no': 2, 'up_bound': 1, 'low_bound': 1, 'range_id': 1000004, 'range_label': 'ON'}]"
Freeze Frame Data,Fuel control,Charge port Lid Push Switch signal,450,380,1090,0,1,0x39ADA1,0x1,0x14,,1,2,1,2,7,1,-1,1,0,0,1000003,OFF,0,0,0,"[{'no': 1, 'up_bound': 0, 'low_bound': 0, 'range_id': 1000003, 'range_label': 'OFF'}, {'no': 2, 'up_bound': 1, 'low_bound': 1, 'range_id': 1000004, 'range_label': 'ON'}]"
Freeze Frame Data,Fuel control,Charge Timer Cancel Switch signal,460,390,1091,0,1,0x39ADA1,0x1,0x18,,1,2,1,2,7,1,-1,1,0,0,1000003,OFF,0,0,0,"[{'no': 1, 'up_bound': 0, 'low_bound': 0, 'range_id': 1000003, 'range_label': 'OFF'}, {'no': 2, 'up_bound': 1, 'low_bound': 1, 'range_id': 1000004, 'range_label': 'ON'}]"
Freeze Frame Data,Fuel control,CC control 1,470,340,1092,0,1,0x39ADA1,0x10,0xA0,,0,2,1,2,-1,-1,-1,1,0,0,7000853,w/o CC,0,0,0,"[{'no': 1, 'up_bound': 0, 'low_bound': 0, 'range_id': 7000853, 'range_label': 'w/o CC'}, {'no': 2, 'up_bound': 63, 'low_bound': 63, 'range_id': 7000854, 'range_label': 'w/ CC , w/o ACC'}, {'no': 3, 'up_bound': 127, 'low_bound': 127, 'range_id': 7000855, 'range_label': 'w/ CC , w/ ACC'}]"
Freeze Frame Data,Fuel control,CC control 2,480,350,1093,0,1,0x39ADA1,0x10,0xA1,,0,2,1,2,-1,-1,-1,1,0,0,7000853,w/o CC,0,0,0,"[{'no': 1, 'up_bound': 0, 'low_bound': 0, 'range_id': 7000853, 'range_label': 'w/o CC'}, {'no': 2, 'up_bound': 68, 'low_bound': 68, 'range_id': 7000855, 'range_label': 'w/ CC , w/ ACC'}, {'no': 3, 'up_bound': 127, 'low_bound': 127, 'range_id': 7000854, 'range_label': 'w/ CC , w/o ACC'}]"
Freeze Frame Data,Fuel control,FCM operation flag,490,980,1094,0,1,0x39ADA1,0x10,0xA2,,1,2,1,2,7,1,-1,1,0,0,1000003,OFF,0,0,0,"[{'no': 1, 'up_bound': 0, 'low_bound': 0, 'range_id': 1000003, 'range_label': 'OFF'}, {'no': 2, 'up_bound': 1, 'low_bound': 1, 'range_id': 1000004, 'range_label': 'ON'}]"
Freeze Frame Data,Fuel control,ACC operation flag,500,30,1095,0,1,0x39ADA1,0x10,0xA3,,1,2,1,2,7,1,-1,1,0,0,1000003,OFF,0,0,0,"[{'no': 1, 'up_bound': 0, 'low_bound': 0, 'range_id': 1000003, 'range_label': 'OFF'}, {'no': 2, 'up_bound': 1, 'low_bound': 1, 'range_id': 1000004, 'range_label': 'ON'}]"
Freeze Frame Data,Fuel control,Battery cell minimum Temperature,510,190,1096,0,1,0x39ADA1,0x10,0xA5,°C,1,2,1,2,1,7,-1,1,0,0,0,,1,-40,0,"[{'no': 1, 'up_bound': 0, 'low_bound': 0, 'range_id': 0, 'range_label': None}]"
Freeze Frame Data,Fuel control,Battery cell minimum Voltage,520,200,1097,0,1,0x39ADA1,0x10,0xA5,V,0,2,3,2,-1,-1,130944,1,0,0,0,,0.0000390625,0,3,"[{'no': 1, 'up_bound': 0, 'low_bound': 0, 'range_id': 0, 'range_label': None}]"
Freeze Frame Data,Fuel control,Battery cell maximum Voltage,530,180,1098,0,1,0x39ADA1,0x10,0xA5,V,0,4,2,2,-1,-1,32736,1,0,0,0,,0.00015625,0,3,"[{'no': 1, 'up_bound': 0, 'low_bound': 0, 'range_id': 0, 'range_label': None}]"
Freeze Frame Data,Fuel control,Battery cell maximum Temperature,540,170,1099,0,1,0x39ADA1,0x10,0xA5,°C,0,5,2,2,-1,-1,8128,1,0,0,0,,0.015625,-40,0,"[{'no': 1, 'up_bound': 0, 'low_bound': 0, 'range_id': 0, 'range_label': None}]"
Freeze Frame Data,Fuel control,IGBT Gate Condition form FMCU,550,1260,1100,0,1,0x39ADA1,0x10,0xA9,,1,2,1,2,7,1,-1,1,0,0,0,,1,0,0,"[{'no': 1, 'up_bound': 0, 'low_bound': 0, 'range_id': 0, 'range_label': None}]"
Freeze Frame Data,Fuel control,IGBT Gate Condition form RMCU,560,1280,1101,0,1,0x39ADA1,0x10,0xAA,,1,2,1,2,7,1,-1,1,0,0,0,,1,0,0,"[{'no': 1, 'up_bound': 0, 'low_bound': 0, 'range_id': 0, 'range_label': None}]"
Freeze Frame Data,Fuel control,IGBT Gate Condition form GCU,570,1270,1102,0,1,0x39ADA1,0x10,0xAB,,1,2,1,2,7,1,-1,1,0,0,0,,1,0,0,"[{'no': 1, 'up_bound': 0, 'low_bound': 0, 'range_id': 0, 'range_label': None}]"
Freeze Frame Data,Fuel control,Front motor output torque,580,1060,1103,0,1,0x39ADA1,0x10,0xAC,Nm,0,2,2,2,-1,-1,65528,1,0,0,0,,0.0125,-400,1,"[{'no': 1, 'up_bound': 0, 'low_bound': 0, 'range_id': 0, 'range_label': None}]"
Freeze Frame Data,Fuel control,Rear motor output torque,590,1810,1104,0,1,0x39ADA1,0x10,0xAD,Nm,0,2,2,2,-1,-1,65528,1,0,0,0,,0.0125,-400,1,"[{'no': 1, 'up_bound': 0, 'low_bound': 0, 'range_id': 0, 'range_label': None}]"
Freeze Frame Data,Fuel control,Generator output torque,600,1210,1105,0,1,0x39ADA1,0x10,0xAE,Nm,0,2,2,2,-1,-1,65528,1,0,0,0,,0.0125,-400,1,"[{'no': 1, 'up_bound': 0, 'low_bound': 0, 'range_id': 0, 'range_label': None}]"
Freeze Frame Data,Fuel control,Fuel cut mode,610,1120,1106,0,1,0x39ADA1,0x10,0xAF,,1,2,1,2,7,1,-1,1,0,0,0,,1,0,0,"[{'no': 1, 'up_bound': 0, 'low_bound': 0, 'range_id': 0, 'range_label': None}]"
Freeze Frame Data,Fuel control,Catalyzer warm-up mode,620,330,1107,0,1,0x39ADA1,0x10,0xB0,,1,2,1,2,7,1,-1,1,0,0,0,,1,0,0,"[{'no': 1, 'up_bound': 0, 'low_bound': 0, 'range_id': 0, 'range_label': None}]"
Freeze Frame Data,Fuel control,Static engine torque,630,2320,1108,0,1,0x39ADA1,0x10,0xB1,Nm,0,2,2,2,-1,-1,-1,1,0,0,0,,0.015625,-500,2,"[{'no': 1, 'up_bound': 0, 'low_bound': 0, 'range_id': 0, 'range_label': None}]"
Freeze Frame Data,Fuel control,ABS in regulation,640,10,1109,0,1,0x39ADA1,0x10,0xB4,,1,2,1,2,7,1,-1,1,0,0,0,,1,0,0,"[{'no': 1, 'up_bound': 0, 'low_bound': 0, 'range_id': 0, 'range_label': None}]"
Freeze Frame Data,Fuel control,Wheel Speed Front Left,650,2510,1110,0,1,0x39ADA1,0x10,0xB6,r/min,0,2,2,2,-1,-1,-1,1,0,0,0,,0.04166667,0,2,"[{'no': 1, 'up_bound': 0, 'low_bound': 0, 'range_id': 0, 'range_label': None}]"
Freeze Frame Data,Fuel control,Wheel Speed Front Right,660,2520,1111,0,1,0x39ADA1,0x10,0xB6,r/min,0,4,2,2,-1,-1,-1,1,0,0,0,,0.04166667,0,2,"[{'no': 1, 'up_bound': 0, 'low_bound': 0, 'range_id': 0, 'range_label': None}]"
Freeze Frame Data,Fuel control,Wheel Speed Rear Left,670,2530,1112,0,1,0x39ADA1,0x10,0xB6,r/min,0,6,2,2,-1,-1,-1,1,0,0,0,,0.04166667,0,2,"[{'no': 1, 'up_bound': 0, 'low_bound': 0, 'range_id': 0, 'range_label': None}]"
Freeze Frame Data,Fuel control,Wheel Speed Rear Right,680,2540,1113,0,1,0x39ADA1,0x10,0xB6,r/min,0,8,2,2,-1,-1,-1,1,0,0,0,,0.04166667,0,2,"[{'no': 1, 'up_bound': 0, 'low_bound': 0, 'range_id': 0, 'range_label': None}]"
Freeze Frame Data,Fuel control,Generator oil temperature,690,1200,1114,0,1,0x39ADA1,0x10,0xBA,°C,0,2,1,2,-1,-1,-1,1,0,0,0,,1,-40,0,"[{'no': 1, 'up_bound': 0, 'low_bound': 0, 'range_id': 0, 'range_label': None}]"
Freeze Frame Data,Fuel control,Braking Pressure,700,310,1115,0,1,0x39ADA1,0x10,0xBC,bar,0,2,1,2,-1,-1,-1,1,0,0,0,,0.5,0,1,"[{'no': 1, 'up_bound': 0, 'low_bound': 0, 'range_id': 0, 'range_label': None}]"
Freeze Frame Data,Fuel control,Brake SW,710,300,1116,0,1,0x39ADA1,0x1,0xA,,1,2,1,2,7,1,-1,1,0,0,1000003,OFF,0,0,0,"[{'no': 1, 'up_bound': 0, 'low_bound': 0, 'range_id': 1000003, 'range_label': 'OFF'}, {'no': 2, 'up_bound': 1, 'low_bound': 1, 'range_id': 1000004, 'range_label': 'ON'}]"
Freeze Frame Data,Fuel control,Power SW(OFF) historical flag,720,1700,1117,0,1,0x39ADA1,0x10,0xBD,,1,2,1,2,7,1,-1,1,0,0,0,,1,0,0,"[{'no': 1, 'up_bound': 0, 'low_bound': 0, 'range_id': 0, 'range_label': None}]"
Freeze Frame Data,Fuel control,Fail level 1,730,950,1118,0,1,0x39ADA1,0x10,0xBE,,1,2,1,2,7,1,-1,1,0,0,0,,1,0,0,"[{'no': 1, 'up_bound': 0, 'low_bound': 0, 'range_id': 0, 'range_label': None}]"
Freeze Frame Data,Fuel control,Fail level 2,740,960,1119,0,1,0x39ADA1,0x10,0xBF,,1,2,1,2,7,1,-1,1,0,0,0,,1,0,0,"[{'no': 1, 'up_bound': 0, 'low_bound': 0, 'range_id': 0, 'range_label': None}]"
Freeze Frame Data,Fuel control,Engine Start Request,750,810,1121,0,1,0x39ADA1,0x10,0xC2,,1,2,1,2,6,2,-1,1,0,0,0,,1,0,0,"[{'no': 1, 'up_bound': 0, 'low_bound': 0, 'range_id': 0, 'range_label': None}]"
Freeze Frame Data,Fuel control,Power Consumption of Compressor,760,1670,1122,0,1,0x39ADA1,0x10,0xC3,W,0,2,1,2,-1,-1,-1,1,0,0,0,,40,0,0,"[{'no': 1, 'up_bound': 0, 'low_bound': 0, 'range_id': 0, 'range_label': None}]"
Freeze Frame Data,Fuel control,Power Consumption of SUB DCDC,770,1680,1123,0,1,0x39ADA1,0x10,0xC4,W,1,2,1,2,3,5,-1,1,0,0,0,,100,0,0,"[{'no': 1, 'up_bound': 0, 'low_bound': 0, 'range_id': 0, 'range_label': None}]"
Freeze Frame Data,Fuel control,Inhibit rear EV-TCL flag,780,1330,1125,0,1,0x39ADA1,0x10,0xC6,,1,2,1,2,7,1,-1,1,0,0,0,,1,0,0,"[{'no': 1, 'up_bound': 0, 'low_bound': 0, 'range_id': 0, 'range_label': None}]"
Freeze Frame Data,Fuel control,State of charge for control,790,2310,1127,0,1,0x39ADA1,0x10,0xC8,%,0,2,2,2,-1,-1,65504,1,0,0,0,,0.003125,-5,1,"[{'no': 1, 'up_bound': 0, 'low_bound': 0, 'range_id': 0, 'range_label': None}]"
Freeze Frame Data,Fuel control,Fail level 4,800,970,1128,0,1,0x39ADA1,0x10,0xC9,,1,2,1,2,7,1,-1,1,0,0,0,,1,0,0,"[{'no': 1, 'up_bound': 0, 'low_bound': 0, 'range_id': 0, 'range_label': None}]"
Freeze Frame Data,Fuel control,Front Motor fail,810,1040,1129,0,1,0x39ADA1,0x10,0xCA,,1,2,1,2,7,1,-1,1,0,0,0,,1,0,0,"[{'no': 1, 'up_bound': 0, 'low_bound': 0, 'range_id': 0, 'range_label': None}]"
Freeze Frame Data,Fuel control,Rear Motor fail,820,1790,1130,0,1,0x39ADA1,0x10,0xCB,,1,2,1,2,7,1,-1,1,0,0,0,,1,0,0,"[{'no': 1, 'up_bound': 0, 'low_bound': 0, 'range_id': 0, 'range_label': None}]"
Freeze Frame Data,Fuel control,Request of engine motoring request,830,1900,1131,0,1,0x39ADA1,0x10,0xCC,,1,2,1,2,6,2,-1,1,0,0,0,,1,0,0,"[{'no': 1, 'up_bound': 0, 'low_bound': 0, 'range_id': 0, 'range_label': None}]"
Freeze Frame Data,Fuel control,Request of low load operation for EGR monitor,840,1960,1132,0,1,0x39ADA1,0x10,0xCD,,1,2,1,2,7,1,-1,1,0,0,0,,1,0,0,"[{'no': 1, 'up_bound': 0, 'low_bound': 0, 'range_id': 0, 'range_label': None}]"
Freeze Frame Data,Fuel control,Request of forced fuel cut,850,1930,1133,0,1,0x39ADA1,0x10,0xCE,,1,2,1,2,6,2,-1,1,0,0,0,,1,0,0,"[{'no': 1, 'up_bound': 0, 'low_bound': 0, 'range_id': 0, 'range_label': None}]"
Freeze Frame Data,Fuel control,Request of forced engine running,860,1920,1134,0,1,0x39ADA1,0x10,0xCF,,1,2,1,2,7,1,-1,1,0,0,0,,1,0,0,"[{'no': 1, 'up_bound': 0, 'low_bound': 0, 'range_id': 0, 'range_label': None}]"
Freeze Frame Data,Fuel control,Minimum engine torque,870,1540,1135,0,1,0x39ADA1,0x10,0xD0,Nm,0,2,2,2,-1,-1,65528,1,0,0,0,,0.03125,-500,2,"[{'no': 1, 'up_bound': 0, 'low_bound': 0, 'range_id': 0, 'range_label': None}]"
Freeze Frame Data,Fuel control,Request of purge mode,880,1980,1136,0,1,0x39ADA1,0x10,0xD1,,1,2,1,2,5,3,-1,1,0,0,0,,1,0,0,"[{'no': 1, 'up_bound': 0, 'low_bound': 0, 'range_id': 0, 'range_label': None}]"
Freeze Frame Data,Fuel control,Engine coolant temperature,890,720,1137,0,1,0x39ADA1,0x10,0xD2,°C,0,2,1,2,-1,-1,-1,1,0,0,0,,1,-40,0,"[{'no': 1, 'up_bound': 0, 'low_bound': 0, 'range_id': 0, 'range_label': None}]"
Freeze Frame Data,Fuel control,Maximum engine torque,900,1480,1138,0,1,0x39ADA1,0x10,0xD3,Nm,0,2,2,2,-1,-1,65528,1,0,0,0,,0.03125,-500,2,"[{'no': 1, 'up_bound': 0, 'low_bound': 0, 'range_id': 0, 'range_label': None}]"
Freeze Frame Data,Fuel control,Backup DCL operation,910,150,1139,0,1,0x39ADA1,0x10,0xD4,,1,2,1,2,7,1,-1,1,0,0,0,,1,0,0,"[{'no': 1, 'up_bound': 0, 'low_bound': 0, 'range_id': 0, 'range_label': None}]"
Freeze Frame Data,Fuel control,Limp Home mode,920,1380,1140,0,1,0x39ADA1,0x10,0xD6,,1,2,1,2,5,3,-1,1,0,0,0,,1,0,0,"[{'no': 1, 'up_bound': 0, 'low_bound': 0, 'range_id': 0, 'range_label': None}]"
Freeze Frame Data,Fuel control,MAX APS voltage in Brake override,930,1420,1141,0,1,0x39ADA1,0x10,0xD7,V,0,2,2,2,-1,-1,65528,1,0,0,0,,0.000125,0,3,"[{'no': 1, 'up_bound': 0, 'low_bound': 0, 'range_id': 0, 'range_label': None}]"
Freeze Frame Data,Fuel control,Request of EV inhibition by coolant temp,940,1910,1142,0,1,0x39ADA1,0x10,0xD8,,1,2,1,2,7,1,-1,1,0,0,0,,1,0,0,"[{'no': 1, 'up_bound': 0, 'low_bound': 0, 'range_id': 0, 'range_label': None}]"
Freeze Frame Data,Fuel control,APS-OFF judgement,950,110,1143,0,1,0x39ADA1,0x10,0xD9,,1,2,1,2,7,1,-1,1,0,0,0,,1,0,0,"[{'no': 1, 'up_bound': 0, 'low_bound': 0, 'range_id': 0, 'range_label': None}]"
Freeze Frame Data,Fuel control,Parallel run check mode flag,960,1630,1144,0,1,0x39ADA1,0x10,0x2F,,1,2,1,2,7,1,-1,1,0,0,1000003,OFF,0,0,0,"[{'no': 1, 'up_bound': 0, 'low_bound': 0, 'range_id': 1000003, 'range_label': 'OFF'}, {'no': 2, 'up_bound': 1, 'low_bound': 1, 'range_id': 1000004, 'range_label': 'ON'}]"
Freeze Frame Data,Fuel control,Parallel run check flag(EOL),970,1620,1145,0,1,0x39ADA1,0x11,0x67,,1,2,1,2,7,1,-1,1,0,0,0,,1,0,0,"[{'no': 1, 'up_bound': 0, 'low_bound': 0, 'range_id': 0, 'range_label': None}]"
Freeze Frame Data,Fuel control,Vehicle speed for parallel mode check,980,2470,1146,0,1,0x39ADA1,0x10,0xDA,km/h,0,2,1,2,-1,-1,-1,1,0,0,0,,1,0,0,"[{'no': 1, 'up_bound': 0, 'low_bound': 0, 'range_id': 0, 'range_label': None}]"
Freeze Frame Data,Fuel control,Engine power limitation flag2,990,770,1147,0,1,0x39ADA1,0x10,0xDB,,1,2,1,2,7,1,-1,1,0,0,0,,1,0,0,"[{'no': 1, 'up_bound': 0, 'low_bound': 0, 'range_id': 0, 'range_label': None}]"
Freeze Frame Data,Fuel control,Engine power limitation flag3,1000,780,1148,0,1,0x39ADA1,0x10,0xDC,,1,2,1,2,7,1,-1,1,0,0,0,,1,0,0,"[{'no': 1, 'up_bound': 0, 'low_bound': 0, 'range_id': 0, 'range_label': None}]"
Freeze Frame Data,Fuel control,Raw quantity of total fuel,1010,1730,1149,0,1,0x39ADA1,0x10,0xDD,ohm,0,2,2,2,-1,-1,65472,1,0,0,0,,0.015625,0,0,"[{'no': 1, 'up_bound': 0, 'low_bound': 0, 'range_id': 0, 'range_label': None}]"
Freeze Frame Data,Fuel control,Display rate of fuel gauge,1020,570,1150,0,1,0x39ADA1,0x10,0xDE,%,0,2,1,2,-1,-1,-1,1,0,0,0,,1,-63,0,"[{'no': 1, 'up_bound': 0, 'low_bound': 0, 'range_id': 0, 'range_label': None}]"
Freeze Frame Data,Fuel control,Engine compression measurement flag,1030,710,1151,0,1,0x39ADA1,0x10,0xDF,,1,2,1,2,7,1,-1,1,0,0,0,,1,0,0,"[{'no': 1, 'up_bound': 0, 'low_bound': 0, 'range_id': 0, 'range_label': None}]"
Freeze Frame Data,Fuel control,Request of GPF heating,1040,1950,1152,0,1,0x39ADA1,0x10,0xE0,,1,2,1,2,7,1,-1,1,0,0,0,,1,0,0,"[{'no': 1, 'up_bound': 0, 'low_bound': 0, 'range_id': 0, 'range_label': None}]"
Freeze Frame Data,Fuel control,Request of fuel maintenance mode,1050,1940,1153,0,1,0x39ADA1,0x10,0xE1,,1,2,1,2,7,1,-1,1,0,0,0,,1,0,0,"[{'no': 1, 'up_bound': 0, 'low_bound': 0, 'range_id': 0, 'range_label': None}]"
Freeze Frame Data,Fuel control,Inhibit regeneration brake flag,1060,1340,1154,0,1,0x39ADA1,0x10,0xE2,,1,2,1,2,7,1,-1,1,0,0,0,,1,0,0,"[{'no': 1, 'up_bound': 0, 'low_bound': 0, 'range_id': 0, 'range_label': None}]"
Freeze Frame Data,Fuel control,Brake pedal stroke sensor abnormality flag,1070,290,1155,0,1,0x39ADA1,0x10,0xE3,,1,2,1,2,7,1,-1,1,0,0,0,,1,0,0,"[{'no': 1, 'up_bound': 0, 'low_bound': 0, 'range_id': 0, 'range_label': None}]"
Freeze Frame Data,Fuel control,Engine friction torque,1080,750,1156,0,1,0x39ADA1,0x10,0xE4,Nm,0,2,2,2,-1,-1,65528,1,0,0,0,,0.03125,-500,2,"[{'no': 1, 'up_bound': 0, 'low_bound': 0, 'range_id': 0, 'range_label': None}]"
Freeze Frame Data,Fuel control,PWT Power Limitation Alert,1090,1710,1157,0,1,0x39ADA1,0x10,0xE6,,1,2,1,2,7,1,-1,1,0,0,0,,1,0,0,"[{'no': 1, 'up_bound': 0, 'low_bound': 0, 'range_id': 0, 'range_label': None}]"
Freeze Frame Data,Fuel control,IGBT drive flag when Not shift P,1100,1250,1158,0,1,0x39ADA1,0x10,0xE9,,1,2,1,2,7,1,-1,1,0,0,0,,1,0,0,"[{'no': 1, 'up_bound': 0, 'low_bound': 0, 'range_id': 0, 'range_label': None}]"
Freeze Frame Data,Fuel control,Engine fail level,1110,740,1159,0,1,0x39ADA1,0x10,0xEA,,1,2,1,2,5,3,-1,1,0,0,0,,1,0,0,"[{'no': 1, 'up_bound': 0, 'low_bound': 0, 'range_id': 0, 'range_label': None}]"
Freeze Frame Data,Fuel control,DC/DC Converter Output Current,1120,550,1160,0,1,0x39ADA1,0x10,0xEB,A,0,2,1,2,-1,-1,-1,1,0,0,0,,1,0,0,"[{'no': 1, 'up_bound': 0, 'low_bound': 0, 'range_id': 0, 'range_label': None}]"
Freeze Frame Data,Fuel control,DC/DC Converter Output Voltage,1130,560,1161,0,1,0x39ADA1,0x10,0xEC,V,0,2,2,2,-1,-1,65504,1,0,0,0,,0.0003125,0,2,"[{'no': 1, 'up_bound': 0, 'low_bound': 0, 'range_id': 0, 'range_label': None}]"
Freeze Frame Data,Fuel control,VCU max available drive power,1140,2440,1162,0,1,0x39ADA1,0x10,0xF1,kW,0,2,2,2,-1,-1,65472,1,0,0,0,,0.0015625,0,1,"[{'no': 1, 'up_bound': 0, 'low_bound': 0, 'range_id': 0, 'range_label': None}]"
Freeze Frame Data,Fuel control,VCU max available regeneration power,1150,2450,1163,0,1,0x39ADA1,0x10,0xF2,kW,0,2,2,2,-1,-1,65472,1,0,0,0,,0.0015625,0,1,"[{'no': 1, 'up_bound': 0, 'low_bound': 0, 'range_id': 0, 'range_label': None}]"
Freeze Frame Data,Fuel control,Low fuel level estimated by engine ECU,1160,1400,1164,0,1,0x39ADA1,0x10,0xF3,,1,2,1,2,7,1,-1,1,0,0,0,,1,0,0,"[{'no': 1, 'up_bound': 0, 'low_bound': 0, 'range_id': 0, 'range_label': None}]"
Freeze Frame Data,Fuel control,Request of operation for MF monitor,1170,1970,1165,0,1,0x39ADA1,0x10,0xF4,,1,2,1,2,7,1,-1,1,0,0,0,,1,0,0,"[{'no': 1, 'up_bound': 0, 'low_bound': 0, 'range_id': 0, 'range_label': None}]"
Freeze Frame Data,Fuel control,Engine drive for the regeneration brake compensation equipment,1180,730,1166,0,1,0x39ADA1,0x10,0xF5,,1,2,1,2,7,1,-1,1,0,0,0,,1,0,0,"[{'no': 1, 'up_bound': 0, 'low_bound': 0, 'range_id': 0, 'range_label': None}]"
Freeze Frame Data,Fuel control,Elec Brake Wheel Torque Request,1190,700,1167,0,1,0x39ADA1,0x10,0xF6,Nm,0,2,2,2,-1,-1,65528,1,0,0,0,,0.125,0,0,"[{'no': 1, 'up_bound': 0, 'low_bound': 0, 'range_id': 0, 'range_label': None}]"
Freeze Frame Data,Fuel control,ESB abnormality flag,1200,870,1168,0,1,0x39ADA1,0x10,0xF7,,1,2,1,2,7,1,-1,1,0,0,0,,1,0,0,"[{'no': 1, 'up_bound': 0, 'low_bound': 0, 'range_id': 0, 'range_label': None}]"
Freeze Frame Data,Fuel control,Backup DCL2 equipment flag,1210,160,1170,0,1,0x39ADA1,0x10,0xF9,,1,2,1,2,7,1,-1,1,0,0,0,,1,0,0,"[{'no': 1, 'up_bound': 0, 'low_bound': 0, 'range_id': 0, 'range_label': None}]"
Freeze Frame Data,Fuel control,ASC Stand Still Status,1220,140,1171,0,1,0x39ADA1,0x10,0xFA,,1,2,1,2,5,3,-1,1,0,0,0,,1,0,0,"[{'no': 1, 'up_bound': 0, 'low_bound': 0, 'range_id': 0, 'range_label': None}]"
Freeze Frame Data,Fuel control,Battery Maximum Input Power,1230,250,1172,0,1,0x39ADA1,0x10,0xFE,kW,0,2,2,2,-1,-1,65472,1,0,0,0,,0.00390625,0,2,"[{'no': 1, 'up_bound': 0, 'low_bound': 0, 'range_id': 0, 'range_label': None}]"
Freeze Frame Data,Fuel control,Battery Maximum Output Power,1240,260,1173,0,1,0x39ADA1,0x10,0xFF,kW,0,2,2,2,-1,-1,65472,1,0,0,0,,0.00390625,0,2,"[{'no': 1, 'up_bound': 0, 'low_bound': 0, 'range_id': 0, 'range_label': None}]"
Freeze Frame Data,Fuel control,Front motor speed limit level,1250,1090,1174,0,1,0x39ADA1,0x11,0x4,,1,2,1,2,6,2,-1,1,0,0,0,,1,0,0,"[{'no': 1, 'up_bound': 0, 'low_bound': 0, 'range_id': 0, 'range_label': None}]"
Freeze Frame Data,Fuel control,Rear motor speed limit level,1260,1830,1175,0,1,0x39ADA1,0x11,0x5,,1,2,1,2,6,2,-1,1,0,0,0,,1,0,0,"[{'no': 1, 'up_bound': 0, 'low_bound': 0, 'range_id': 0, 'range_label': None}]"
Freeze Frame Data,Fuel control,Front motor Torque available,1270,1100,1176,0,1,0x39ADA1,0x11,0x6,Nm,0,2,2,2,-1,-1,65520,1,0,0,0,,0.00625,0,1,"[{'no': 1, 'up_bound': 0, 'low_bound': 0, 'range_id': 0, 'range_label': None}]"
Freeze Frame Data,Fuel control,Rear motor Torque available,1280,1840,1177,0,1,0x39ADA1,0x11,0x7,Nm,0,2,2,2,-1,-1,65520,1,0,0,0,,0.00625,0,1,"[{'no': 1, 'up_bound': 0, 'low_bound': 0, 'range_id': 0, 'range_label': None}]"
Freeze Frame Data,Fuel control,Generator Torque available,1290,1230,1178,0,1,0x39ADA1,0x11,0x8,Nm,0,2,2,2,-1,-1,65520,1,0,0,0,,0.00625,0,1,"[{'no': 1, 'up_bound': 0, 'low_bound': 0, 'range_id': 0, 'range_label': None}]"
Freeze Frame Data,Fuel control,Stop Torque judgement,1300,2360,1179,0,1,0x39ADA1,0x11,0x9,,1,2,1,2,7,1,-1,1,0,0,0,,1,0,0,"[{'no': 1, 'up_bound': 0, 'low_bound': 0, 'range_id': 0, 'range_label': None}]"
Freeze Frame Data,Fuel control,Inhibit series and parallel judgement,1310,1350,1180,0,1,0x39ADA1,0x11,0xA,,1,2,1,2,7,1,-1,1,0,0,0,,1,0,0,"[{'no': 1, 'up_bound': 0, 'low_bound': 0, 'range_id': 0, 'range_label': None}]"
Freeze Frame Data,Fuel control,Inhibit parallel judgement,1320,1310,1181,0,1,0x39ADA1,0x11,0xB,,1,2,1,2,7,1,-1,1,0,0,0,,1,0,0,"[{'no': 1, 'up_bound': 0, 'low_bound': 0, 'range_id': 0, 'range_label': None}]"
Freeze Frame Data,Fuel control,Battery Input Power Status,1330,230,1182,0,1,0x39ADA1,0x11,0xC,,1,2,1,2,6,2,-1,1,0,0,0,,1,0,0,"[{'no': 1, 'up_bound': 0, 'low_bound': 0, 'range_id': 0, 'range_label': None}]"
Freeze Frame Data,Fuel control,Battery Output Power Status,1340,270,1183,0,1,0x39ADA1,0x11,0xD,,1,2,1,2,6,2,-1,1,0,0,0,,1,0,0,"[{'no': 1, 'up_bound': 0, 'low_bound': 0, 'range_id': 0, 'range_label': None}]"
Freeze Frame Data,Fuel control,SOP coefficient,1350,2300,1184,0,1,0x39ADA1,0x11,0xE,,1,2,1,2,1,7,-1,1,0,0,0,,1,0,0,"[{'no': 1, 'up_bound': 0, 'low_bound': 0, 'range_id': 0, 'range_label': None}]"
Freeze Frame Data,Fuel control,Front motor loss,1360,1050,1185,0,1,0x39ADA1,0x11,0xF,kW,0,2,1,2,-1,-1,-1,1,0,0,0,,0.1,0,1,"[{'no': 1, 'up_bound': 0, 'low_bound': 0, 'range_id': 0, 'range_label': None}]"
Freeze Frame Data,Fuel control,VCU Loss,1370,2430,1186,0,1,0x39ADA1,0x11,0x10,kW,0,2,1,2,-1,-1,-1,1,0,0,0,,0.1,0,1,"[{'no': 1, 'up_bound': 0, 'low_bound': 0, 'range_id': 0, 'range_label': None}]"
Freeze Frame Data,Fuel control,Generator loss,1380,1190,1187,0,1,0x39ADA1,0x11,0x11,kW,0,2,1,2,-1,-1,-1,1,0,0,0,,0.1,0,1,"[{'no': 1, 'up_bound': 0, 'low_bound': 0, 'range_id': 0, 'range_label': None}]"
Freeze Frame Data,Fuel control,Rear motor loss,1390,1800,1188,0,1,0x39ADA1,0x11,0x12,kW,0,2,1,2,-1,-1,-1,1,0,0,0,,0.1,0,1,"[{'no': 1, 'up_bound': 0, 'low_bound': 0, 'range_id': 0, 'range_label': None}]"
Freeze Frame Data,Fuel control,Front Motor Torque Request,1400,1110,1189,0,1,0x39ADA1,0x11,0x13,Nm,0,2,2,2,-1,-1,65534,1,0,0,0,,0.05,-1000,1,"[{'no': 1, 'up_bound': 0, 'low_bound': 0, 'range_id': 0, 'range_label': None}]"
Freeze Frame Data,Fuel control,Rear Motor Torque Request,1410,1850,1190,0,1,0x39ADA1,0x11,0x14,Nm,0,2,2,2,-1,-1,65534,1,0,0,0,,0.05,-1000,1,"[{'no': 1, 'up_bound': 0, 'low_bound': 0, 'range_id': 0, 'range_label': None}]"
Freeze Frame Data,Fuel control,Generator Torque Request,1420,1240,1191,0,1,0x39ADA1,0x11,0x15,Nm,0,2,2,2,-1,-1,65534,1,0,0,0,,0.05,-1000,1,"[{'no': 1, 'up_bound': 0, 'low_bound': 0, 'range_id': 0, 'range_label': None}]"
Freeze Frame Data,Fuel control,Engine Torque Request,1430,860,1192,0,1,0x39ADA1,0x11,0x16,Nm,0,2,2,2,-1,-1,-1,1,0,0,0,,0.015625,-500,2,"[{'no': 1, 'up_bound': 0, 'low_bound': 0, 'range_id': 0, 'range_label': None}]"
Freeze Frame Data,Fuel control,Fuel cut request,1440,1130,1193,0,1,0x39ADA1,0x11,0x17,,1,2,1,2,7,1,-1,1,0,0,0,,1,0,0,"[{'no': 1, 'up_bound': 0, 'low_bound': 0, 'range_id': 0, 'range_label': None}]"
Freeze Frame Data,Fuel control,Request electric current clutch opening or closing,1450,1880,1194,0,1,0x39ADA1,0x11,0x18,A,1,2,1,2,1,7,-1,1,0,0,0,,0.01,0,2,"[{'no': 1, 'up_bound': 0, 'low_bound': 0, 'range_id': 0, 'range_label': None}]"
Freeze Frame Data,Fuel control,Cranking request,1460,530,1195,0,1,0x39ADA1,0x11,0x19,,1,2,1,2,7,1,-1,1,0,0,0,,1,0,0,"[{'no': 1, 'up_bound': 0, 'low_bound': 0, 'range_id': 0, 'range_label': None}]"
Freeze Frame Data,Fuel control,Engine stop request flag,1470,840,1196,0,1,0x39ADA1,0x11,0x1A,,1,2,1,2,7,1,-1,1,0,0,0,,1,0,0,"[{'no': 1, 'up_bound': 0, 'low_bound': 0, 'range_id': 0, 'range_label': None}]"
Freeze Frame Data,Fuel control,Series mode judgement,1480,2040,1197,0,1,0x39ADA1,0x11,0x1B,,1,2,1,2,7,1,-1,1,0,0,0,,1,0,0,"[{'no': 1, 'up_bound': 0, 'low_bound': 0, 'range_id': 0, 'range_label': None}]"
Freeze Frame Data,Fuel control,Parallel mode judgement,1490,1610,1198,0,1,0x39ADA1,0x11,0x1C,,1,2,1,2,7,1,-1,1,0,0,0,,1,0,0,"[{'no': 1, 'up_bound': 0, 'low_bound': 0, 'range_id': 0, 'range_label': None}]"
Freeze Frame Data,Fuel control,Engine start status,1500,820,1199,0,1,0x39ADA1,0x11,0x1D,,1,2,1,2,7,1,-1,1,0,0,0,,1,0,0,"[{'no': 1, 'up_bound': 0, 'low_bound': 0, 'range_id': 0, 'range_label': None}]"
Freeze Frame Data,Fuel control,Parallel start judgement flag,1510,1640,1200,0,1,0x39ADA1,0x11,0x1E,,1,2,1,2,7,1,-1,1,0,0,0,,1,0,0,"[{'no': 1, 'up_bound': 0, 'low_bound': 0, 'range_id': 0, 'range_label': None}]"
Freeze Frame Data,Fuel control,Clutch closing judgement flag,1520,410,1201,0,1,0x39ADA1,0x11,0x1F,,1,2,1,2,7,1,-1,1,0,0,0,,1,0,0,"[{'no': 1, 'up_bound': 0, 'low_bound': 0, 'range_id': 0, 'range_label': None}]"
Freeze Frame Data,Fuel control,Clutch slipping judgement flag,1530,460,1202,0,1,0x39ADA1,0x11,0x20,,1,2,1,2,7,1,-1,1,0,0,0,,1,0,0,"[{'no': 1, 'up_bound': 0, 'low_bound': 0, 'range_id': 0, 'range_label': None}]"
Freeze Frame Data,Fuel control,Clutch opening judgement flag,1540,450,1203,0,1,0x39ADA1,0x11,0x21,,1,2,1,2,7,1,-1,1,0,0,0,,1,0,0,"[{'no': 1, 'up_bound': 0, 'low_bound': 0, 'range_id': 0, 'range_label': None}]"
Freeze Frame Data,Fuel control,Parallel end judgement flag,1550,1600,1204,0,1,0x39ADA1,0x11,0x22,,1,2,1,2,7,1,-1,1,0,0,0,,1,0,0,"[{'no': 1, 'up_bound': 0, 'low_bound': 0, 'range_id': 0, 'range_label': None}]"
Freeze Frame Data,Fuel control,Torque shift flag,1560,2420,1205,0,1,0x39ADA1,0x11,0x23,,1,2,1,2,7,1,-1,1,0,0,0,,1,0,0,"[{'no': 1, 'up_bound': 0, 'low_bound': 0, 'range_id': 0, 'range_label': None}]"
Freeze Frame Data,Fuel control,Estimated APS voltage from Torque,1570,890,1206,0,1,0x39ADA1,0x11,0x25,V,0,2,2,2,-1,-1,65408,1,0,0,0,,0.000078125,0,2,"[{'no': 1, 'up_bound': 0, 'low_bound': 0, 'range_id': 0, 'range_label': None}]"
Freeze Frame Data,Fuel control,Driver request torque for ASC,1580,610,1207,0,1,0x39ADA1,0x11,0x26,Nm,0,2,2,2,-1,-1,-1,1,0,0,0,,0.2,-5000,1,"[{'no': 1, 'up_bound': 0, 'low_bound': 0, 'range_id': 0, 'range_label': None}]"
Freeze Frame Data,Fuel control,Estimated actual torque for ASC,1590,880,1208,0,1,0x39ADA1,0x11,0x27,Nm,0,2,2,2,-1,-1,-1,1,0,0,0,,0.2,-5000,1,"[{'no': 1, 'up_bound': 0, 'low_bound': 0, 'range_id': 0, 'range_label': None}]"
Freeze Frame Data,Fuel control,MAX torque for ASC,1600,1460,1209,0,1,0x39ADA1,0x11,0x28,Nm,0,2,2,2,-1,-1,-1,1,0,0,0,,0.2,-5000,1,"[{'no': 1, 'up_bound': 0, 'low_bound': 0, 'range_id': 0, 'range_label': None}]"
Freeze Frame Data,Fuel control,MIN torque for ASC,1610,1520,1210,0,1,0x39ADA1,0x11,0x29,Nm,0,2,2,2,-1,-1,-1,1,0,0,0,,0.2,-5000,1,"[{'no': 1, 'up_bound': 0, 'low_bound': 0, 'range_id': 0, 'range_label': None}]"
Freeze Frame Data,Fuel control,Catalyst W/U termination request,1620,320,1211,0,1,0x39ADA1,0x11,0x2A,,1,2,1,2,7,1,-1,1,0,0,0,,1,0,0,"[{'no': 1, 'up_bound': 0, 'low_bound': 0, 'range_id': 0, 'range_label': None}]"
Freeze Frame Data,Fuel control,Driver Wheel Torque Request for ADAS,1630,660,1212,0,1,0x39ADA1,0x11,0x2B,Nm,0,2,2,2,-1,-1,65534,1,0,0,0,,0.05,-1000,1,"[{'no': 1, 'up_bound': 0, 'low_bound': 0, 'range_id': 0, 'range_label': None}]"
Freeze Frame Data,Fuel control,Front MCU IGBT drive request,1640,1030,1213,0,1,0x39ADA1,0x11,0x2C,,1,2,1,2,7,1,-1,1,0,0,0,,1,0,0,"[{'no': 1, 'up_bound': 0, 'low_bound': 0, 'range_id': 0, 'range_label': None}]"
Freeze Frame Data,Fuel control,Rear MCU IGBT drive request,1650,1780,1214,0,1,0x39ADA1,0x11,0x2D,,1,2,1,2,7,1,-1,1,0,0,0,,1,0,0,"[{'no': 1, 'up_bound': 0, 'low_bound': 0, 'range_id': 0, 'range_label': None}]"
Freeze Frame Data,Fuel control,Overcurrent shutdown judgement flag,1660,1590,1215,0,1,0x39ADA1,0x11,0x2E,,1,2,1,2,7,1,-1,1,0,0,0,,1,0,0,"[{'no': 1, 'up_bound': 0, 'low_bound': 0, 'range_id': 0, 'range_label': None}]"
Freeze Frame Data,Fuel control,Estimated vehicle speed,1670,910,1216,0,1,0x39ADA1,0x10,0x44,km/h,0,2,1,2,-1,-1,-1,1,0,0,0,,1,0,0,"[{'no': 1, 'up_bound': 0, 'low_bound': 0, 'range_id': 0, 'range_label': None}]"
Freeze Frame Data,Fuel control,GCU only driven judgement flag,1680,1170,1217,0,1,0x39ADA1,0x11,0x30,,1,2,1,2,7,1,-1,1,0,0,0,,1,0,0,"[{'no': 1, 'up_bound': 0, 'low_bound': 0, 'range_id': 0, 'range_label': None}]"
Freeze Frame Data,Fuel control,Multi drive mode,1690,1550,1218,0,1,0x39ADA1,0x11,0x31,,0,2,1,2,-1,-1,-1,1,0,0,0,,1,0,0,"[{'no': 1, 'up_bound': 0, 'low_bound': 0, 'range_id': 0, 'range_label': None}]"
Freeze Frame Data,Fuel control,Actual generator torque,1700,80,1219,0,1,0x39ADA1,0x11,0x32,Nm,0,2,2,2,-1,-1,65504,1,0,0,0,,0.0078125,-250,2,"[{'no': 1, 'up_bound': 0, 'low_bound': 0, 'range_id': 0, 'range_label': None}]"
Freeze Frame Data,Fuel control,CS transition by SOC judgment flag,1710,540,1220,0,1,0x39ADA1,0x11,0x33,,1,2,1,2,7,1,-1,1,0,0,0,,1,0,0,"[{'no': 1, 'up_bound': 0, 'low_bound': 0, 'range_id': 0, 'range_label': None}]"
Freeze Frame Data,Fuel control,Gain by Front MCU capacitor voltage,1720,1140,1221,0,1,0x39ADA1,0x11,0x34,,0,2,2,2,-1,-1,65472,1,0,0,0,,0.000015625,0,3,"[{'no': 1, 'up_bound': 0, 'low_bound': 0, 'range_id': 0, 'range_label': None}]"
Freeze Frame Data,Fuel control,Gain by Rear MCU capacitor voltage,1730,1150,1222,0,1,0x39ADA1,0x11,0x35,,0,2,2,2,-1,-1,65472,1,0,0,0,,0.000015625,0,3,"[{'no': 1, 'up_bound': 0, 'low_bound': 0, 'range_id': 0, 'range_label': None}]"
Freeze Frame Data,Fuel control,Battery control mode status,1740,210,1223,0,1,0x39ADA1,0x11,0x36,,1,2,1,2,5,3,-1,1,0,0,0,,1,0,0,"[{'no': 1, 'up_bound': 0, 'low_bound': 0, 'range_id': 0, 'range_label': None}]"
Freeze Frame Data,Fuel control,Inhibit parallel judgement by low fuel level,1750,1320,1224,0,1,0x39ADA1,0x11,0x37,,1,2,1,2,7,1,-1,1,0,0,0,,1,0,0,"[{'no': 1, 'up_bound': 0, 'low_bound': 0, 'range_id': 0, 'range_label': None}]"
Freeze Frame Data,Fuel control,Inhibit series judgement by low fuel level,1760,1360,1225,0,1,0x39ADA1,0x11,0x38,,1,2,1,2,7,1,-1,1,0,0,0,,1,0,0,"[{'no': 1, 'up_bound': 0, 'low_bound': 0, 'range_id': 0, 'range_label': None}]"
Freeze Frame Data,Fuel control,Front axle request torque,1770,1000,1226,0,1,0x39ADA1,0x11,0x39,Nm,0,2,2,2,-1,-1,-1,1,0,0,0,,0.2,-5000,1,"[{'no': 1, 'up_bound': 0, 'low_bound': 0, 'range_id': 0, 'range_label': None}]"
Freeze Frame Data,Fuel control,Rear axle request torque,1780,1750,1227,0,1,0x39ADA1,0x11,0x3A,Nm,0,2,2,2,-1,-1,-1,1,0,0,0,,0.2,-5000,1,"[{'no': 1, 'up_bound': 0, 'low_bound': 0, 'range_id': 0, 'range_label': None}]"
Freeze Frame Data,Fuel control,Clutch ON fix abnormality flag,1790,430,1228,0,1,0x39ADA1,0x11,0x3B,,1,2,1,2,7,1,-1,1,0,0,0,,1,0,0,"[{'no': 1, 'up_bound': 0, 'low_bound': 0, 'range_id': 0, 'range_label': None}]"
Freeze Frame Data,Fuel control,Clutch OFF fix abnormality flag,1800,420,1229,0,1,0x39ADA1,0x11,0x3C,,1,2,1,2,7,1,-1,1,0,0,0,,1,0,0,"[{'no': 1, 'up_bound': 0, 'low_bound': 0, 'range_id': 0, 'range_label': None}]"
Freeze Frame Data,Fuel control,Clutch ON fix abnormality RESET flag,1810,440,1230,0,1,0x39ADA1,0x11,0x3D,,1,2,1,2,7,1,-1,1,0,0,0,,1,0,0,"[{'no': 1, 'up_bound': 0, 'low_bound': 0, 'range_id': 0, 'range_label': None}]"
Freeze Frame Data,Fuel control,Driver request torque after Vehicle Speed limitation,1820,590,1231,0,1,0x39ADA1,0x11,0x3E,Nm,0,2,2,2,-1,-1,-1,1,0,0,0,,0.2,-5000,1,"[{'no': 1, 'up_bound': 0, 'low_bound': 0, 'range_id': 0, 'range_label': None}]"
Freeze Frame Data,Fuel control,MAX Driver request torque,1830,1430,1232,0,1,0x39ADA1,0x11,0x3F,Nm,0,2,2,2,-1,-1,-1,1,0,0,0,,0.2,-5000,1,"[{'no': 1, 'up_bound': 0, 'low_bound': 0, 'range_id': 0, 'range_label': None}]"
Freeze Frame Data,Fuel control,MIN Driver request torque,1840,1490,1233,0,1,0x39ADA1,0x11,0x40,Nm,0,2,2,2,-1,-1,-1,1,0,0,0,,0.2,-5000,1,"[{'no': 1, 'up_bound': 0, 'low_bound': 0, 'range_id': 0, 'range_label': None}]"
Freeze Frame Data,Fuel control,ASC front axle torque limitation request flag,1850,120,1234,0,1,0x39ADA1,0x11,0x41,,1,2,1,2,7,1,-1,1,0,0,0,,1,0,0,"[{'no': 1, 'up_bound': 0, 'low_bound': 0, 'range_id': 0, 'range_label': None}]"
Freeze Frame Data,Fuel control,ASC rear axle torque limitation request flag,1860,130,1235,0,1,0x39ADA1,0x11,0x42,,1,2,1,2,7,1,-1,1,0,0,0,,1,0,0,"[{'no': 1, 'up_bound': 0, 'low_bound': 0, 'range_id': 0, 'range_label': None}]"
Freeze Frame Data,Fuel control,Rear TCL ON flag,1870,1860,1236,0,1,0x39ADA1,0x11,0x43,,1,2,1,2,7,1,-1,1,0,0,0,,1,0,0,"[{'no': 1, 'up_bound': 0, 'low_bound': 0, 'range_id': 0, 'range_label': None}]"
Freeze Frame Data,Fuel control,Front DCL ON flag,1880,1010,1237,0,1,0x39ADA1,0x11,0x44,,1,2,1,2,7,1,-1,1,0,0,0,,1,0,0,"[{'no': 1, 'up_bound': 0, 'low_bound': 0, 'range_id': 0, 'range_label': None}]"
Freeze Frame Data,Fuel control,Rear DCL ON flag,1890,1760,1238,0,1,0x39ADA1,0x11,0x45,,1,2,1,2,7,1,-1,1,0,0,0,,1,0,0,"[{'no': 1, 'up_bound': 0, 'low_bound': 0, 'range_id': 0, 'range_label': None}]"
Freeze Frame Data,Fuel control,Engine regeneration mode,1900,790,1239,0,1,0x39ADA1,0x11,0x46,,1,2,1,2,7,1,-1,1,0,0,0,,1,0,0,"[{'no': 1, 'up_bound': 0, 'low_bound': 0, 'range_id': 0, 'range_label': None}]"
Freeze Frame Data,Fuel control,SAVE mode judgement flag,1910,2030,1240,0,1,0x39ADA1,0x11,0x47,,1,2,1,2,7,1,-1,1,0,0,0,,1,0,0,"[{'no': 1, 'up_bound': 0, 'low_bound': 0, 'range_id': 0, 'range_label': None}]"
Freeze Frame Data,Fuel control,Target SOC in CS,1920,2410,1241,0,1,0x39ADA1,0x11,0x48,%,1,2,1,2,1,7,-1,1,0,0,0,,1,0,0,"[{'no': 1, 'up_bound': 0, 'low_bound': 0, 'range_id': 0, 'range_label': None}]"
Freeze Frame Data,Fuel control,Estimated APS voltage from Torque change judgement,1930,900,1242,0,1,0x39ADA1,0x11,0x49,,1,2,1,2,7,1,-1,1,0,0,0,,1,0,0,"[{'no': 1, 'up_bound': 0, 'low_bound': 0, 'range_id': 0, 'range_label': None}]"
Freeze Frame Data,Fuel control,Estimated wheel torque,1940,920,1243,0,1,0x39ADA1,0x11,0x4A,Nm,0,2,2,2,-1,-1,-1,1,0,0,0,,0.2,-5000,1,"[{'no': 1, 'up_bound': 0, 'low_bound': 0, 'range_id': 0, 'range_label': None}]"
Freeze Frame Data,Fuel control,Driver request torque by APS,1950,600,1244,0,1,0x39ADA1,0x11,0x4B,Nm,0,2,2,2,-1,-1,-1,1,0,0,0,,0.2,-5000,1,"[{'no': 1, 'up_bound': 0, 'low_bound': 0, 'range_id': 0, 'range_label': None}]"
Freeze Frame Data,Fuel control,Regeneration Gain by paddle shift position,1960,1870,1245,0,1,0x39ADA1,0x11,0x4C,Nm,0,2,2,2,-1,-1,65408,1,0,0,0,,0.000078125,0,2,"[{'no': 1, 'up_bound': 0, 'low_bound': 0, 'range_id': 0, 'range_label': None}]"
Freeze Frame Data,Fuel control,Driver request torque when APS OFF,1970,620,1246,0,1,0x39ADA1,0x11,0x4D,Nm,0,2,2,2,-1,-1,-1,1,0,0,0,,0.2,-5000,1,"[{'no': 1, 'up_bound': 0, 'low_bound': 0, 'range_id': 0, 'range_label': None}]"
Freeze Frame Data,Fuel control,Elec Brake Wheel Torque Applied,1980,690,1247,0,1,0x39ADA1,0x11,0x4E,Nm,0,2,2,2,-1,-1,-1,1,0,0,0,,0.2,-5000,1,"[{'no': 1, 'up_bound': 0, 'low_bound': 0, 'range_id': 0, 'range_label': None}]"
Freeze Frame Data,Fuel control,Elec Brake Wheel Max Potential Torque,1990,680,1248,0,1,0x39ADA1,0x11,0x4F,Nm,0,2,2,2,-1,-1,-1,1,0,0,0,,0.2,-5000,1,"[{'no': 1, 'up_bound': 0, 'low_bound': 0, 'range_id': 0, 'range_label': None}]"
Freeze Frame Data,Fuel control,RPM difference between upper and lower of clutch,2000,2010,1249,0,1,0x39ADA1,0x11,0x51,r/min,0,2,2,2,-1,-1,65532,1,0,0,0,,0.25,0,0,"[{'no': 1, 'up_bound': 0, 'low_bound': 0, 'range_id': 0, 'range_label': None}]"
Freeze Frame Data,Fuel control,Front Motor rpm after filter,2010,1070,1250,0,1,0x39ADA1,0x11,0x52,r/min,0,2,2,2,-1,-1,-1,1,0,0,0,,1,-20000,0,"[{'no': 1, 'up_bound': 0, 'low_bound': 0, 'range_id': 0, 'range_label': None}]"
Freeze Frame Data,Fuel control,Request engine torque feedback compensation quantity,2020,1890,1251,0,1,0x39ADA1,0x11,0x53,Nm,0,2,2,2,-1,-1,-1,1,0,0,0,,0.001,-32.768,3,"[{'no': 1, 'up_bound': 0, 'low_bound': 0, 'range_id': 0, 'range_label': None}]"
Freeze Frame Data,Fuel control,CHG mode judgement,2030,400,1252,0,1,0x39ADA1,0x11,0x54,,1,2,1,2,7,1,-1,1,0,0,0,,1,0,0,"[{'no': 1, 'up_bound': 0, 'low_bound': 0, 'range_id': 0, 'range_label': None}]"
Freeze Frame Data,Fuel control,Stop anti-oscillation control of motor,2040,2350,1253,0,1,0x39ADA1,0x11,0x55,,1,2,1,2,7,1,-1,1,0,0,0,,1,0,0,"[{'no': 1, 'up_bound': 0, 'low_bound': 0, 'range_id': 0, 'range_label': None}]"
Freeze Frame Data,Fuel control,Request vehicle drive torque,2050,1990,1254,0,1,0x39ADA1,0x11,0x56,Nm,0,2,2,2,-1,-1,-1,1,0,0,0,,0.2,-5000,1,"[{'no': 1, 'up_bound': 0, 'low_bound': 0, 'range_id': 0, 'range_label': None}]"
Freeze Frame Data,Fuel control,Target GCU rpm,2060,2400,1255,0,1,0x39ADA1,0x11,0x57,r/min,0,2,2,2,-1,-1,-1,1,0,0,0,,1,-20000,0,"[{'no': 1, 'up_bound': 0, 'low_bound': 0, 'range_id': 0, 'range_label': None}]"
Freeze Frame Data,Fuel control,Generate electricity power target,2070,1180,1256,0,1,0x39ADA1,0x11,0x58,kW,0,2,2,2,-1,-1,65472,1,0,0,0,,0.0015625,0,1,"[{'no': 1, 'up_bound': 0, 'low_bound': 0, 'range_id': 0, 'range_label': None}]"
Freeze Frame Data,Fuel control,MAX vehicle drive torque,2080,1470,1257,0,1,0x39ADA1,0x11,0x59,Nm,0,2,2,2,-1,-1,-1,1,0,0,0,,0.2,-5000,1,"[{'no': 1, 'up_bound': 0, 'low_bound': 0, 'range_id': 0, 'range_label': None}]"
Freeze Frame Data,Fuel control,MIN vehicle drive torque,2090,1530,1258,0,1,0x39ADA1,0x11,0x5A,Nm,0,2,2,2,-1,-1,-1,1,0,0,0,,0.2,-5000,1,"[{'no': 1, 'up_bound': 0, 'low_bound': 0, 'range_id': 0, 'range_label': None}]"
Freeze Frame Data,Fuel control,MAX front axle torque,2100,1440,1259,0,1,0x39ADA1,0x11,0x5B,Nm,0,2,2,2,-1,-1,-1,1,0,0,0,,0.2,-5000,1,"[{'no': 1, 'up_bound': 0, 'low_bound': 0, 'range_id': 0, 'range_label': None}]"
Freeze Frame Data,Fuel control,MIN front axle torque,2110,1500,1260,0,1,0x39ADA1,0x11,0x5C,Nm,0,2,2,2,-1,-1,-1,1,0,0,0,,0.2,-5000,1,"[{'no': 1, 'up_bound': 0, 'low_bound': 0, 'range_id': 0, 'range_label': None}]"
Freeze Frame Data,Fuel control,MAX rear axle torque,2120,1450,1261,0,1,0x39ADA1,0x11,0x5D,Nm,0,2,2,2,-1,-1,-1,1,0,0,0,,0.2,-5000,1,"[{'no': 1, 'up_bound': 0, 'low_bound': 0, 'range_id': 0, 'range_label': None}]"
Freeze Frame Data,Fuel control,MIN rear axle torque,2130,1510,1262,0,1,0x39ADA1,0x11,0x5E,Nm,0,2,2,2,-1,-1,-1,1,0,0,0,,0.2,-5000,1,"[{'no': 1, 'up_bound': 0, 'low_bound': 0, 'range_id': 0, 'range_label': None}]"
Freeze Frame Data,Fuel control,Front MCU Gate ON request,2140,1020,1263,0,1,0x39ADA1,0x11,0x5F,,1,2,1,2,7,1,-1,1,0,0,0,,1,0,0,"[{'no': 1, 'up_bound': 0, 'low_bound': 0, 'range_id': 0, 'range_label': None}]"
Freeze Frame Data,Fuel control,GCU Gate ON request,2150,1160,1264,0,1,0x39ADA1,0x11,0x60,,1,2,1,2,7,1,-1,1,0,0,0,,1,0,0,"[{'no': 1, 'up_bound': 0, 'low_bound': 0, 'range_id': 0, 'range_label': None}]"
Freeze Frame Data,Fuel control,Rear MCU Gate ON request,2160,1770,1265,0,1,0x39ADA1,0x11,0x61,,1,2,1,2,7,1,-1,1,0,0,0,,1,0,0,"[{'no': 1, 'up_bound': 0, 'low_bound': 0, 'range_id': 0, 'range_label': None}]"
Freeze Frame Data,Fuel control,Quick charger connect. judgment,2170,1720,1266,0,1,0x39ADA1,0x10,0x15,,1,2,1,2,7,1,-1,1,0,0,1000003,OFF,0,0,0,"[{'no': 1, 'up_bound': 0, 'low_bound': 0, 'range_id': 1000003, 'range_label': 'OFF'}, {'no': 2, 'up_bound': 1, 'low_bound': 1, 'range_id': 1000004, 'range_label': 'ON'}]"
Freeze Frame Data,Fuel control,OBC connection judgment,2180,1570,1267,0,1,0x39ADA1,0x11,0x62,,1,2,1,2,7,1,-1,1,0,0,0,,1,0,0,"[{'no': 1, 'up_bound': 0, 'low_bound': 0, 'range_id': 0, 'range_label': None}]"
Freeze Frame Data,Fuel control,Low SOC shutdown judgement,2190,1410,1268,0,1,0x39ADA1,0x11,0x63,,1,2,1,2,7,1,-1,1,0,0,0,,1,0,0,"[{'no': 1, 'up_bound': 0, 'low_bound': 0, 'range_id': 0, 'range_label': None}]"
Freeze Frame Data,Fuel control,Inhibit engine on judgement,2200,1300,1269,0,1,0x39ADA1,0x11,0x64,,1,2,1,2,7,1,-1,1,0,0,0,,1,0,0,"[{'no': 1, 'up_bound': 0, 'low_bound': 0, 'range_id': 0, 'range_label': None}]"
Freeze Frame Data,Fuel control,Engine start time out flag,2210,830,1270,0,1,0x39ADA1,0x11,0x65,,1,2,1,2,7,1,-1,1,0,0,0,,1,0,0,"[{'no': 1, 'up_bound': 0, 'low_bound': 0, 'range_id': 0, 'range_label': None}]"
Freeze Frame Data,Fuel control,Engine stop time out flag,2220,850,1271,0,1,0x39ADA1,0x11,0x66,,1,2,1,2,7,1,-1,1,0,0,0,,1,0,0,"[{'no': 1, 'up_bound': 0, 'low_bound': 0, 'range_id': 0, 'range_label': None}]"
Freeze Frame Data,Fuel control,Shift position(control value),2230,2260,1272,0,1,0x39ADA1,0x10,0x33,,0,2,1,2,-1,-1,-1,1,0,0,0,,1,0,0,"[{'no': 1, 'up_bound': 0, 'low_bound': 0, 'range_id': 0, 'range_label': None}]"
Freeze Frame Data,Fuel control,Shift Device 1,2240,2050,1273,0,1,0x39ADA1,0x11,0x68,,1,2,1,2,7,1,-1,1,0,0,1000003,OFF,0,0,0,"[{'no': 1, 'up_bound': 0, 'low_bound': 0, 'range_id': 1000003, 'range_label': 'OFF'}, {'no': 2, 'up_bound': 1, 'low_bound': 1, 'range_id': 1000004, 'range_label': 'ON'}]"
Freeze Frame Data,Fuel control,Shift Device 1 Voltage,2250,2060,1274,0,1,0x39ADA1,0x1,0x29,V,0,2,2,2,-1,-1,-1,1,0,0,0,,0.01,0,2,"[{'no': 1, 'up_bound': 0, 'low_bound': 0, 'range_id': 0, 'range_label': None}]"
Freeze Frame Data,Fuel control,Shift Device 2,2260,2090,1275,0,1,0x39ADA1,0x11,0x69,,1,2,1,2,7,1,-1,1,0,0,1000003,OFF,0,0,0,"[{'no': 1, 'up_bound': 0, 'low_bound': 0, 'range_id': 1000003, 'range_label': 'OFF'}, {'no': 2, 'up_bound': 1, 'low_bound': 1, 'range_id': 1000004, 'range_label': 'ON'}]"
Freeze Frame Data,Fuel control,Shift Device 2 Voltage,2270,2100,1276,0,1,0x39ADA1,0x1,0x2A,V,0,2,2,2,-1,-1,-1,1,0,0,0,,0.01,0,2,"[{'no': 1, 'up_bound': 0, 'low_bound': 0, 'range_id': 0, 'range_label': None}]"
Freeze Frame Data,Fuel control,Shift Device 3,2280,2110,1277,0,1,0x39ADA1,0x11,0x6A,,1,2,1,2,7,1,-1,1,0,0,1000003,OFF,0,0,0,"[{'no': 1, 'up_bound': 0, 'low_bound': 0, 'range_id': 1000003, 'range_label': 'OFF'}, {'no': 2, 'up_bound': 1, 'low_bound': 1, 'range_id': 1000004, 'range_label': 'ON'}]"
Freeze Frame Data,Fuel control,Shift Device 3 Voltage,2290,2120,1278,0,1,0x39ADA1,0x1,0x2B,V,0,2,2,2,-1,-1,-1,1,0,0,0,,0.01,0,2,"[{'no': 1, 'up_bound': 0, 'low_bound': 0, 'range_id': 0, 'range_label': None}]"
Freeze Frame Data,Fuel control,Shift Device 4,2300,2130,1279,0,1,0x39ADA1,0x11,0x6B,,1,2,1,2,7,1,-1,1,0,0,1000003,OFF,0,0,0,"[{'no': 1, 'up_bound': 0, 'low_bound': 0, 'range_id': 1000003, 'range_label': 'OFF'}, {'no': 2, 'up_bound': 1, 'low_bound': 1, 'range_id': 1000004, 'range_label': 'ON'}]"
Freeze Frame Data,Fuel control,Shift Device 4 Voltage,2310,2140,1280,0,1,0x39ADA1,0x1,0x2C,V,0,2,2,2,-1,-1,-1,1,0,0,0,,0.01,0,2,"[{'no': 1, 'up_bound': 0, 'low_bound': 0, 'range_id': 0, 'range_label': None}]"
Freeze Frame Data,Fuel control,Shift Device 5,2320,2150,1281,0,1,0x39ADA1,0x11,0x6C,,1,2,1,2,7,1,-1,1,0,0,1000003,OFF,0,0,0,"[{'no': 1, 'up_bound': 0, 'low_bound': 0, 'range_id': 1000003, 'range_label': 'OFF'}, {'no': 2, 'up_bound': 1, 'low_bound': 1, 'range_id': 1000004, 'range_label': 'ON'}]"
Freeze Frame Data,Fuel control,Shift Device 5 Voltage,2330,2160,1282,0,1,0x39ADA1,0x1,0x2D,V,0,2,2,2,-1,-1,-1,1,0,0,0,,0.01,0,2,"[{'no': 1, 'up_bound': 0, 'low_bound': 0, 'range_id': 0, 'range_label': None}]"
Freeze Frame Data,Fuel control,Shift Device 6,2340,2170,1283,0,1,0x39ADA1,0x11,0x6D,,1,2,1,2,7,1,-1,1,0,0,1000003,OFF,0,0,0,"[{'no': 1, 'up_bound': 0, 'low_bound': 0, 'range_id': 1000003, 'range_label': 'OFF'}, {'no': 2, 'up_bound': 1, 'low_bound': 1, 'range_id': 1000004, 'range_label': 'ON'}]"
Freeze Frame Data,Fuel control,Shift Device 6 Voltage,2350,2180,1284,0,1,0x39ADA1,0x1,0x2E,V,0,2,2,2,-1,-1,-1,1,0,0,0,,0.01,0,2,"[{'no': 1, 'up_bound': 0, 'low_bound': 0, 'range_id': 0, 'range_label': None}]"
Freeze Frame Data,Fuel control,Shift Device 7,2360,2190,1285,0,1,0x39ADA1,0x11,0x6E,,1,2,1,2,7,1,-1,1,0,0,1000003,OFF,0,0,0,"[{'no': 1, 'up_bound': 0, 'low_bound': 0, 'range_id': 1000003, 'range_label': 'OFF'}, {'no': 2, 'up_bound': 1, 'low_bound': 1, 'range_id': 1000004, 'range_label': 'ON'}]"
Freeze Frame Data,Fuel control,Shift Device 7 Voltage,2370,2200,1286,0,1,0x39ADA1,0x1,0x2F,V,0,2,2,2,-1,-1,-1,1,0,0,0,,0.01,0,2,"[{'no': 1, 'up_bound': 0, 'low_bound': 0, 'range_id': 0, 'range_label': None}]"
Freeze Frame Data,Fuel control,Shift Device 8,2380,2210,1287,0,1,0x39ADA1,0x11,0x6F,,1,2,1,2,7,1,-1,1,0,0,1000003,OFF,0,0,0,"[{'no': 1, 'up_bound': 0, 'low_bound': 0, 'range_id': 1000003, 'range_label': 'OFF'}, {'no': 2, 'up_bound': 1, 'low_bound': 1, 'range_id': 1000004, 'range_label': 'ON'}]"
Freeze Frame Data,Fuel control,Shift Device 8 Voltage,2390,2220,1288,0,1,0x39ADA1,0x1,0x30,V,0,2,2,2,-1,-1,-1,1,0,0,0,,0.01,0,2,"[{'no': 1, 'up_bound': 0, 'low_bound': 0, 'range_id': 0, 'range_label': None}]"
Freeze Frame Data,Fuel control,Shift Device 9,2400,2230,1289,0,1,0x39ADA1,0x11,0x70,,1,2,1,2,7,1,-1,1,0,0,1000003,OFF,0,0,0,"[{'no': 1, 'up_bound': 0, 'low_bound': 0, 'range_id': 1000003, 'range_label': 'OFF'}, {'no': 2, 'up_bound': 1, 'low_bound': 1, 'range_id': 1000004, 'range_label': 'ON'}]"
Freeze Frame Data,Fuel control,Shift Device 9 Voltage,2410,2240,1290,0,1,0x39ADA1,0x1,0x31,V,0,2,2,2,-1,-1,-1,1,0,0,0,,0.01,0,2,"[{'no': 1, 'up_bound': 0, 'low_bound': 0, 'range_id': 0, 'range_label': None}]"
Freeze Frame Data,Fuel control,Shift Device 10,2420,2070,1291,0,1,0x39ADA1,0x11,0x71,,1,2,1,2,7,1,-1,1,0,0,1000003,OFF,0,0,0,"[{'no': 1, 'up_bound': 0, 'low_bound': 0, 'range_id': 1000003, 'range_label': 'OFF'}, {'no': 2, 'up_bound': 1, 'low_bound': 1, 'range_id': 1000004, 'range_label': 'ON'}]"
Freeze Frame Data,Fuel control,Shift Device 10 Voltage,2430,2080,1292,0,1,0x39ADA1,0x1,0x32,V,0,2,2,2,-1,-1,-1,1,0,0,0,,0.01,0,2,"[{'no': 1, 'up_bound': 0, 'low_bound': 0, 'range_id': 0, 'range_label': None}]"
Freeze Frame Data,Fuel control,Shift Sensor Supply Voltage 1,2440,2270,1293,0,1,0x39ADA1,0x11,0x72,V,0,2,1,2,-1,-1,-1,1,0,0,0,,0.025,0,2,"[{'no': 1, 'up_bound': 0, 'low_bound': 0, 'range_id': 0, 'range_label': None}]"
Freeze Frame Data,Fuel control,Shift Sensor Supply Voltage 2,2450,2280,1294,0,1,0x39ADA1,0x11,0x73,V,0,2,1,2,-1,-1,-1,1,0,0,0,,0.025,0,2,"[{'no': 1, 'up_bound': 0, 'low_bound': 0, 'range_id': 0, 'range_label': None}]"
Freeze Frame Data,Fuel control,Driver Seat Belt Failure State,2460,640,1295,0,1,0x39ADA1,0x12,0x5,,1,2,1,2,6,2,-1,1,0,0,7000944,Unavailable Value,0,0,0,"[{'no': 1, 'up_bound': 0, 'low_bound': 0, 'range_id': 7000944, 'range_label': 'Unavailable Value'}, {'no': 2, 'up_bound': 1, 'low_bound': 1, 'range_id': 7000895, 'range_label': 'Driver Seat Belt Failure'}, {'no': 3, 'up_bound': 2, 'low_bound': 2, 'range_id': 7000914, 'range_label': 'Driver Seat Belt OK'}, {'no': 4, 'up_bound': 3, 'low_bound': 3, 'range_id': 7000577, 'range_label': 'Not Used'}]"
Freeze Frame Data,Fuel control,Driver Seat Belt Failure State validity,2470,650,1296,0,1,0x39ADA1,0x12,0x13,,1,2,1,2,7,1,-1,1,0,0,33000172,Valid,0,0,0,"[{'no': 1, 'up_bound': 0, 'low_bound': 0, 'range_id': 33000172, 'range_label': 'Valid'}, {'no': 2, 'up_bound': 1, 'low_bound': 1, 'range_id': 7000932, 'range_label': 'Not Valid'}]"
Freeze Frame Data,Fuel control,Driver Seat Belt Buckle State validity,2480,630,1297,0,1,0x39ADA1,0x12,0x14,,1,2,1,2,7,1,-1,1,0,0,33000172,Valid,0,0,0,"[{'no': 1, 'up_bound': 0, 'low_bound': 0, 'range_id': 33000172, 'range_label': 'Valid'}, {'no': 2, 'up_bound': 1, 'low_bound': 1, 'range_id': 7000932, 'range_label': 'Not Valid'}]"
Freeze Frame Data,Fuel control,Engine Hood State validity,2490,760,1298,0,1,0x39ADA1,0x12,0x15,,1,2,1,2,7,1,-1,1,0,0,33000172,Valid,0,0,0,"[{'no': 1, 'up_bound': 0, 'low_bound': 0, 'range_id': 33000172, 'range_label': 'Valid'}, {'no': 2, 'up_bound': 1, 'low_bound': 1, 'range_id': 7000932, 'range_label': 'Not Valid'}]"
Freeze Frame Data,Fuel control,Driver Door State validity,2500,580,1299,0,1,0x39ADA1,0x12,0x16,,1,2,1,2,7,1,-1,1,0,0,33000172,Valid,0,0,0,"[{'no': 1, 'up_bound': 0, 'low_bound': 0, 'range_id': 33000172, 'range_label': 'Valid'}, {'no': 2, 'up_bound': 1, 'low_bound': 1, 'range_id': 7000932, 'range_label': 'Not Valid'}]"
Freeze Frame Data,Fuel control,ACC status(from ADAS),2510,50,1300,0,1,0x39ADA1,0x30,0x12,,0,2,1,2,-1,-1,-1,1,0,0,7000946,ACC status not available,0,0,0,"[{'no': 1, 'up_bound': 0, 'low_bound': 0, 'range_id': 7000946, 'range_label': 'ACC status not available'}, {'no': 2, 'up_bound': 1, 'low_bound': 1, 'range_id': 7000846, 'range_label': 'ACC off'}, {'no': 3, 'up_bound': 2, 'low_bound': 2, 'range_id': 7000848, 'range_label': 'ACC waiting'}, {'no': 4, 'up_bound': 3, 'low_bound': 3, 'range_id': 7000847, 'range_label': 'ACC suspended'}, {'no': 5, 'up_bound': 4, 'low_bound': 4, 'range_id': 7000883, 'range_label': 'ACC in brake only mode'}, {'no': 6, 'up_bound': 5, 'low_bound': 5, 'range_id': 7000919, 'range_label': 'ACC in regulation'}, {'no': 7, 'up_bound': 6, 'low_bound': 6, 'range_id': 7000881, 'range_label': 'ACC Driver Override'}, {'no': 8, 'up_bound': 7, 'low_bound': 7, 'range_id': 7000849, 'range_label': 'ACC malfunction'}]"
Freeze Frame Data,Fuel control,ACC Toque request from ADAS,2520,60,1301,0,1,0x39ADA1,0x30,0x19,,0,2,3,2,-1,-1,16777088,1,0,0,0,,0.0078125,-20000,0,"[{'no': 1, 'up_bound': 0, 'low_bound': 0, 'range_id': 0, 'range_label': None}]"
Freeze Frame Data,Fuel control,ACC PWT Torque Order from ADAS,2530,40,1302,0,1,0x39ADA1,0x30,0x1A,,0,2,1,2,-1,-1,-1,1,0,0,16000056,No Request,0,0,0,"[{'no': 1, 'up_bound': 0, 'low_bound': 0, 'range_id': 16000056, 'range_label': 'No Request'}, {'no': 2, 'up_bound': 1, 'low_bound': 1, 'range_id': 7000947, 'range_label': 'For ACC / MI PILOT assist'}, {'no': 3, 'up_bound': 2, 'low_bound': 2, 'range_id': 7000948, 'range_label': 'For FullAPK'}, {'no': 4, 'up_bound': 7, 'low_bound': 3, 'range_id': 7000934, 'range_label': 'Reserved'}]"
Freeze Frame Data,Fuel control,ACC Braking Torque Order from ADAS,2540,20,1303,0,1,0x39ADA1,0x30,0x1B,,0,2,1,2,-1,-1,-1,1,0,0,7000938,No brake request,0,0,0,"[{'no': 1, 'up_bound': 0, 'low_bound': 0, 'range_id': 7000938, 'range_label': 'No brake request'}, {'no': 2, 'up_bound': 1, 'low_bound': 1, 'range_id': 7000947, 'range_label': 'For ACC / MI PILOT assist'}, {'no': 3, 'up_bound': 2, 'low_bound': 2, 'range_id': 7000950, 'range_label': 'For HFPB/FullAPK'}, {'no': 4, 'up_bound': 7, 'low_bound': 3, 'range_id': 7000934, 'range_label': 'Reserved'}]"
Freeze Frame Data,Fuel control,Steering switch status to ADAS,2550,2340,1304,0,1,0x39ADA1,0x30,0x1C,,0,2,1,2,-1,-1,-1,1,0,0,7000884,All buttons released,0,0,0,"[{'no': 1, 'up_bound': 0, 'low_bound': 0, 'range_id': 7000884, 'range_label': 'All buttons released'}, {'no': 2, 'up_bound': 1, 'low_bound': 1, 'range_id': 7000841, 'range_label': '+ / Resume button'}, {'no': 3, 'up_bound': 2, 'low_bound': 2, 'range_id': 7000840, 'range_label': '- / Set button'}, {'no': 4, 'up_bound': 3, 'low_bound': 3, 'range_id': 7000908, 'range_label': 'Distance button'}, {'no': 5, 'up_bound': 4, 'low_bound': 4, 'range_id': 7000874, 'range_label': 'Cancel button'}, {'no': 6, 'up_bound': 5, 'low_bound': 5, 'range_id': 7000887, 'range_label': 'MI PILOT assist / ACC'}, {'no': 7, 'up_bound': 6, 'low_bound': 6, 'range_id': 7000875, 'range_label': 'Speed limiter button'}, {'no': 8, 'up_bound': 7, 'low_bound': 7, 'range_id': 7000943, 'range_label': 'Not used'}]"
ECU Information,Fuel control,ECU PART NUMBER,1,1,2,0,1,0x39ADA1,0x22,0xF012,,0,3,10,2,-1,-1,-1,,,,,,,,,[]
ECU Information,ECU information (items to be sent to the server),Software part number,1,1,117081,0,1,0x39ADA1,0x22,0xF012,,0,3,10,2,-1,-1,-1,,,,,,,,,[]
ECU Information,ECU information (items to be sent to the server),Hardware part number,2,2,117082,0,1,0x39ADA1,0x22,0xF1A1,,0,3,10,2,-1,-1,-1,,,,,,,,,[]
ECU Information,ECU information (items to be sent to the server),ECU serial number,3,3,117083,0,1,0x39ADA1,0x22,0xF18C,,0,3,-1,2,-1,-1,-1,,,,,,,,,[]
Test,17,Parallel run check mode,1,1,37,68,1,0x39ADA1,0x31,0x1,,0,4,1,2,-1,-1,-1,1,0,0,0,,0,0,0,"[{'no': 1, 'up_bound': 0, 'low_bound': 0, 'range_id': 0, 'range_label': None}]"
Test,17,-1,2,2,38,0,1,0x39ADA1,0x31,0x2,,,,,,,,,,,,,,,,,[]
Test,17,-1,3,3,39,0,1,0x39ADA1,0x31,0x3,,0,4,1,2,-1,-1,-1,1,0,0,0,,0,0,0,"[{'no': 1, 'up_bound': 0, 'low_bound': 0, 'range_id': 0, 'range_label': None}]"
Test,19,LOCK CHARGING CONNECTOR,1,1,43,70,1,0x39ADA1,0x31,0x1,,0,4,1,2,-1,-1,-1,1,0,0,0,,0,0,0,"[{'no': 1, 'up_bound': 0, 'low_bound': 0, 'range_id': 0, 'range_label': None}]"
Test,19,-1,2,2,44,0,1,0x39ADA1,0x31,0x2,,,,,,,,,,,,,,,,,[]
Test,19,-1,3,3,45,0,1,0x39ADA1,0x31,0x3,,0,4,1,2,-1,-1,-1,1,0,0,0,,0,0,0,"[{'no': 1, 'up_bound': 0, 'low_bound': 0, 'range_id': 0, 'range_label': None}]"
Test,17,EV mode,10,10,109,686,1,0x39ADA1,0x22,0x1002,,0,3,1,2,-1,-1,-1,1,0,0,0,,1,0,0,"[{'no': 1, 'up_bound': 0, 'low_bound': 0, 'range_id': 0, 'range_label': None}]"
Test,17,Vehicle speed,20,20,111,692,1,0x39ADA1,0x22,0x1008,km/h,0,3,1,2,-1,-1,-1,1,0,0,0,,1,0,0,"[{'no': 1, 'up_bound': 0, 'low_bound': 0, 'range_id': 0, 'range_label': None}]"
Test,17,Parallel run check mode flag,30,30,222,721,1,0x39ADA1,0x22,0x102F,,1,3,1,2,7,1,-1,1,0,0,1000003,OFF,0,0,0,"[{'no': 1, 'up_bound': 0, 'low_bound': 0, 'range_id': 1000003, 'range_label': 'OFF'}, {'no': 2, 'up_bound': 1, 'low_bound': 1, 'range_id': 1000004, 'range_label': 'ON'}]"
Test,17,Check run completion flag,40,40,224,723,1,0x39ADA1,0x22,0x1031,,1,3,1,2,7,1,-1,1,0,0,1000003,OFF,0,0,0,"[{'no': 1, 'up_bound': 0, 'low_bound': 0, 'range_id': 1000003, 'range_label': 'OFF'}, {'no': 2, 'up_bound': 1, 'low_bound': 1, 'range_id': 1000004, 'range_label': 'ON'}]"
Test,17,Test Parallel run check mode transition Vehicle speed,50,50,546,975,1,0x39ADA1,0x22,0x1175,km/h,0,3,1,2,-1,-1,-1,1,0,0,0,,1,0,0,"[{'no': 1, 'up_bound': 0, 'low_bound': 0, 'range_id': 0, 'range_label': None}]"
Test,19,Power SW signal,10,10,108,615,1,0x39ADA1,0x22,0x100,,1,3,1,2,7,1,-1,1,0,0,1000003,OFF,0,0,0,"[{'no': 1, 'up_bound': 0, 'low_bound': 0, 'range_id': 1000003, 'range_label': 'OFF'}, {'no': 2, 'up_bound': 1, 'low_bound': 1, 'range_id': 1000004, 'range_label': 'ON'}]"
Test,19,EV mode,20,20,109,686,1,0x39ADA1,0x22,0x1002,,0,3,1,2,-1,-1,-1,1,0,0,0,,1,0,0,"[{'no': 1, 'up_bound': 0, 'low_bound': 0, 'range_id': 0, 'range_label': None}]"
Actuator Test,1,Water pump actuate(EV),1,1,5,52,1,0x39ADA1,0x2F,0xA000,,0,4,1,2,-1,-1,-1,,,,,,,,,[]
Actuator Test,1,-1,2,2,6,0,1,0x39ADA1,0x2F,0xA000,,,,,,,,,,,,,,,,,[]
Actuator Test,2,Water pump power supply relay,1,1,7,53,1,0x39ADA1,0x2F,0xA001,,0,4,1,2,-1,-1,-1,,,,,,,,,[]
Actuator Test,2,-1,2,2,8,0,1,0x39ADA1,0x2F,0xA001,,,,,,,,,,,,,,,,,[]
Actuator Test,4,Control signal for Shift Position Lamp P,1,1,11,55,1,0x39ADA1,0x2F,0xA004,,0,4,1,2,-1,-1,-1,,,,,,,,,[]
Actuator Test,4,-1,2,2,12,0,1,0x39ADA1,0x2F,0xA004,,,,,,,,,,,,,,,,,[]
Actuator Test,5,Control signal for Shift Position Lamp R,1,1,13,56,1,0x39ADA1,0x2F,0xA005,,0,4,1,2,-1,-1,-1,,,,,,,,,[]
Actuator Test,5,-1,2,2,14,0,1,0x39ADA1,0x2F,0xA005,,,,,,,,,,,,,,,,,[]
Actuator Test,6,Control signal for Shift Position Lamp N,1,1,15,57,1,0x39ADA1,0x2F,0xA006,,0,4,1,2,-1,-1,-1,,,,,,,,,[]
Actuator Test,6,-1,2,2,16,0,1,0x39ADA1,0x2F,0xA006,,,,,,,,,,,,,,,,,[]
Actuator Test,7,Control signal for Shift Position Lamp D,1,1,17,58,1,0x39ADA1,0x2F,0xA007,,0,4,1,2,-1,-1,-1,,,,,,,,,[]
Actuator Test,7,-1,2,2,18,0,1,0x39ADA1,0x2F,0xA007,,,,,,,,,,,,,,,,,[]
Actuator Test,8,Control signal for Shift Position Lamp B,1,1,19,59,1,0x39ADA1,0x2F,0xA008,,0,4,1,2,-1,-1,-1,,,,,,,,,[]
Actuator Test,8,-1,2,2,20,0,1,0x39ADA1,0x2F,0xA008,,,,,,,,,,,,,,,,,[]
Actuator Test,11,Red LED light,1,1,25,62,1,0x39ADA1,0x2F,0xA00D,,0,4,1,2,-1,-1,-1,,,,,,,,,[]
Actuator Test,11,-1,2,2,26,0,1,0x39ADA1,0x2F,0xA00D,,,,,,,,,,,,,,,,,[]
Actuator Test,12,Green LED light,1,1,27,63,1,0x39ADA1,0x2F,0xA00E,,0,4,1,2,-1,-1,-1,,,,,,,,,[]
Actuator Test,12,-1,2,2,28,0,1,0x39ADA1,0x2F,0xA00E,,,,,,,,,,,,,,,,,[]
Actuator Test,13,Blue LED light,1,1,29,64,1,0x39ADA1,0x2F,0xA010,,0,4,1,2,-1,-1,-1,,,,,,,,,[]
Actuator Test,13,-1,2,2,30,0,1,0x39ADA1,0x2F,0xA010,,,,,,,,,,,,,,,,,[]
Actuator Test,14,On vehicle inverter flag,1,1,31,65,1,0x39ADA1,0x2F,0xA012,,0,4,1,2,-1,-1,-1,,,,,,,,,[]
Actuator Test,14,-1,2,2,32,0,1,0x39ADA1,0x2F,0xA012,,,,,,,,,,,,,,,,,[]
Actuator Test,15,V2H connector power supply relay control,1,1,33,66,1,0x39ADA1,0x2F,0xA015,,0,4,1,2,-1,-1,-1,,,,,,,,,[]
Actuator Test,15,-1,2,2,34,0,1,0x39ADA1,0x2F,0xA015,,,,,,,,,,,,,,,,,[]
Actuator Test,27,Radiator fan control,1,1,1331,1334,1,0x39ADA1,0x2F,0xA019,,0,4,1,2,-1,-1,-1,,,,,,,,,[]
Actuator Test,27,-1,2,2,1332,0,1,0x39ADA1,0x2F,0xA019,,,,,,,,,,,,,,,,,[]
Actuator Test,1,EV mode,10,10,109,686,1,0x39ADA1,0x22,0x1002,,0,3,1,2,-1,-1,-1,1,0,0,0,,1,0,0,"[{'no': 1, 'up_bound': 0, 'low_bound': 0, 'range_id': 0, 'range_label': None}]"
Actuator Test,1,IGCT Control power supply,20,20,110,690,1,0x39ADA1,0x22,0x1006,V,0,3,1,2,-1,-1,-1,1,0,0,0,,0.1,0,1,"[{'no': 1, 'up_bound': 0, 'low_bound': 0, 'range_id': 0, 'range_label': None}]"
Actuator Test,1,Vehicle speed,30,30,111,692,1,0x39ADA1,0x22,0x1008,km/h,0,3,1,2,-1,-1,-1,1,0,0,0,,1,0,0,"[{'no': 1, 'up_bound': 0, 'low_bound': 0, 'range_id': 0, 'range_label': None}]"
Actuator Test,1,Coolant water temperature(EV),40,40,226,726,1,0x39ADA1,0x22,0x1034,°C,0,3,1,2,-1,-1,-1,1,0,0,0,,1,-40,0,"[{'no': 1, 'up_bound': 0, 'low_bound': 0, 'range_id': 0, 'range_label': None}]"
Actuator Test,1,Water pump status(EV),50,50,227,727,1,0x39ADA1,0x22,0x1035,%,0,3,1,2,-1,-1,-1,1,0,0,0,,0.3921569,0,1,"[{'no': 1, 'up_bound': 0, 'low_bound': 0, 'range_id': 0, 'range_label': None}]"
Actuator Test,1,Control signal for Water pump(EV),60,60,589,1023,1,0x39ADA1,0x22,0xA000,,0,3,1,2,-1,-1,-1,1,64,0,1000003,OFF,0,0,0,"[{'no': 1, 'up_bound': 64, 'low_bound': 0, 'range_id': 1000003, 'range_label': 'OFF'}, {'no': 2, 'up_bound': 255, 'low_bound': 65, 'range_id': 1000004, 'range_label': 'ON'}]"
Actuator Test,1,Water pump power supply relay(EV),70,70,590,1024,1,0x39ADA1,0x22,0xA001,,1,3,1,2,0,1,-1,1,0,0,1000003,OFF,0,0,0,"[{'no': 1, 'up_bound': 0, 'low_bound': 0, 'range_id': 1000003, 'range_label': 'OFF'}, {'no': 2, 'up_bound': 1, 'low_bound': 1, 'range_id': 1000004, 'range_label': 'ON'}]"
Actuator Test,2,IGCT Control power supply,10,10,110,690,1,0x39ADA1,0x22,0x1006,V,0,3,1,2,-1,-1,-1,1,0,0,0,,0.1,0,1,"[{'no': 1, 'up_bound': 0, 'low_bound': 0, 'range_id': 0, 'range_label': None}]"
Actuator Test,2,Vehicle speed,20,20,111,692,1,0x39ADA1,0x22,0x1008,km/h,0,3,1,2,-1,-1,-1,1,0,0,0,,1,0,0,"[{'no': 1, 'up_bound': 0, 'low_bound': 0, 'range_id': 0, 'range_label': None}]"
Actuator Test,2,Water pump relay (diag),30,30,1305,1306,1,0x39ADA1,0x22,0x122,,1,3,1,2,7,1,-1,1,0,0,1000003,OFF,0,0,0,"[{'no': 1, 'up_bound': 0, 'low_bound': 0, 'range_id': 1000003, 'range_label': 'OFF'}, {'no': 2, 'up_bound': 1, 'low_bound': 1, 'range_id': 1000004, 'range_label': 'ON'}]"
Actuator Test,4,EV mode,10,10,109,686,1,0x39ADA1,0x22,0x1002,,0,3,1,2,-1,-1,-1,1,0,0,0,,1,0,0,"[{'no': 1, 'up_bound': 0, 'low_bound': 0, 'range_id': 0, 'range_label': None}]"
Actuator Test,4,IGCT Control power supply,20,20,110,690,1,0x39ADA1,0x22,0x1006,V,0,3,1,2,-1,-1,-1,1,0,0,0,,0.1,0,1,"[{'no': 1, 'up_bound': 0, 'low_bound': 0, 'range_id': 0, 'range_label': None}]"
Actuator Test,4,Vehicle speed,30,30,111,692,1,0x39ADA1,0x22,0x1008,km/h,0,3,1,2,-1,-1,-1,1,0,0,0,,1,0,0,"[{'no': 1, 'up_bound': 0, 'low_bound': 0, 'range_id': 0, 'range_label': None}]"
Actuator Test,5,EV mode,10,10,109,686,1,0x39ADA1,0x22,0x1002,,0,3,1,2,-1,-1,-1,1,0,0,0,,1,0,0,"[{'no': 1, 'up_bound': 0, 'low_bound': 0, 'range_id': 0, 'range_label': None}]"
Actuator Test,5,IGCT Control power supply,20,20,110,690,1,0x39ADA1,0x22,0x1006,V,0,3,1,2,-1,-1,-1,1,0,0,0,,0.1,0,1,"[{'no': 1, 'up_bound': 0, 'low_bound': 0, 'range_id': 0, 'range_label': None}]"
Actuator Test,5,Vehicle speed,30,30,111,692,1,0x39ADA1,0x22,0x1008,km/h,0,3,1,2,-1,-1,-1,1,0,0,0,,1,0,0,"[{'no': 1, 'up_bound': 0, 'low_bound': 0, 'range_id': 0, 'range_label': None}]"
Actuator Test,6,EV mode,10,10,109,686,1,0x39ADA1,0x22,0x1002,,0,3,1,2,-1,-1,-1,1,0,0,0,,1,0,0,"[{'no': 1, 'up_bound': 0, 'low_bound': 0, 'range_id': 0, 'range_label': None}]"
Actuator Test,6,IGCT Control power supply,20,20,110,690,1,0x39ADA1,0x22,0x1006,V,0,3,1,2,-1,-1,-1,1,0,0,0,,0.1,0,1,"[{'no': 1, 'up_bound': 0, 'low_bound': 0, 'range_id': 0, 'range_label': None}]"
Actuator Test,6,Vehicle speed,30,30,111,692,1,0x39ADA1,0x22,0x1008,km/h,0,3,1,2,-1,-1,-1,1,0,0,0,,1,0,0,"[{'no': 1, 'up_bound': 0, 'low_bound': 0, 'range_id': 0, 'range_label': None}]"
Actuator Test,7,EV mode,10,10,109,686,1,0x39ADA1,0x22,0x1002,,0,3,1,2,-1,-1,-1,1,0,0,0,,1,0,0,"[{'no': 1, 'up_bound': 0, 'low_bound': 0, 'range_id': 0, 'range_label': None}]"
Actuator Test,7,IGCT Control power supply,20,20,110,690,1,0x39ADA1,0x22,0x1006,V,0,3,1,2,-1,-1,-1,1,0,0,0,,0.1,0,1,"[{'no': 1, 'up_bound': 0, 'low_bound': 0, 'range_id': 0, 'range_label': None}]"
Actuator Test,7,Vehicle speed,30,30,111,692,1,0x39ADA1,0x22,0x1008,km/h,0,3,1,2,-1,-1,-1,1,0,0,0,,1,0,0,"[{'no': 1, 'up_bound': 0, 'low_bound': 0, 'range_id': 0, 'range_label': None}]"
Actuator Test,8,EV mode,10,10,109,686,1,0x39ADA1,0x22,0x1002,,0,3,1,2,-1,-1,-1,1,0,0,0,,1,0,0,"[{'no': 1, 'up_bound': 0, 'low_bound': 0, 'range_id': 0, 'range_label': None}]"
Actuator Test,8,IGCT Control power supply,20,20,110,690,1,0x39ADA1,0x22,0x1006,V,0,3,1,2,-1,-1,-1,1,0,0,0,,0.1,0,1,"[{'no': 1, 'up_bound': 0, 'low_bound': 0, 'range_id': 0, 'range_label': None}]"
Actuator Test,8,Vehicle speed,30,30,111,692,1,0x39ADA1,0x22,0x1008,km/h,0,3,1,2,-1,-1,-1,1,0,0,0,,1,0,0,"[{'no': 1, 'up_bound': 0, 'low_bound': 0, 'range_id': 0, 'range_label': None}]"
Actuator Test,11,IGCT Control power supply,10,10,110,690,1,0x39ADA1,0x22,0x1006,V,0,3,1,2,-1,-1,-1,1,0,0,0,,0.1,0,1,"[{'no': 1, 'up_bound': 0, 'low_bound': 0, 'range_id': 0, 'range_label': None}]"
Actuator Test,11,Vehicle speed,20,20,111,692,1,0x39ADA1,0x22,0x1008,km/h,0,3,1,2,-1,-1,-1,1,0,0,0,,1,0,0,"[{'no': 1, 'up_bound': 0, 'low_bound': 0, 'range_id': 0, 'range_label': None}]"
Actuator Test,12,IGCT Control power supply,10,10,110,690,1,0x39ADA1,0x22,0x1006,V,0,3,1,2,-1,-1,-1,1,0,0,0,,0.1,0,1,"[{'no': 1, 'up_bound': 0, 'low_bound': 0, 'range_id': 0, 'range_label': None}]"
Actuator Test,12,Vehicle speed,20,20,111,692,1,0x39ADA1,0x22,0x1008,km/h,0,3,1,2,-1,-1,-1,1,0,0,0,,1,0,0,"[{'no': 1, 'up_bound': 0, 'low_bound': 0, 'range_id': 0, 'range_label': None}]"
Actuator Test,13,IGCT Control power supply,10,10,110,690,1,0x39ADA1,0x22,0x1006,V,0,3,1,2,-1,-1,-1,1,0,0,0,,0.1,0,1,"[{'no': 1, 'up_bound': 0, 'low_bound': 0, 'range_id': 0, 'range_label': None}]"
Actuator Test,13,Vehicle speed,20,20,111,692,1,0x39ADA1,0x22,0x1008,km/h,0,3,1,2,-1,-1,-1,1,0,0,0,,1,0,0,"[{'no': 1, 'up_bound': 0, 'low_bound': 0, 'range_id': 0, 'range_label': None}]"
Actuator Test,14,EV mode,10,10,109,686,1,0x39ADA1,0x22,0x1002,,0,3,1,2,-1,-1,-1,1,0,0,0,,1,0,0,"[{'no': 1, 'up_bound': 0, 'low_bound': 0, 'range_id': 0, 'range_label': None}]"
Actuator Test,14,IGCT Control power supply,20,20,110,690,1,0x39ADA1,0x22,0x1006,V,0,3,1,2,-1,-1,-1,1,0,0,0,,0.1,0,1,"[{'no': 1, 'up_bound': 0, 'low_bound': 0, 'range_id': 0, 'range_label': None}]"
Actuator Test,15,IGCT Control power supply,10,10,110,690,1,0x39ADA1,0x22,0x1006,V,0,3,1,2,-1,-1,-1,1,0,0,0,,0.1,0,1,"[{'no': 1, 'up_bound': 0, 'low_bound': 0, 'range_id': 0, 'range_label': None}]"
Actuator Test,15,Vehicle speed,20,20,111,692,1,0x39ADA1,0x22,0x1008,km/h,0,3,1,2,-1,-1,-1,1,0,0,0,,1,0,0,"[{'no': 1, 'up_bound': 0, 'low_bound': 0, 'range_id': 0, 'range_label': None}]"
Actuator Test,27,,,,,,,0x39ADA1,,,,,,,,,,,,,,,,,,,[]
EV Coolant refilling control,20,EV Coolant refilling control,1,1,46,71,1,0x39ADA1,0x31,0x1,,0,4,1,2,-1,-1,-1,1,0,0,0,,0,0,0,"[{'no': 1, 'up_bound': 0, 'low_bound': 0, 'range_id': 0, 'range_label': None}]"
EV Coolant refilling control,20,-1,2,2,47,0,1,0x39ADA1,0x31,0x2,,,,,,,,,,,,,,,,,[]
EV Coolant refilling control,20,-1,3,3,48,0,1,0x39ADA1,0x31,0x3,,0,4,1,2,-1,-1,-1,1,0,0,0,,0,0,0,"[{'no': 1, 'up_bound': 0, 'low_bound': 0, 'range_id': 0, 'range_label': None}]"
EV Coolant refilling control,20,EV mode,10,10,109,686,1,0x39ADA1,0x22,0x1002,,0,3,1,2,-1,-1,-1,1,0,0,0,,1,0,0,"[{'no': 1, 'up_bound': 0, 'low_bound': 0, 'range_id': 0, 'range_label': None}]"
EV Coolant refilling control,20,Vehicle speed,20,20,111,692,1,0x39ADA1,0x22,0x1008,km/h,0,3,1,2,-1,-1,-1,1,0,0,0,,1,0,0,"[{'no': 1, 'up_bound': 0, 'low_bound': 0, 'range_id': 0, 'range_label': None}]"
EV Coolant refilling control,20,Coolant water temperature(EV),30,30,226,726,1,0x39ADA1,0x22,0x1034,°C,0,3,1,2,-1,-1,-1,1,0,0,0,,1,-40,0,"[{'no': 1, 'up_bound': 0, 'low_bound': 0, 'range_id': 0, 'range_label': None}]"
EV Coolant refilling control,20,Water pump status(EV),40,40,227,727,1,0x39ADA1,0x22,0x1035,%,0,3,1,2,-1,-1,-1,1,0,0,0,,0.3921569,0,1,"[{'no': 1, 'up_bound': 0, 'low_bound': 0, 'range_id': 0, 'range_label': None}]"
EV Coolant refilling control,20,Control signal for Water pump(EV),50,50,589,1023,1,0x39ADA1,0x22,0xA000,,0,3,1,2,-1,-1,-1,1,64,0,1000003,OFF,0,0,0,"[{'no': 1, 'up_bound': 64, 'low_bound': 0, 'range_id': 1000003, 'range_label': 'OFF'}, {'no': 2, 'up_bound': 255, 'low_bound': 65, 'range_id': 1000004, 'range_label': 'ON'}]"
EV Coolant refilling control,20,Water pump power supply relay(EV),60,60,590,1024,1,0x39ADA1,0x22,0xA001,,1,3,1,2,0,1,-1,1,0,0,1000003,OFF,0,0,0,"[{'no': 1, 'up_bound': 0, 'low_bound': 0, 'range_id': 1000003, 'range_label': 'OFF'}, {'no': 2, 'up_bound': 1, 'low_bound': 1, 'range_id': 1000004, 'range_label': 'ON'}]"
Engine compression measurement,21,Engine compression measurement,1,1,49,72,1,0x39ADA1,0x31,0x1,,0,4,1,2,-1,-1,-1,1,0,0,0,,0,0,0,"[{'no': 1, 'up_bound': 0, 'low_bound': 0, 'range_id': 0, 'range_label': None}]"
Engine compression measurement,21,Power SW signal,10,10,108,615,1,0x39ADA1,0x22,0x100,,1,3,1,2,7,1,-1,1,0,0,1000003,OFF,0,0,0,"[{'no': 1, 'up_bound': 0, 'low_bound': 0, 'range_id': 1000003, 'range_label': 'OFF'}, {'no': 2, 'up_bound': 1, 'low_bound': 1, 'range_id': 1000004, 'range_label': 'ON'}]"
Engine compression measurement,21,Vehicle speed,20,20,111,692,1,0x39ADA1,0x22,0x1008,km/h,0,3,1,2,-1,-1,-1,1,0,0,0,,1,0,0,"[{'no': 1, 'up_bound': 0, 'low_bound': 0, 'range_id': 0, 'range_label': None}]"
Engine compression measurement,21,Battery Total voltage,30,30,113,724,1,0x39ADA1,0x22,0x1032,V,0,3,2,2,-1,-1,-1,1,0,0,0,,0.1,0,1,"[{'no': 1, 'up_bound': 0, 'low_bound': 0, 'range_id': 0, 'range_label': None}]"
Engine compression measurement,21,Battery current,40,40,114,724,1,0x39ADA1,0x22,0x1032,A,0,5,2,2,-1,-1,-1,1,0,0,0,,0.05,-1635,2,"[{'no': 1, 'up_bound': 0, 'low_bound': 0, 'range_id': 0, 'range_label': None}]"
Engine compression measurement,21,Running mode,50,50,115,729,1,0x39ADA1,0x22,0x1038,,0,3,1,2,-1,-1,-1,1,0,0,0,,1,0,0,"[{'no': 1, 'up_bound': 0, 'low_bound': 0, 'range_id': 0, 'range_label': None}]"
Engine compression measurement,21,SOC for display,60,60,117,745,1,0x39ADA1,0x22,0x1057,%,0,3,1,2,-1,-1,-1,1,0,0,0,,0.392157,0,0,"[{'no': 1, 'up_bound': 0, 'low_bound': 0, 'range_id': 0, 'range_label': None}]"
Engine compression measurement,21,Shift position(control value),70,70,225,725,1,0x39ADA1,0x22,0x1033,,0,3,1,2,-1,-1,-1,1,0,0,0,,1,0,0,"[{'no': 1, 'up_bound': 0, 'low_bound': 0, 'range_id': 0, 'range_label': None}]"
Engine compression measurement,21,Generator speed,80,80,229,730,1,0x39ADA1,0x22,0x1039,r/min,0,3,2,2,-1,-1,-1,1,0,0,0,,1,-20000,0,"[{'no': 1, 'up_bound': 0, 'low_bound': 0, 'range_id': 0, 'range_label': None}]"
Engine compression measurement,21,Engine speed,90,90,241,742,1,0x39ADA1,0x22,0x1048,r/min,0,5,2,2,-1,-1,-1,1,0,0,0,,0.25,0,2,"[{'no': 1, 'up_bound': 0, 'low_bound': 0, 'range_id': 0, 'range_label': None}]"
Engine compression measurement,21,FMCU capacitor voltage,100,100,284,786,1,0x39ADA1,0x22,0x1099,V,0,3,2,2,-1,-1,65472,1,0,0,0,,0.015625,0,0,"[{'no': 1, 'up_bound': 0, 'low_bound': 0, 'range_id': 0, 'range_label': None}]"
Engine compression measurement,21,Battery cell minimum Voltage,110,110,293,794,1,0x39ADA1,0x22,0x10A5,V,0,3,3,2,-1,-1,130944,1,0,0,0,,0.0000390625,0,3,"[{'no': 1, 'up_bound': 0, 'low_bound': 0, 'range_id': 0, 'range_label': None}]"
Engine compression measurement,21,Generator output torque,120,120,301,800,1,0x39ADA1,0x22,0x10AE,Nm,0,3,2,2,-1,-1,65528,1,0,0,0,,0.0125,-400,1,"[{'no': 1, 'up_bound': 0, 'low_bound': 0, 'range_id': 0, 'range_label': None}]"
Engine compression measurement,21,Static engine torque,130,130,304,803,1,0x39ADA1,0x22,0x10B1,Nm,0,3,2,2,-1,-1,-1,1,0,0,0,,0.0156,-500,2,"[{'no': 1, 'up_bound': 0, 'low_bound': 0, 'range_id': 0, 'range_label': None}]"
Engine compression measurement,21,State of charge for control,140,140,322,818,1,0x39ADA1,0x22,0x10C8,%,0,3,2,2,-1,-1,65504,1,0,0,0,,0.003125,-5,1,"[{'no': 1, 'up_bound': 0, 'low_bound': 0, 'range_id': 0, 'range_label': None}]"
Engine compression measurement,21,Battery Maximum Output Power,150,150,368,864,1,0x39ADA1,0x22,0x10FF,kW,0,3,2,2,-1,-1,65472,1,0,0,0,,0.00390625,0,2,"[{'no': 1, 'up_bound': 0, 'low_bound': 0, 'range_id': 0, 'range_label': None}]"
Engine compression measurement,21,Generator Torque available,160,160,373,869,1,0x39ADA1,0x22,0x1108,Nm,0,3,2,2,-1,-1,65520,1,0,0,0,,0.00625,0,1,"[{'no': 1, 'up_bound': 0, 'low_bound': 0, 'range_id': 0, 'range_label': None}]"
Engine compression measurement,21,Battery Output Power Status,170,170,378,874,1,0x39ADA1,0x22,0x110D,,1,3,1,2,6,2,-1,1,0,0,0,,1,0,0,"[{'no': 1, 'up_bound': 0, 'low_bound': 0, 'range_id': 0, 'range_label': None}]"
Engine compression measurement,21,Generator loss,180,180,382,878,1,0x39ADA1,0x22,0x1111,kW,0,3,1,2,-1,-1,-1,1,0,0,0,,0.1,0,1,"[{'no': 1, 'up_bound': 0, 'low_bound': 0, 'range_id': 0, 'range_label': None}]"
Engine compression measurement,21,Generator Torque Request,190,190,386,882,1,0x39ADA1,0x22,0x1115,Nm,0,3,2,2,-1,-1,65534,1,0,0,0,,0.05,-1000,1,"[{'no': 1, 'up_bound': 0, 'low_bound': 0, 'range_id': 0, 'range_label': None}]"
Engine compression measurement,21,Engine Torque Request,200,200,387,883,1,0x39ADA1,0x22,0x1116,Nm,0,3,2,2,-1,-1,-1,1,0,0,0,,0.0156,-500,2,"[{'no': 1, 'up_bound': 0, 'low_bound': 0, 'range_id': 0, 'range_label': None}]"
Engine compression measurement,21,Target GCU rpm,220,220,1335,1336,1,0x39ADA1,0x22,0x1157,r/min,0,3,2,2,-1,-1,-1,1,0,0,0,,1,-20000,0,"[{'no': 1, 'up_bound': 0, 'low_bound': 0, 'range_id': 0, 'range_label': None}]"
Maintenance mode,22,Maintenance mode,1,1,50,73,1,0x39ADA1,0x31,0x1,,0,4,1,2,-1,-1,-1,1,0,0,0,,0,0,0,"[{'no': 1, 'up_bound': 0, 'low_bound': 0, 'range_id': 0, 'range_label': None}]"
Maintenance mode,23,Maintenance mode (stop),1,1,51,73,1,0x39ADA1,0x31,0x2,,0,4,1,2,-1,-1,-1,1,0,0,0,,0,0,0,"[{'no': 1, 'up_bound': 0, 'low_bound': 0, 'range_id': 0, 'range_label': None}]"
Maintenance mode,22,Power SW signal,10,10,108,615,1,0x39ADA1,0x22,0x100,,1,3,1,2,7,1,-1,1,0,0,1000003,OFF,0,0,0,"[{'no': 1, 'up_bound': 0, 'low_bound': 0, 'range_id': 1000003, 'range_label': 'OFF'}, {'no': 2, 'up_bound': 1, 'low_bound': 1, 'range_id': 1000004, 'range_label': 'ON'}]"
Maintenance mode,22,EV mode,20,20,109,686,1,0x39ADA1,0x22,0x1002,,0,3,1,2,-1,-1,-1,1,0,0,0,,1,0,0,"[{'no': 1, 'up_bound': 0, 'low_bound': 0, 'range_id': 0, 'range_label': None}]"
Maintenance mode,22,SOC for display,30,30,117,745,1,0x39ADA1,0x22,0x1057,%,0,3,1,2,-1,-1,-1,1,0,0,0,,0.392157,0,0,"[{'no': 1, 'up_bound': 0, 'low_bound': 0, 'range_id': 0, 'range_label': None}]"
Maintenance mode,22,Shift position(control value),40,40,225,725,1,0x39ADA1,0x22,0x1033,,0,3,1,2,-1,-1,-1,1,0,0,0,,1,0,0,"[{'no': 1, 'up_bound': 0, 'low_bound': 0, 'range_id': 0, 'range_label': None}]"
Maintenance mode,22,Engine speed,50,50,241,742,1,0x39ADA1,0x22,0x1048,r/min,0,5,2,2,-1,-1,-1,1,0,0,0,,0.25,0,2,"[{'no': 1, 'up_bound': 0, 'low_bound': 0, 'range_id': 0, 'range_label': None}]"
Maintenance mode,22,Engine coolant temperature,60,60,332,828,1,0x39ADA1,0x22,0x10D2,°C,0,3,1,2,-1,-1,-1,1,0,0,0,,1,-40,0,"[{'no': 1, 'up_bound': 0, 'low_bound': 0, 'range_id': 0, 'range_label': None}]"
Maintenance mode,22,Engine Torque Request,70,70,387,883,1,0x39ADA1,0x22,0x1116,Nm,0,3,2,2,-1,-1,-1,1,0,0,0,,0.0156,-500,2,"[{'no': 1, 'up_bound': 0, 'low_bound': 0, 'range_id': 0, 'range_label': None}]"
Maintenance mode,23,Power SW signal,10,10,108,615,1,0x39ADA1,0x22,0x100,,1,3,1,2,7,1,-1,1,0,0,1000003,OFF,0,0,0,"[{'no': 1, 'up_bound': 0, 'low_bound': 0, 'range_id': 1000003, 'range_label': 'OFF'}, {'no': 2, 'up_bound': 1, 'low_bound': 1, 'range_id': 1000004, 'range_label': 'ON'}]"
Maintenance mode,23,EV mode,20,20,109,686,1,0x39ADA1,0x22,0x1002,,0,3,1,2,-1,-1,-1,1,0,0,0,,1,0,0,"[{'no': 1, 'up_bound': 0, 'low_bound': 0, 'range_id': 0, 'range_label': None}]"
Maintenance mode,23,SOC for display,30,30,117,745,1,0x39ADA1,0x22,0x1057,%,0,3,1,2,-1,-1,-1,1,0,0,0,,0.392157,0,0,"[{'no': 1, 'up_bound': 0, 'low_bound': 0, 'range_id': 0, 'range_label': None}]"
Maintenance mode,23,Shift position(control value),40,40,225,725,1,0x39ADA1,0x22,0x1033,,0,3,1,2,-1,-1,-1,1,0,0,0,,1,0,0,"[{'no': 1, 'up_bound': 0, 'low_bound': 0, 'range_id': 0, 'range_label': None}]"
Maintenance mode,23,Engine speed,50,50,241,742,1,0x39ADA1,0x22,0x1048,r/min,0,5,2,2,-1,-1,-1,1,0,0,0,,0.25,0,2,"[{'no': 1, 'up_bound': 0, 'low_bound': 0, 'range_id': 0, 'range_label': None}]"
Maintenance mode,23,Engine coolant temperature,60,60,332,828,1,0x39ADA1,0x22,0x10D2,°C,0,3,1,2,-1,-1,-1,1,0,0,0,,1,-40,0,"[{'no': 1, 'up_bound': 0, 'low_bound': 0, 'range_id': 0, 'range_label': None}]"
Maintenance mode,23,Engine Torque Request,70,70,387,883,1,0x39ADA1,0x22,0x1116,Nm,0,3,2,2,-1,-1,-1,1,0,0,0,,0.0156,-500,2,"[{'no': 1, 'up_bound': 0, 'low_bound': 0, 'range_id': 0, 'range_label': None}]"
Control signal 1 for Charge port Lid Unlock Actuator,24,Control signal 1 for Charge port Lid Unlock Actuator,1,1,1309,1313,1,0x39ADA1,0x2F,0xA00A,,,,,,,,,,,,,,,,,[]
Control signal 1 for Charge port Lid Unlock Actuator,24,-1,2,2,1310,0,1,0x39ADA1,0x2F,0xA00A,,,,,,,,,,,,,,,,,[]
Control signal 1 for Charge port Lid Unlock Actuator,24,IGCT Control power supply,10,10,110,690,1,0x39ADA1,0x22,0x1006,V,0,3,1,2,-1,-1,-1,1,0,0,0,,0.1,0,1,"[{'no': 1, 'up_bound': 0, 'low_bound': 0, 'range_id': 0, 'range_label': None}]"
Control signal 1 for Charge port Lid Unlock Actuator,24,Vehicle speed,20,20,111,692,1,0x39ADA1,0x22,0x1008,km/h,0,3,1,2,-1,-1,-1,1,0,0,0,,1,0,0,"[{'no': 1, 'up_bound': 0, 'low_bound': 0, 'range_id': 0, 'range_label': None}]"
Control signal 2 for Charge Connector Unlock Actuator,25,Control signal 2 for Charge Connector Unlock Actuator,1,1,1311,1314,1,0x39ADA1,0x2F,0xA00C,,,,,,,,,,,,,,,,,[]
Control signal 2 for Charge Connector Unlock Actuator,25,-1,2,2,1312,0,1,0x39ADA1,0x2F,0xA00C,,,,,,,,,,,,,,,,,[]
Control signal 2 for Charge Connector Unlock Actuator,25,IGCT Control power supply,10,10,110,690,1,0x39ADA1,0x22,0x1006,V,0,3,1,2,-1,-1,-1,1,0,0,0,,0.1,0,1,"[{'no': 1, 'up_bound': 0, 'low_bound': 0, 'range_id': 0, 'range_label': None}]"
Control signal 2 for Charge Connector Unlock Actuator,25,Vehicle speed,20,20,111,692,1,0x39ADA1,0x22,0x1008,km/h,0,3,1,2,-1,-1,-1,1,0,0,0,,1,0,0,"[{'no': 1, 'up_bound': 0, 'low_bound': 0, 'range_id': 0, 'range_label': None}]"
Compulsion Boot Test,26,Compulsion Boot Test Request,1,1,1315,0,1,0x39ADA1,0x10,0x2,,,,,,,,,,,,,,,,,[]
Compulsion Boot Test,26,-1,2,2,1316,0,1,0x39ADA1,0x31,0x1,,,,,,,,,,,,,,,,,[]
Compulsion Boot Test,26,-1,3,3,1317,0,1,0x39ADA1,0x11,0x1,,,,,,,,,,,,,,,,,[]
Compulsion Boot Test,26,-1,4,4,1318,0,1,0x39ADA1,0x10,0x3,,,,,,,,,,,,,,,,,[]
Compulsion Boot Test,26,,,,,,,0x39ADA1,,,,,,,,,,,,,,,,,,,[]
Chassis No./VIN Information,Idle control,Dummy1,1,1,74,0,1,0x39ADA1,0x22,0xF190,,0,3,17,2,-1,-1,-1,,,,,,,,,[]
Chassis No./VIN Registration,Timing control,Dummy1,1,1,74,0,1,0x39ADA1,0x22,0xF190,,0,3,17,2,-1,-1,-1,,,,,,,,,[]
Chassis No./VIN Registration,Timing control,Dummy2,2,2,75,0,1,0x39ADA1,0x2E,0xF190,,0,3,17,2,-1,-1,-1,,,,,,,,,[]
