function,group,item,no,no_nas,qual_id,su_qual_id,visible,skey_sid_hex,qual_sid_hex,qual_lid_hex,param_unit,param_data_type,param_byte_pos,param_byte_len,param_byte_ord,param_bit_pos,param_bit_len,param_bit_mask,scale_no,scale_up_bound,scale_low_bound,scale_range_id,scale_range_label,scale_factor,scale_offset,scale_format,scale_labels
Data List,All data,SPEED METER,1,238,11,336,1,0x708C2EC1,0x22,0xF40D,km/h,0,3,2,2,-1,-1,-1,1,0,0,0,,0.01,0,2,"[{'no': 1, 'up_bound': 0, 'low_bound': 0, 'range_id': 0, 'range_label': None}]"
Data List,All data,SPEED OUTPUT,2,239,12,293,1,0x708C2EC1,0x22,0xE00,km/h,0,3,2,2,-1,-1,-1,1,0,0,0,,0.01,0,2,"[{'no': 1, 'up_bound': 0, 'low_bound': 0, 'range_id': 0, 'range_label': None}]"
Data List,All data,ODO OUTPUT,3,167,13,294,1,0x708C2EC1,0x22,0xE01,km,0,3,3,2,-1,-1,-1,1,0,0,0,,1,0,0,"[{'no': 1, 'up_bound': 0, 'low_bound': 0, 'range_id': 0, 'range_label': None}]"
Data List,All data,TACHO METER,4,252,14,295,1,0x708C2EC1,0x22,0xE02,r/min,0,3,2,2,-1,-1,-1,1,0,0,0,,0.125,0,3,"[{'no': 1, 'up_bound': 0, 'low_bound': 0, 'range_id': 0, 'range_label': None}]"
Data List,All data,FUEL METER,5,112,15,296,1,0x708C2EC1,0x22,0xE03,L,0,3,1,2,-1,-1,-1,1,0,0,0,,0.8,0,1,"[{'no': 1, 'up_bound': 0, 'low_bound': 0, 'range_id': 0, 'range_label': None}]"
Data List,All data,W TEMP METER,6,279,16,297,1,0x708C2EC1,0x22,0xE04,°C,0,3,1,2,-1,-1,-1,1,0,0,0,,1,-40,0,"[{'no': 1, 'up_bound': 0, 'low_bound': 0, 'range_id': 0, 'range_label': None}]"
Data List,All data,Power meter,7,183,17,298,1,0x708C2EC1,0x22,0xE05,%,0,3,1,2,-1,-1,-1,1,0,0,0,,1,-100,0,"[{'no': 1, 'up_bound': 0, 'low_bound': 0, 'range_id': 0, 'range_label': None}]"
Data List,All data,ABS W/L,8,13,18,299,1,0x708C2EC1,0x22,0xE07,,1,3,1,2,7,1,-1,1,0,0,1000003,OFF,0,0,0,"[{'no': 1, 'up_bound': 0, 'low_bound': 0, 'range_id': 1000003, 'range_label': 'OFF'}, {'no': 2, 'up_bound': 1, 'low_bound': 1, 'range_id': 1000004, 'range_label': 'ON'}]"
Data List,All data,ASC/TCL IND,9,31,19,299,1,0x708C2EC1,0x22,0xE07,,1,3,1,2,6,1,-1,1,0,0,1000003,OFF,0,0,0,"[{'no': 1, 'up_bound': 0, 'low_bound': 0, 'range_id': 1000003, 'range_label': 'OFF'}, {'no': 2, 'up_bound': 1, 'low_bound': 1, 'range_id': 1000004, 'range_label': 'ON'}]"
Data List,All data,SLIP IND,10,218,20,299,1,0x708C2EC1,0x22,0xE07,,1,3,1,2,5,1,-1,1,0,0,1000003,OFF,0,0,0,"[{'no': 1, 'up_bound': 0, 'low_bound': 0, 'range_id': 1000003, 'range_label': 'OFF'}, {'no': 2, 'up_bound': 1, 'low_bound': 1, 'range_id': 1000004, 'range_label': 'ON'}]"
Data List,All data,BRAKE W/L,11,55,21,299,1,0x708C2EC1,0x22,0xE07,,1,3,1,2,4,1,-1,1,0,0,1000003,OFF,0,0,0,"[{'no': 1, 'up_bound': 0, 'low_bound': 0, 'range_id': 1000003, 'range_label': 'OFF'}, {'no': 2, 'up_bound': 1, 'low_bound': 1, 'range_id': 1000004, 'range_label': 'ON'}]"
Data List,All data,E-PKB warning light,12,103,22,299,1,0x708C2EC1,0x22,0xE07,,1,3,1,2,3,1,-1,1,0,0,1000003,OFF,0,0,0,"[{'no': 1, 'up_bound': 0, 'low_bound': 0, 'range_id': 1000003, 'range_label': 'OFF'}, {'no': 2, 'up_bound': 1, 'low_bound': 1, 'range_id': 1000004, 'range_label': 'ON'}]"
Data List,All data,DOOR W/L,13,81,23,299,1,0x708C2EC1,0x22,0xE07,,1,3,1,2,2,1,-1,1,0,0,1000003,OFF,0,0,0,"[{'no': 1, 'up_bound': 0, 'low_bound': 0, 'range_id': 1000003, 'range_label': 'OFF'}, {'no': 2, 'up_bound': 1, 'low_bound': 1, 'range_id': 1000004, 'range_label': 'ON'}]"
Data List,All data,TRUNK/GLAS-H,14,271,24,299,1,0x708C2EC1,0x22,0xE07,,1,3,1,2,1,1,-1,1,0,0,1000003,OFF,0,0,0,"[{'no': 1, 'up_bound': 0, 'low_bound': 0, 'range_id': 1000003, 'range_label': 'OFF'}, {'no': 2, 'up_bound': 1, 'low_bound': 1, 'range_id': 1000004, 'range_label': 'ON'}]"
Data List,All data,HI-BEAM IND,15,121,25,299,1,0x708C2EC1,0x22,0xE07,,1,3,1,2,0,1,-1,1,0,0,1000003,OFF,0,0,0,"[{'no': 1, 'up_bound': 0, 'low_bound': 0, 'range_id': 1000003, 'range_label': 'OFF'}, {'no': 2, 'up_bound': 1, 'low_bound': 1, 'range_id': 1000004, 'range_label': 'ON'}]"
Data List,All data,TURN IND,16,272,26,299,1,0x708C2EC1,0x22,0xE07,,1,4,1,2,7,1,-1,1,0,0,1000003,OFF,0,0,0,"[{'no': 1, 'up_bound': 0, 'low_bound': 0, 'range_id': 1000003, 'range_label': 'OFF'}, {'no': 2, 'up_bound': 1, 'low_bound': 1, 'range_id': 1000004, 'range_label': 'ON'}]"
Data List,All data,FR FOG IND,17,109,27,299,1,0x708C2EC1,0x22,0xE07,,1,4,1,2,6,1,-1,1,0,0,1000003,OFF,0,0,0,"[{'no': 1, 'up_bound': 0, 'low_bound': 0, 'range_id': 1000003, 'range_label': 'OFF'}, {'no': 2, 'up_bound': 1, 'low_bound': 1, 'range_id': 1000004, 'range_label': 'ON'}]"
Data List,All data,RR FOG IND,18,192,28,299,1,0x708C2EC1,0x22,0xE07,,1,4,1,2,5,1,-1,1,0,0,1000003,OFF,0,0,0,"[{'no': 1, 'up_bound': 0, 'low_bound': 0, 'range_id': 1000003, 'range_label': 'OFF'}, {'no': 2, 'up_bound': 1, 'low_bound': 1, 'range_id': 1000004, 'range_label': 'ON'}]"
Data List,All data,LIGHT IND,19,141,29,299,1,0x708C2EC1,0x22,0xE07,,1,4,1,2,4,1,-1,1,0,0,1000003,OFF,0,0,0,"[{'no': 1, 'up_bound': 0, 'low_bound': 0, 'range_id': 1000003, 'range_label': 'OFF'}, {'no': 2, 'up_bound': 1, 'low_bound': 1, 'range_id': 1000004, 'range_label': 'ON'}]"
Data List,All data,OIL W/L,20,169,30,299,1,0x708C2EC1,0x22,0xE07,,1,4,1,2,3,1,-1,1,0,0,1000003,OFF,0,0,0,"[{'no': 1, 'up_bound': 0, 'low_bound': 0, 'range_id': 1000003, 'range_label': 'OFF'}, {'no': 2, 'up_bound': 1, 'low_bound': 1, 'range_id': 1000004, 'range_label': 'ON'}]"
Data List,All data,MIL,21,149,31,299,1,0x708C2EC1,0x22,0xE07,,1,4,1,2,2,1,-1,1,0,0,1000003,OFF,0,0,0,"[{'no': 1, 'up_bound': 0, 'low_bound': 0, 'range_id': 1000003, 'range_label': 'OFF'}, {'no': 2, 'up_bound': 1, 'low_bound': 1, 'range_id': 1000004, 'range_label': 'ON'}]"
Data List,All data,GLOW IND,22,115,32,299,1,0x708C2EC1,0x22,0xE07,,1,4,1,2,1,1,-1,1,0,0,1000003,OFF,0,0,0,"[{'no': 1, 'up_bound': 0, 'low_bound': 0, 'range_id': 1000003, 'range_label': 'OFF'}, {'no': 2, 'up_bound': 1, 'low_bound': 1, 'range_id': 1000004, 'range_label': 'ON'}]"
Data List,All data,C-ENG2 W/L,23,62,33,299,1,0x708C2EC1,0x22,0xE07,,1,4,1,2,0,1,-1,1,0,0,1000003,OFF,0,0,0,"[{'no': 1, 'up_bound': 0, 'low_bound': 0, 'range_id': 1000003, 'range_label': 'OFF'}, {'no': 2, 'up_bound': 1, 'low_bound': 1, 'range_id': 1000004, 'range_label': 'ON'}]"
Data List,All data,CRUISE IND,24,70,34,299,1,0x708C2EC1,0x22,0xE07,,1,5,1,2,7,1,-1,1,0,0,1000003,OFF,0,0,0,"[{'no': 1, 'up_bound': 0, 'low_bound': 0, 'range_id': 1000003, 'range_label': 'OFF'}, {'no': 2, 'up_bound': 1, 'low_bound': 1, 'range_id': 1000004, 'range_label': 'ON'}]"
Data List,All data,SET IND,25,206,35,299,1,0x708C2EC1,0x22,0xE07,,1,5,1,2,6,1,-1,1,0,0,1000003,OFF,0,0,0,"[{'no': 1, 'up_bound': 0, 'low_bound': 0, 'range_id': 1000003, 'range_label': 'OFF'}, {'no': 2, 'up_bound': 1, 'low_bound': 1, 'range_id': 1000004, 'range_label': 'ON'}]"
Data List,All data,CRUISE W/L,26,72,36,299,1,0x708C2EC1,0x22,0xE07,,1,5,1,2,5,1,-1,1,0,0,1000003,OFF,0,0,0,"[{'no': 1, 'up_bound': 0, 'low_bound': 0, 'range_id': 1000003, 'range_label': 'OFF'}, {'no': 2, 'up_bound': 1, 'low_bound': 1, 'range_id': 1000004, 'range_label': 'ON'}]"
Data List,All data,BA W/L,27,47,37,299,1,0x708C2EC1,0x22,0xE07,,1,5,1,2,4,1,-1,1,0,0,1000003,OFF,0,0,0,"[{'no': 1, 'up_bound': 0, 'low_bound': 0, 'range_id': 1000003, 'range_label': 'OFF'}, {'no': 2, 'up_bound': 1, 'low_bound': 1, 'range_id': 1000004, 'range_label': 'ON'}]"
Data List,All data,O/D OFF IND,28,165,38,299,1,0x708C2EC1,0x22,0xE07,,1,5,1,2,3,1,-1,1,0,0,1000003,OFF,0,0,0,"[{'no': 1, 'up_bound': 0, 'low_bound': 0, 'range_id': 1000003, 'range_label': 'OFF'}, {'no': 2, 'up_bound': 1, 'low_bound': 1, 'range_id': 1000004, 'range_label': 'ON'}]"
Data List,All data,ATC/T-AMT W/L,29,44,39,299,1,0x708C2EC1,0x22,0xE07,,1,5,1,2,2,1,-1,1,0,0,1000003,OFF,0,0,0,"[{'no': 1, 'up_bound': 0, 'low_bound': 0, 'range_id': 1000003, 'range_label': 'OFF'}, {'no': 2, 'up_bound': 1, 'low_bound': 1, 'range_id': 1000004, 'range_label': 'ON'}]"
Data List,All data,ATF TEMP W/L,30,45,40,299,1,0x708C2EC1,0x22,0xE07,,1,5,1,2,1,1,-1,1,0,0,1000003,OFF,0,0,0,"[{'no': 1, 'up_bound': 0, 'low_bound': 0, 'range_id': 1000003, 'range_label': 'OFF'}, {'no': 2, 'up_bound': 1, 'low_bound': 1, 'range_id': 1000004, 'range_label': 'ON'}]"
Data List,All data,CVT IND,31,73,41,299,1,0x708C2EC1,0x22,0xE07,,1,5,1,2,0,1,-1,1,0,0,1000003,OFF,0,0,0,"[{'no': 1, 'up_bound': 0, 'low_bound': 0, 'range_id': 1000003, 'range_label': 'OFF'}, {'no': 2, 'up_bound': 1, 'low_bound': 1, 'range_id': 1000004, 'range_label': 'ON'}]"
Data List,All data,SPORT IND,32,240,42,299,1,0x708C2EC1,0x22,0xE07,,1,6,1,2,7,1,-1,1,0,0,1000003,OFF,0,0,0,"[{'no': 1, 'up_bound': 0, 'low_bound': 0, 'range_id': 1000003, 'range_label': 'OFF'}, {'no': 2, 'up_bound': 1, 'low_bound': 1, 'range_id': 1000004, 'range_label': 'ON'}]"
Data List,All data,4WD W/L,33,9,43,299,1,0x708C2EC1,0x22,0xE07,,1,6,1,2,6,1,-1,1,0,0,1000003,OFF,0,0,0,"[{'no': 1, 'up_bound': 0, 'low_bound': 0, 'range_id': 1000003, 'range_label': 'OFF'}, {'no': 2, 'up_bound': 1, 'low_bound': 1, 'range_id': 1000004, 'range_label': 'ON'}]"
Data List,All data,4WD LOCK IND,34,5,44,299,1,0x708C2EC1,0x22,0xE07,,1,6,1,2,5,1,-1,1,0,0,1000003,OFF,0,0,0,"[{'no': 1, 'up_bound': 0, 'low_bound': 0, 'range_id': 1000003, 'range_label': 'OFF'}, {'no': 2, 'up_bound': 1, 'low_bound': 1, 'range_id': 1000004, 'range_label': 'ON'}]"
Data List,All data,FUEL W/L,35,113,45,299,1,0x708C2EC1,0x22,0xE07,,1,6,1,2,4,1,-1,1,0,0,1000003,OFF,0,0,0,"[{'no': 1, 'up_bound': 0, 'low_bound': 0, 'range_id': 1000003, 'range_label': 'OFF'}, {'no': 2, 'up_bound': 1, 'low_bound': 1, 'range_id': 1000004, 'range_label': 'ON'}]"
Data List,All data,WASHER W/L,36,280,46,299,1,0x708C2EC1,0x22,0xE07,,1,6,1,2,3,1,-1,1,0,0,1000003,OFF,0,0,0,"[{'no': 1, 'up_bound': 0, 'low_bound': 0, 'range_id': 1000003, 'range_label': 'OFF'}, {'no': 2, 'up_bound': 1, 'low_bound': 1, 'range_id': 1000004, 'range_label': 'ON'}]"
Data List,All data,AIR PRES W/L,37,26,47,299,1,0x708C2EC1,0x22,0xE07,,1,6,1,2,2,1,-1,1,0,0,1000003,OFF,0,0,0,"[{'no': 1, 'up_bound': 0, 'low_bound': 0, 'range_id': 1000003, 'range_label': 'OFF'}, {'no': 2, 'up_bound': 1, 'low_bound': 1, 'range_id': 1000004, 'range_label': 'ON'}]"
Data List,All data,KEY G/Y W/L,38,128,48,299,1,0x708C2EC1,0x22,0xE07,,1,6,1,2,1,1,-1,1,0,0,1000003,OFF,0,0,0,"[{'no': 1, 'up_bound': 0, 'low_bound': 0, 'range_id': 1000003, 'range_label': 'OFF'}, {'no': 2, 'up_bound': 1, 'low_bound': 1, 'range_id': 1000004, 'range_label': 'ON'}]"
Data List,All data,KEY R W/L,39,130,49,299,1,0x708C2EC1,0x22,0xE07,,1,6,1,2,0,1,-1,1,0,0,1000003,OFF,0,0,0,"[{'no': 1, 'up_bound': 0, 'low_bound': 0, 'range_id': 1000003, 'range_label': 'OFF'}, {'no': 2, 'up_bound': 1, 'low_bound': 1, 'range_id': 1000004, 'range_label': 'ON'}]"
Data List,All data,KEY KNOB W/L,40,129,50,299,1,0x708C2EC1,0x22,0xE07,,1,7,1,2,7,1,-1,1,0,0,1000003,OFF,0,0,0,"[{'no': 1, 'up_bound': 0, 'low_bound': 0, 'range_id': 1000003, 'range_label': 'OFF'}, {'no': 2, 'up_bound': 1, 'low_bound': 1, 'range_id': 1000004, 'range_label': 'ON'}]"
Data List,All data,EPS W/L,41,104,51,299,1,0x708C2EC1,0x22,0xE07,,1,7,1,2,6,1,-1,1,0,0,1000003,OFF,0,0,0,"[{'no': 1, 'up_bound': 0, 'low_bound': 0, 'range_id': 1000003, 'range_label': 'OFF'}, {'no': 2, 'up_bound': 1, 'low_bound': 1, 'range_id': 1000004, 'range_label': 'ON'}]"
Data List,All data,e-4WD W/L,42,89,52,299,1,0x708C2EC1,0x22,0xE07,,1,7,1,2,5,1,-1,1,0,0,1000003,OFF,0,0,0,"[{'no': 1, 'up_bound': 0, 'low_bound': 0, 'range_id': 1000003, 'range_label': 'OFF'}, {'no': 2, 'up_bound': 1, 'low_bound': 1, 'range_id': 1000004, 'range_label': 'ON'}]"
Data List,All data,AFS OFF IND,43,23,53,299,1,0x708C2EC1,0x22,0xE07,,1,7,1,2,4,1,-1,1,0,0,1000003,OFF,0,0,0,"[{'no': 1, 'up_bound': 0, 'low_bound': 0, 'range_id': 1000003, 'range_label': 'OFF'}, {'no': 2, 'up_bound': 1, 'low_bound': 1, 'range_id': 1000004, 'range_label': 'ON'}]"
Data List,All data,4WAS/RAS W/L,44,1,54,299,1,0x708C2EC1,0x22,0xE07,,1,7,1,2,3,1,-1,1,0,0,1000003,OFF,0,0,0,"[{'no': 1, 'up_bound': 0, 'low_bound': 0, 'range_id': 1000003, 'range_label': 'OFF'}, {'no': 2, 'up_bound': 1, 'low_bound': 1, 'range_id': 1000004, 'range_label': 'ON'}]"
Data List,All data,DDS W/L,45,76,55,299,1,0x708C2EC1,0x22,0xE07,,1,7,1,2,2,1,-1,1,0,0,1000003,OFF,0,0,0,"[{'no': 1, 'up_bound': 0, 'low_bound': 0, 'range_id': 1000003, 'range_label': 'OFF'}, {'no': 2, 'up_bound': 1, 'low_bound': 1, 'range_id': 1000004, 'range_label': 'ON'}]"
Data List,All data,LANE W/L,46,134,56,299,1,0x708C2EC1,0x22,0xE07,,1,7,1,2,1,1,-1,1,0,0,1000003,OFF,0,0,0,"[{'no': 1, 'up_bound': 0, 'low_bound': 0, 'range_id': 1000003, 'range_label': 'OFF'}, {'no': 2, 'up_bound': 1, 'low_bound': 1, 'range_id': 1000004, 'range_label': 'ON'}]"
Data List,All data,LDP IND,47,136,57,299,1,0x708C2EC1,0x22,0xE07,,1,7,1,2,0,1,-1,1,0,0,1000003,OFF,0,0,0,"[{'no': 1, 'up_bound': 0, 'low_bound': 0, 'range_id': 1000003, 'range_label': 'OFF'}, {'no': 2, 'up_bound': 1, 'low_bound': 1, 'range_id': 1000004, 'range_label': 'ON'}]"
Data List,All data,SLOW IND,48,219,58,299,1,0x708C2EC1,0x22,0xE07,,1,8,1,2,7,1,-1,1,0,0,1000003,OFF,0,0,0,"[{'no': 1, 'up_bound': 0, 'low_bound': 0, 'range_id': 1000003, 'range_label': 'OFF'}, {'no': 2, 'up_bound': 1, 'low_bound': 1, 'range_id': 1000004, 'range_label': 'ON'}]"
Data List,All data,READY IND,49,187,59,299,1,0x708C2EC1,0x22,0xE07,,1,8,1,2,6,1,-1,1,0,0,1000003,OFF,0,0,0,"[{'no': 1, 'up_bound': 0, 'low_bound': 0, 'range_id': 1000003, 'range_label': 'OFF'}, {'no': 2, 'up_bound': 1, 'low_bound': 1, 'range_id': 1000004, 'range_label': 'ON'}]"
Data List,All data,INVT TEMP IND,50,126,60,299,1,0x708C2EC1,0x22,0xE07,,1,8,1,2,5,1,-1,1,0,0,1000003,OFF,0,0,0,"[{'no': 1, 'up_bound': 0, 'low_bound': 0, 'range_id': 1000003, 'range_label': 'OFF'}, {'no': 2, 'up_bound': 1, 'low_bound': 1, 'range_id': 1000004, 'range_label': 'ON'}]"
Data List,All data,SYS FAIL W/L,51,251,61,299,1,0x708C2EC1,0x22,0xE07,,1,8,1,2,4,1,-1,1,0,0,1000003,OFF,0,0,0,"[{'no': 1, 'up_bound': 0, 'low_bound': 0, 'range_id': 1000003, 'range_label': 'OFF'}, {'no': 2, 'up_bound': 1, 'low_bound': 1, 'range_id': 1000004, 'range_label': 'ON'}]"
Data List,All data,SFT POSI W/L,52,215,62,299,1,0x708C2EC1,0x22,0xE07,,1,8,1,2,3,1,-1,1,0,0,1000003,OFF,0,0,0,"[{'no': 1, 'up_bound': 0, 'low_bound': 0, 'range_id': 1000003, 'range_label': 'OFF'}, {'no': 2, 'up_bound': 1, 'low_bound': 1, 'range_id': 1000004, 'range_label': 'ON'}]"
Data List,All data,HV BAT W/L,53,123,63,299,1,0x708C2EC1,0x22,0xE07,,1,8,1,2,2,1,-1,1,0,0,1000003,OFF,0,0,0,"[{'no': 1, 'up_bound': 0, 'low_bound': 0, 'range_id': 1000003, 'range_label': 'OFF'}, {'no': 2, 'up_bound': 1, 'low_bound': 1, 'range_id': 1000004, 'range_label': 'ON'}]"
Data List,All data,HEV BRAKE W/L,54,118,64,299,1,0x708C2EC1,0x22,0xE07,,1,8,1,2,1,1,-1,1,0,0,1000003,OFF,0,0,0,"[{'no': 1, 'up_bound': 0, 'low_bound': 0, 'range_id': 1000003, 'range_label': 'OFF'}, {'no': 2, 'up_bound': 1, 'low_bound': 1, 'range_id': 1000004, 'range_label': 'ON'}]"
Data List,All data,SFT OPER W/L,55,214,65,299,1,0x708C2EC1,0x22,0xE07,,1,8,1,2,0,1,-1,1,0,0,1000003,OFF,0,0,0,"[{'no': 1, 'up_bound': 0, 'low_bound': 0, 'range_id': 1000003, 'range_label': 'OFF'}, {'no': 2, 'up_bound': 1, 'low_bound': 1, 'range_id': 1000004, 'range_label': 'ON'}]"
Data List,All data,LANE KEEP W/L,56,133,66,299,1,0x708C2EC1,0x22,0xE07,,1,9,1,2,7,1,-1,1,0,0,1000003,OFF,0,0,0,"[{'no': 1, 'up_bound': 0, 'low_bound': 0, 'range_id': 1000003, 'range_label': 'OFF'}, {'no': 2, 'up_bound': 1, 'low_bound': 1, 'range_id': 1000004, 'range_label': 'ON'}]"
Data List,All data,IDOL STOP IND,57,125,67,299,1,0x708C2EC1,0x22,0xE07,,1,9,1,2,6,1,-1,1,0,0,1000003,OFF,0,0,0,"[{'no': 1, 'up_bound': 0, 'low_bound': 0, 'range_id': 1000003, 'range_label': 'OFF'}, {'no': 2, 'up_bound': 1, 'low_bound': 1, 'range_id': 1000004, 'range_label': 'ON'}]"
Data List,All data,CHARGE W/L,58,63,68,299,1,0x708C2EC1,0x22,0xE07,,1,9,1,2,5,1,-1,1,0,0,1000003,OFF,0,0,0,"[{'no': 1, 'up_bound': 0, 'low_bound': 0, 'range_id': 1000003, 'range_label': 'OFF'}, {'no': 2, 'up_bound': 1, 'low_bound': 1, 'range_id': 1000004, 'range_label': 'ON'}]"
Data List,All data,4WD AUTO IND,59,2,69,299,1,0x708C2EC1,0x22,0xE07,,1,9,1,2,3,2,-1,1,1,0,1000004,ON,0,0,0,"[{'no': 1, 'up_bound': 1, 'low_bound': 0, 'range_id': 1000004, 'range_label': 'ON'}, {'no': 2, 'up_bound': 3, 'low_bound': 2, 'range_id': 1000003, 'range_label': 'OFF'}]"
Data List,All data,DPF W/L,60,82,70,299,1,0x708C2EC1,0x22,0xE07,,1,9,1,2,2,1,-1,1,0,0,1000003,OFF,0,0,0,"[{'no': 1, 'up_bound': 0, 'low_bound': 0, 'range_id': 1000003, 'range_label': 'OFF'}, {'no': 2, 'up_bound': 1, 'low_bound': 1, 'range_id': 1000004, 'range_label': 'ON'}]"
Data List,All data,TRAILER IND,61,269,71,299,1,0x708C2EC1,0x22,0xE07,,1,9,1,2,1,1,-1,1,0,0,1000003,OFF,0,0,0,"[{'no': 1, 'up_bound': 0, 'low_bound': 0, 'range_id': 1000003, 'range_label': 'OFF'}, {'no': 2, 'up_bound': 1, 'low_bound': 1, 'range_id': 1000004, 'range_label': 'ON'}]"
Data List,All data,ECO MODE IND,62,95,72,299,1,0x708C2EC1,0x22,0xE07,,1,9,1,2,0,1,-1,1,0,0,1000003,OFF,0,0,0,"[{'no': 1, 'up_bound': 0, 'low_bound': 0, 'range_id': 1000003, 'range_label': 'OFF'}, {'no': 2, 'up_bound': 1, 'low_bound': 1, 'range_id': 1000004, 'range_label': 'ON'}]"
Data List,All data,ATP W/L,63,46,73,299,1,0x708C2EC1,0x22,0xE07,,1,10,1,2,7,1,-1,1,0,0,1000003,OFF,0,0,0,"[{'no': 1, 'up_bound': 0, 'low_bound': 0, 'range_id': 1000003, 'range_label': 'OFF'}, {'no': 2, 'up_bound': 1, 'low_bound': 1, 'range_id': 1000004, 'range_label': 'ON'}]"
Data List,All data,E-SUS IND,64,105,74,299,1,0x708C2EC1,0x22,0xE07,,1,10,1,2,5,2,-1,1,0,0,1000003,OFF,0,0,0,"[{'no': 1, 'up_bound': 0, 'low_bound': 0, 'range_id': 1000003, 'range_label': 'OFF'}, {'no': 2, 'up_bound': 1, 'low_bound': 1, 'range_id': 1000004, 'range_label': 'ON'}, {'no': 3, 'up_bound': 3, 'low_bound': 2, 'range_id': 1000003, 'range_label': 'OFF'}]"
Data List,All data,DCA IND,65,74,75,299,1,0x708C2EC1,0x22,0xE07,,1,10,1,2,4,1,-1,1,0,0,1000003,OFF,0,0,0,"[{'no': 1, 'up_bound': 0, 'low_bound': 0, 'range_id': 1000003, 'range_label': 'OFF'}, {'no': 2, 'up_bound': 1, 'low_bound': 1, 'range_id': 1000004, 'range_label': 'ON'}]"
Data List,All data,MT SYNC REV IND,66,161,76,299,1,0x708C2EC1,0x22,0xE07,,1,10,1,2,3,1,-1,1,0,0,1000003,OFF,0,0,0,"[{'no': 1, 'up_bound': 0, 'low_bound': 0, 'range_id': 1000003, 'range_label': 'OFF'}, {'no': 2, 'up_bound': 1, 'low_bound': 1, 'range_id': 1000004, 'range_label': 'ON'}]"
Data List,All data,FILTER W/L,67,108,77,299,1,0x708C2EC1,0x22,0xE07,,1,10,1,2,2,1,-1,1,0,0,1000003,OFF,0,0,0,"[{'no': 1, 'up_bound': 0, 'low_bound': 0, 'range_id': 1000003, 'range_label': 'OFF'}, {'no': 2, 'up_bound': 1, 'low_bound': 1, 'range_id': 1000004, 'range_label': 'ON'}]"
Data List,All data,Urea remaining W/L,68,275,78,299,1,0x708C2EC1,0x22,0xE07,,1,10,1,2,0,2,-1,1,0,0,1000003,OFF,0,0,0,"[{'no': 1, 'up_bound': 0, 'low_bound': 0, 'range_id': 1000003, 'range_label': 'OFF'}, {'no': 2, 'up_bound': 1, 'low_bound': 1, 'range_id': 1000004, 'range_label': 'ON'}, {'no': 3, 'up_bound': 2, 'low_bound': 2, 'range_id': 8001456, 'range_label': 'BLINK1'}, {'no': 4, 'up_bound': 3, 'low_bound': 3, 'range_id': 8001457, 'range_label': 'BLINK2'}]"
Data List,All data,LCD,69,135,79,299,1,0x708C2EC1,0x22,0xE07,,1,11,1,2,4,4,-1,1,0,0,1000003,OFF,0,0,0,"[{'no': 1, 'up_bound': 0, 'low_bound': 0, 'range_id': 1000003, 'range_label': 'OFF'}, {'no': 2, 'up_bound': 1, 'low_bound': 1, 'range_id': 8001251, 'range_label': 'B&P'}, {'no': 3, 'up_bound': 2, 'low_bound': 2, 'range_id': 1000003, 'range_label': 'OFF'}, {'no': 4, 'up_bound': 3, 'low_bound': 3, 'range_id': 8001406, 'range_label': 'ID NG'}, {'no': 5, 'up_bound': 4, 'low_bound': 4, 'range_id': 8001428, 'range_label': 'ROTAT'}, {'no': 6, 'up_bound': 5, 'low_bound': 5, 'range_id': 8001409, 'range_label': 'SFT P'}, {'no': 7, 'up_bound': 6, 'low_bound': 6, 'range_id': 8001252, 'range_label': 'IGN AUTO OFF'}, {'no': 8, 'up_bound': 7, 'low_bound': 7, 'range_id': 8001458, 'range_label': 'BATT'}, {'no': 9, 'up_bound': 8, 'low_bound': 8, 'range_id': 8001440, 'range_label': 'NO KY'}, {'no': 10, 'up_bound': 9, 'low_bound': 9, 'range_id': 8001267, 'range_label': '3min before IGN OFF'}, {'no': 11, 'up_bound': 10, 'low_bound': 10, 'range_id': 8001306, 'range_label': 'LK WN'}, {'no': 12, 'up_bound': 11, 'low_bound': 11, 'range_id': 8001268, 'range_label': 'C&P'}, {'no': 13, 'up_bound': 12, 'low_bound': 12, 'range_id': 1000003, 'range_label': 'OFF'}, {'no': 14, 'up_bound': 13, 'low_bound': 13, 'range_id': 8001363, 'range_label': 'P&NO KY'}, {'no': 15, 'up_bound': 14, 'low_bound': 14, 'range_id': 8001407, 'range_label': 'KY>PSW'}, {'no': 16, 'up_bound': 15, 'low_bound': 15, 'range_id': 8001368, 'range_label': 'Remote engine start'}]"
Data List,All data,ACC TARGET,70,19,80,299,1,0x708C2EC1,0x22,0xE07,,1,11,1,2,3,1,-1,1,0,0,1000003,OFF,0,0,0,"[{'no': 1, 'up_bound': 0, 'low_bound': 0, 'range_id': 1000003, 'range_label': 'OFF'}, {'no': 2, 'up_bound': 1, 'low_bound': 1, 'range_id': 1000004, 'range_label': 'ON'}]"
Data List,All data,ACC DISTANCE,71,16,81,299,1,0x708C2EC1,0x22,0xE07,,1,11,1,2,1,2,-1,1,0,0,1000003,OFF,0,0,0,"[{'no': 1, 'up_bound': 0, 'low_bound': 0, 'range_id': 1000003, 'range_label': 'OFF'}, {'no': 2, 'up_bound': 1, 'low_bound': 1, 'range_id': 7001065, 'range_label': 'SHORT'}, {'no': 3, 'up_bound': 2, 'low_bound': 2, 'range_id': 7001066, 'range_label': 'MID'}, {'no': 4, 'up_bound': 3, 'low_bound': 3, 'range_id': 7001067, 'range_label': 'LONG'}]"
Data List,All data,ACC OWN VHL,72,17,82,299,1,0x708C2EC1,0x22,0xE07,,1,11,1,2,0,1,-1,1,0,0,1000003,OFF,0,0,0,"[{'no': 1, 'up_bound': 0, 'low_bound': 0, 'range_id': 1000003, 'range_label': 'OFF'}, {'no': 2, 'up_bound': 1, 'low_bound': 1, 'range_id': 1000004, 'range_label': 'ON'}]"
Data List,All data,ACC SET SPEED,73,18,83,299,1,0x708C2EC1,0x22,0xE07,,0,12,1,2,-1,-1,-1,1,0,0,1000003,OFF,0,0,0,"[{'no': 1, 'up_bound': 0, 'low_bound': 0, 'range_id': 1000003, 'range_label': 'OFF'}, {'no': 2, 'up_bound': 254, 'low_bound': 1, 'range_id': 0, 'range_label': None}, {'no': 3, 'up_bound': 255, 'low_bound': 255, 'range_id': 1000525, 'range_label': '-'}]"
Data List,All data,ACC UNIT,74,20,86,299,1,0x708C2EC1,0x22,0xE07,,1,13,1,2,7,1,-1,1,0,0,1000003,OFF,0,0,0,"[{'no': 1, 'up_bound': 0, 'low_bound': 0, 'range_id': 1000003, 'range_label': 'OFF'}, {'no': 2, 'up_bound': 1, 'low_bound': 1, 'range_id': 1000004, 'range_label': 'ON'}]"
Data List,All data,SHIFT IND,75,216,87,299,1,0x708C2EC1,0x22,0xE07,,1,13,1,2,2,5,-1,1,0,0,1000003,OFF,0,0,0,"[{'no': 1, 'up_bound': 0, 'low_bound': 0, 'range_id': 1000003, 'range_label': 'OFF'}, {'no': 2, 'up_bound': 1, 'low_bound': 1, 'range_id': 1000583, 'range_label': 'P'}, {'no': 3, 'up_bound': 2, 'low_bound': 2, 'range_id': 1000581, 'range_label': 'R'}, {'no': 4, 'up_bound': 3, 'low_bound': 3, 'range_id': 1000570, 'range_label': 'N'}, {'no': 5, 'up_bound': 4, 'low_bound': 4, 'range_id': 1100015, 'range_label': 'D'}, {'no': 6, 'up_bound': 5, 'low_bound': 5, 'range_id': 33000670, 'range_label': 'S'}, {'no': 7, 'up_bound': 6, 'low_bound': 6, 'range_id': 3000008, 'range_label': 'L'}, {'no': 8, 'up_bound': 7, 'low_bound': 7, 'range_id': 77000022, 'range_label': 'B'}, {'no': 9, 'up_bound': 8, 'low_bound': 8, 'range_id': 10001, 'range_label': '1'}, {'no': 10, 'up_bound': 9, 'low_bound': 9, 'range_id': 10002, 'range_label': '2'}, {'no': 11, 'up_bound': 10, 'low_bound': 10, 'range_id': 10003, 'range_label': '3'}, {'no': 12, 'up_bound': 11, 'low_bound': 11, 'range_id': 10004, 'range_label': '4'}, {'no': 13, 'up_bound': 12, 'low_bound': 12, 'range_id': 10005, 'range_label': '5'}, {'no': 14, 'up_bound': 13, 'low_bound': 13, 'range_id': 10006, 'range_label': '6'}, {'no': 15, 'up_bound': 16, 'low_bound': 16, 'range_id': 1100029, 'range_label': 'M1'}, {'no': 16, 'up_bound': 17, 'low_bound': 17, 'range_id': 1100030, 'range_label': 'M2'}, {'no': 17, 'up_bound': 18, 'low_bound': 18, 'range_id': 1100031, 'range_label': 'M3'}, {'no': 18, 'up_bound': 19, 'low_bound': 19, 'range_id': 1100032, 'range_label': 'M4'}, {'no': 19, 'up_bound': 20, 'low_bound': 20, 'range_id': 1100033, 'range_label': 'M5'}, {'no': 20, 'up_bound': 21, 'low_bound': 21, 'range_id': 1100034, 'range_label': 'M6'}, {'no': 21, 'up_bound': 22, 'low_bound': 22, 'range_id': 1100035, 'range_label': 'M7'}, {'no': 22, 'up_bound': 23, 'low_bound': 23, 'range_id': 1100036, 'range_label': 'M8'}, {'no': 23, 'up_bound': 24, 'low_bound': 24, 'range_id': 1100037, 'range_label': 'A1'}, {'no': 24, 'up_bound': 25, 'low_bound': 25, 'range_id': 1100038, 'range_label': 'A2'}, {'no': 25, 'up_bound': 26, 'low_bound': 26, 'range_id': 1100039, 'range_label': 'A3'}, {'no': 26, 'up_bound': 27, 'low_bound': 27, 'range_id': 1100040, 'range_label': 'A4'}, {'no': 27, 'up_bound': 28, 'low_bound': 28, 'range_id': 1100041, 'range_label': 'A5'}, {'no': 28, 'up_bound': 29, 'low_bound': 29, 'range_id': 1100042, 'range_label': 'A6'}]"
Data List,All data,GEAR SHIFT IND,76,114,88,299,1,0x708C2EC1,0x22,0xE07,,1,13,1,2,0,2,-1,1,0,0,1000003,OFF,0,0,0,"[{'no': 1, 'up_bound': 0, 'low_bound': 0, 'range_id': 1000003, 'range_label': 'OFF'}, {'no': 2, 'up_bound': 1, 'low_bound': 1, 'range_id': 7001068, 'range_label': 'Up'}, {'no': 3, 'up_bound': 2, 'low_bound': 2, 'range_id': 7000480, 'range_label': 'Down'}, {'no': 4, 'up_bound': 3, 'low_bound': 3, 'range_id': 7001069, 'range_label': 'Up/Down'}]"
Data List,All data,4WD IND,77,4,89,299,1,0x708C2EC1,0x22,0xE07,,1,14,1,2,3,5,-1,1,3,0,3000200,AUTO,0,0,0,"[{'no': 1, 'up_bound': 3, 'low_bound': 0, 'range_id': 3000200, 'range_label': 'AUTO'}, {'no': 2, 'up_bound': 7, 'low_bound': 4, 'range_id': 11000068, 'range_label': 'LOCK'}, {'no': 3, 'up_bound': 11, 'low_bound': 8, 'range_id': 8001249, 'range_label': '2W'}, {'no': 4, 'up_bound': 15, 'low_bound': 12, 'range_id': 4000033, 'range_label': '4L'}, {'no': 5, 'up_bound': 19, 'low_bound': 16, 'range_id': 8001639, 'range_label': 'HL Shift1'}, {'no': 6, 'up_bound': 23, 'low_bound': 20, 'range_id': 8001640, 'range_label': 'HL Shift2'}, {'no': 7, 'up_bound': 27, 'low_bound': 24, 'range_id': 1000525, 'range_label': '-'}, {'no': 8, 'up_bound': 31, 'low_bound': 28, 'range_id': 7000737, 'range_label': 'MALF'}]"
Data List,All data,OFFLOAD IND,78,168,90,299,1,0x708C2EC1,0x22,0xE07,,1,14,1,2,3,5,-1,1,3,0,1000003,OFF,0,0,0,"[{'no': 1, 'up_bound': 3, 'low_bound': 0, 'range_id': 1000003, 'range_label': 'OFF'}, {'no': 2, 'up_bound': 4, 'low_bound': 4, 'range_id': 8001307, 'range_label': 'LOAD'}, {'no': 3, 'up_bound': 5, 'low_bound': 5, 'range_id': 3000247, 'range_label': 'SNOW'}, {'no': 4, 'up_bound': 6, 'low_bound': 6, 'range_id': 8001370, 'range_label': 'SAND'}, {'no': 5, 'up_bound': 7, 'low_bound': 7, 'range_id': 8001369, 'range_label': 'ROCK'}, {'no': 6, 'up_bound': 11, 'low_bound': 8, 'range_id': 1000003, 'range_label': 'OFF'}, {'no': 7, 'up_bound': 12, 'low_bound': 12, 'range_id': 8001307, 'range_label': 'LOAD'}, {'no': 8, 'up_bound': 13, 'low_bound': 13, 'range_id': 3000247, 'range_label': 'SNOW'}, {'no': 9, 'up_bound': 14, 'low_bound': 14, 'range_id': 8001370, 'range_label': 'SAND'}, {'no': 10, 'up_bound': 15, 'low_bound': 15, 'range_id': 8001369, 'range_label': 'ROCK'}, {'no': 11, 'up_bound': 16, 'low_bound': 16, 'range_id': 8001307, 'range_label': 'LOAD'}, {'no': 12, 'up_bound': 17, 'low_bound': 17, 'range_id': 3000247, 'range_label': 'SNOW'}, {'no': 13, 'up_bound': 18, 'low_bound': 18, 'range_id': 8001370, 'range_label': 'SAND'}, {'no': 14, 'up_bound': 19, 'low_bound': 19, 'range_id': 8001369, 'range_label': 'ROCK'}, {'no': 15, 'up_bound': 20, 'low_bound': 20, 'range_id': 8001307, 'range_label': 'LOAD'}, {'no': 16, 'up_bound': 21, 'low_bound': 21, 'range_id': 3000247, 'range_label': 'SNOW'}, {'no': 17, 'up_bound': 22, 'low_bound': 22, 'range_id': 8001370, 'range_label': 'SAND'}, {'no': 18, 'up_bound': 23, 'low_bound': 23, 'range_id': 8001369, 'range_label': 'ROCK'}, {'no': 19, 'up_bound': 24, 'low_bound': 24, 'range_id': 8001307, 'range_label': 'LOAD'}, {'no': 20, 'up_bound': 25, 'low_bound': 25, 'range_id': 3000247, 'range_label': 'SNOW'}, {'no': 21, 'up_bound': 26, 'low_bound': 26, 'range_id': 8001370, 'range_label': 'SAND'}, {'no': 22, 'up_bound': 27, 'low_bound': 27, 'range_id': 8001369, 'range_label': 'ROCK'}, {'no': 23, 'up_bound': 28, 'low_bound': 28, 'range_id': 8001307, 'range_label': 'LOAD'}, {'no': 24, 'up_bound': 29, 'low_bound': 29, 'range_id': 3000247, 'range_label': 'SNOW'}, {'no': 25, 'up_bound': 30, 'low_bound': 30, 'range_id': 8001370, 'range_label': 'SAND'}, {'no': 26, 'up_bound': 31, 'low_bound': 31, 'range_id': 8001369, 'range_label': 'ROCK'}]"
Data List,All data,ECO DRIVE IND G,79,92,91,299,1,0x708C2EC1,0x22,0xE07,,1,14,1,2,2,1,-1,1,0,0,1000003,OFF,0,0,0,"[{'no': 1, 'up_bound': 0, 'low_bound': 0, 'range_id': 1000003, 'range_label': 'OFF'}, {'no': 2, 'up_bound': 1, 'low_bound': 1, 'range_id': 1000004, 'range_label': 'ON'}]"
Data List,All data,ECO DRIVE IND O,80,93,92,299,1,0x708C2EC1,0x22,0xE07,,1,14,1,2,1,1,-1,1,0,0,1000003,OFF,0,0,0,"[{'no': 1, 'up_bound': 0, 'low_bound': 0, 'range_id': 1000003, 'range_label': 'OFF'}, {'no': 2, 'up_bound': 1, 'low_bound': 1, 'range_id': 1000004, 'range_label': 'ON'}]"
Data List,All data,BSW IND,81,56,93,299,1,0x708C2EC1,0x22,0xE07,,1,14,1,2,0,1,-1,1,0,0,1000003,OFF,0,0,0,"[{'no': 1, 'up_bound': 0, 'low_bound': 0, 'range_id': 1000003, 'range_label': 'OFF'}, {'no': 2, 'up_bound': 1, 'low_bound': 1, 'range_id': 1000004, 'range_label': 'ON'}]"
Data List,All data,BSW W/L,82,58,94,299,1,0x708C2EC1,0x22,0xE07,,1,15,1,2,7,1,-1,1,0,0,1000003,OFF,0,0,0,"[{'no': 1, 'up_bound': 0, 'low_bound': 0, 'range_id': 1000003, 'range_label': 'OFF'}, {'no': 2, 'up_bound': 1, 'low_bound': 1, 'range_id': 1000004, 'range_label': 'ON'}]"
Data List,All data,DRIVE MODE STATUS,83,84,95,299,1,0x708C2EC1,0x22,0xE07,,1,15,2,2,7,8,-1,1,0,0,1000003,OFF,0,0,0,"[{'no': 1, 'up_bound': 0, 'low_bound': 0, 'range_id': 1000003, 'range_label': 'OFF'}, {'no': 2, 'up_bound': 1, 'low_bound': 1, 'range_id': 3000186, 'range_label': 'SPORT'}, {'no': 3, 'up_bound': 3, 'low_bound': 2, 'range_id': 1000003, 'range_label': 'OFF'}, {'no': 4, 'up_bound': 4, 'low_bound': 4, 'range_id': 3000200, 'range_label': 'AUTO'}, {'no': 5, 'up_bound': 5, 'low_bound': 5, 'range_id': 8001384, 'range_label': 'ST-SP'}, {'no': 6, 'up_bound': 15, 'low_bound': 6, 'range_id': 1000003, 'range_label': 'OFF'}, {'no': 7, 'up_bound': 16, 'low_bound': 16, 'range_id': 76000022, 'range_label': 'ECO'}, {'no': 8, 'up_bound': 19, 'low_bound': 17, 'range_id': 1000003, 'range_label': 'OFF'}, {'no': 9, 'up_bound': 20, 'low_bound': 20, 'range_id': 8001283, 'range_label': 'EC-ST'}, {'no': 10, 'up_bound': 63, 'low_bound': 21, 'range_id': 1000003, 'range_label': 'OFF'}, {'no': 11, 'up_bound': 64, 'low_bound': 64, 'range_id': 3000247, 'range_label': 'SNOW'}, {'no': 12, 'up_bound': 79, 'low_bound': 65, 'range_id': 1000003, 'range_label': 'OFF'}, {'no': 13, 'up_bound': 80, 'low_bound': 80, 'range_id': 8001378, 'range_label': 'SN-EC'}, {'no': 14, 'up_bound': 255, 'low_bound': 81, 'range_id': 1000003, 'range_label': 'OFF'}]"
Data List,All data,SCR/OIL DISP,84,194,96,299,1,0x708C2EC1,0x22,0xE07,,1,16,1,2,4,3,-1,1,0,0,1000003,OFF,0,0,0,"[{'no': 1, 'up_bound': 0, 'low_bound': 0, 'range_id': 1000003, 'range_label': 'OFF'}, {'no': 2, 'up_bound': 1, 'low_bound': 1, 'range_id': 7001070, 'range_label': 'SCR LVL WARN'}, {'no': 3, 'up_bound': 2, 'low_bound': 2, 'range_id': 8001373, 'range_label': 'LV INDU'}, {'no': 4, 'up_bound': 3, 'low_bound': 3, 'range_id': 7001071, 'range_label': 'SCR FLD WARN'}, {'no': 5, 'up_bound': 4, 'low_bound': 4, 'range_id': 8001371, 'range_label': 'F INDU'}, {'no': 6, 'up_bound': 5, 'low_bound': 5, 'range_id': 7001072, 'range_label': 'ENG OIL WARN'}, {'no': 7, 'up_bound': 6, 'low_bound': 6, 'range_id': 8001284, 'range_label': 'O INDU'}, {'no': 8, 'up_bound': 7, 'low_bound': 7, 'range_id': 7001073, 'range_label': 'FLAG CLEAR'}]"
Data List,All data,TOW MODE IND,85,262,97,299,1,0x708C2EC1,0x22,0xE07,,1,16,1,2,3,1,-1,1,0,0,1000003,OFF,0,0,0,"[{'no': 1, 'up_bound': 0, 'low_bound': 0, 'range_id': 1000003, 'range_label': 'OFF'}, {'no': 2, 'up_bound': 1, 'low_bound': 1, 'range_id': 1000004, 'range_label': 'ON'}]"
Data List,All data,CHECK SUS IND,86,65,98,299,1,0x708C2EC1,0x22,0xE07,,1,16,1,2,2,1,-1,1,0,0,1000003,OFF,0,0,0,"[{'no': 1, 'up_bound': 0, 'low_bound': 0, 'range_id': 1000003, 'range_label': 'OFF'}, {'no': 2, 'up_bound': 1, 'low_bound': 1, 'range_id': 1000004, 'range_label': 'ON'}]"
Data List,All data,FUEL CAP W/L,87,110,99,299,1,0x708C2EC1,0x22,0xE07,,1,16,1,2,1,1,-1,1,0,0,1000003,OFF,0,0,0,"[{'no': 1, 'up_bound': 0, 'low_bound': 0, 'range_id': 1000003, 'range_label': 'OFF'}, {'no': 2, 'up_bound': 1, 'low_bound': 1, 'range_id': 1000004, 'range_label': 'ON'}]"
Data List,All data,E-PKB indicator,88,102,100,299,1,0x708C2EC1,0x22,0xE07,,1,16,1,2,0,1,-1,1,0,0,1000003,OFF,0,0,0,"[{'no': 1, 'up_bound': 0, 'low_bound': 0, 'range_id': 1000003, 'range_label': 'OFF'}, {'no': 2, 'up_bound': 1, 'low_bound': 1, 'range_id': 1000004, 'range_label': 'ON'}]"
Data List,All data,PNP P SW,89,182,101,299,1,0x708C2EC1,0x22,0xE07,,1,17,1,2,7,1,-1,1,0,0,1000003,OFF,0,0,0,"[{'no': 1, 'up_bound': 0, 'low_bound': 0, 'range_id': 1000003, 'range_label': 'OFF'}, {'no': 2, 'up_bound': 1, 'low_bound': 1, 'range_id': 1000004, 'range_label': 'ON'}]"
Data List,All data,PNP N SW,90,181,102,299,1,0x708C2EC1,0x22,0xE07,,1,17,1,2,6,1,-1,1,0,0,1000003,OFF,0,0,0,"[{'no': 1, 'up_bound': 0, 'low_bound': 0, 'range_id': 1000003, 'range_label': 'OFF'}, {'no': 2, 'up_bound': 1, 'low_bound': 1, 'range_id': 1000004, 'range_label': 'ON'}]"
Data List,All data,O/D OFF SW,91,166,103,299,1,0x708C2EC1,0x22,0xE07,,1,17,1,2,5,1,-1,1,0,0,1000003,OFF,0,0,0,"[{'no': 1, 'up_bound': 0, 'low_bound': 0, 'range_id': 1000003, 'range_label': 'OFF'}, {'no': 2, 'up_bound': 1, 'low_bound': 1, 'range_id': 1000004, 'range_label': 'ON'}]"
Data List,All data,RANGE 1 SW,92,186,104,299,1,0x708C2EC1,0x22,0xE07,,1,17,1,2,4,1,-1,1,0,0,1000003,OFF,0,0,0,"[{'no': 1, 'up_bound': 0, 'low_bound': 0, 'range_id': 1000003, 'range_label': 'OFF'}, {'no': 2, 'up_bound': 1, 'low_bound': 1, 'range_id': 1000004, 'range_label': 'ON'}]"
Data List,All data,AT S MODE SW,93,38,105,299,1,0x708C2EC1,0x22,0xE07,,1,17,1,2,3,1,-1,1,0,0,1000003,OFF,0,0,0,"[{'no': 1, 'up_bound': 0, 'low_bound': 0, 'range_id': 1000003, 'range_label': 'OFF'}, {'no': 2, 'up_bound': 1, 'low_bound': 1, 'range_id': 1000004, 'range_label': 'ON'}]"
Data List,All data,AT P MODE SW,94,37,106,299,1,0x708C2EC1,0x22,0xE07,,1,17,1,2,2,1,-1,1,0,0,1000003,OFF,0,0,0,"[{'no': 1, 'up_bound': 0, 'low_bound': 0, 'range_id': 1000003, 'range_label': 'OFF'}, {'no': 2, 'up_bound': 1, 'low_bound': 1, 'range_id': 1000004, 'range_label': 'ON'}]"
Data List,All data,M RANGE SW,95,143,107,299,1,0x708C2EC1,0x22,0xE07,,1,17,1,2,1,1,-1,1,0,0,1000003,OFF,0,0,0,"[{'no': 1, 'up_bound': 0, 'low_bound': 0, 'range_id': 1000003, 'range_label': 'OFF'}, {'no': 2, 'up_bound': 1, 'low_bound': 1, 'range_id': 1000004, 'range_label': 'ON'}]"
Data List,All data,NM RANGE SW,96,164,108,299,1,0x708C2EC1,0x22,0xE07,,1,17,1,2,0,1,-1,1,0,0,1000003,OFF,0,0,0,"[{'no': 1, 'up_bound': 0, 'low_bound': 0, 'range_id': 1000003, 'range_label': 'OFF'}, {'no': 2, 'up_bound': 1, 'low_bound': 1, 'range_id': 1000004, 'range_label': 'ON'}]"
Data List,All data,AT SFT UP SW,97,40,109,299,1,0x708C2EC1,0x22,0xE07,,1,18,1,2,7,1,-1,1,0,0,1000003,OFF,0,0,0,"[{'no': 1, 'up_bound': 0, 'low_bound': 0, 'range_id': 1000003, 'range_label': 'OFF'}, {'no': 2, 'up_bound': 1, 'low_bound': 1, 'range_id': 1000004, 'range_label': 'ON'}]"
Data List,All data,AT SFT DOWN SW,98,39,110,299,1,0x708C2EC1,0x22,0xE07,,1,18,1,2,6,1,-1,1,0,0,1000003,OFF,0,0,0,"[{'no': 1, 'up_bound': 0, 'low_bound': 0, 'range_id': 1000003, 'range_label': 'OFF'}, {'no': 2, 'up_bound': 1, 'low_bound': 1, 'range_id': 1000004, 'range_label': 'ON'}]"
Data List,All data,ST SFT UP SW,99,244,111,299,1,0x708C2EC1,0x22,0xE07,,1,18,1,2,5,1,-1,1,0,0,1000003,OFF,0,0,0,"[{'no': 1, 'up_bound': 0, 'low_bound': 0, 'range_id': 1000003, 'range_label': 'OFF'}, {'no': 2, 'up_bound': 1, 'low_bound': 1, 'range_id': 1000004, 'range_label': 'ON'}]"
Data List,All data,ST SFT DOWN SW,100,243,112,299,1,0x708C2EC1,0x22,0xE07,,1,18,1,2,4,1,-1,1,0,0,1000003,OFF,0,0,0,"[{'no': 1, 'up_bound': 0, 'low_bound': 0, 'range_id': 1000003, 'range_label': 'OFF'}, {'no': 2, 'up_bound': 1, 'low_bound': 1, 'range_id': 1000004, 'range_label': 'ON'}]"
Data List,All data,AIR COND SIG,101,25,113,299,1,0x708C2EC1,0x22,0xE07,,1,18,1,2,3,1,-1,1,0,0,1000003,OFF,0,0,0,"[{'no': 1, 'up_bound': 0, 'low_bound': 0, 'range_id': 1000003, 'range_label': 'OFF'}, {'no': 2, 'up_bound': 1, 'low_bound': 1, 'range_id': 1000004, 'range_label': 'ON'}]"
Data List,All data,HEATER FAN SW,102,117,114,299,1,0x708C2EC1,0x22,0xE07,,1,18,1,2,2,1,-1,1,0,0,1000003,OFF,0,0,0,"[{'no': 1, 'up_bound': 0, 'low_bound': 0, 'range_id': 1000003, 'range_label': 'OFF'}, {'no': 2, 'up_bound': 1, 'low_bound': 1, 'range_id': 1000004, 'range_label': 'ON'}]"
Data List,All data,REAR DEF SW,103,188,115,299,1,0x708C2EC1,0x22,0xE07,,1,18,1,2,1,1,-1,1,0,0,1000003,OFF,0,0,0,"[{'no': 1, 'up_bound': 0, 'low_bound': 0, 'range_id': 1000003, 'range_label': 'OFF'}, {'no': 2, 'up_bound': 1, 'low_bound': 1, 'range_id': 1000004, 'range_label': 'ON'}]"
Data List,All data,A/C LOW TEMP,104,10,116,299,1,0x708C2EC1,0x22,0xE07,,1,18,1,2,0,1,-1,1,0,0,1000003,OFF,0,0,0,"[{'no': 1, 'up_bound': 0, 'low_bound': 0, 'range_id': 1000003, 'range_label': 'OFF'}, {'no': 2, 'up_bound': 1, 'low_bound': 1, 'range_id': 1000004, 'range_label': 'ON'}]"
Data List,All data,COMP F/B SIG,105,68,117,299,1,0x708C2EC1,0x22,0xE07,,1,19,1,2,7,1,-1,1,0,0,1000003,OFF,0,0,0,"[{'no': 1, 'up_bound': 0, 'low_bound': 0, 'range_id': 1000003, 'range_label': 'OFF'}, {'no': 2, 'up_bound': 1, 'low_bound': 1, 'range_id': 1000004, 'range_label': 'ON'}]"
Data List,All data,4WD LOCK SW,106,6,118,299,1,0x708C2EC1,0x22,0xE07,,1,19,1,2,6,1,-1,1,0,0,1000003,OFF,0,0,0,"[{'no': 1, 'up_bound': 0, 'low_bound': 0, 'range_id': 1000003, 'range_label': 'OFF'}, {'no': 2, 'up_bound': 1, 'low_bound': 1, 'range_id': 1000004, 'range_label': 'ON'}]"
Data List,All data,SYNC MODE,107,250,119,299,1,0x708C2EC1,0x22,0xE07,,1,19,1,2,5,1,-1,1,0,0,1000003,OFF,0,0,0,"[{'no': 1, 'up_bound': 0, 'low_bound': 0, 'range_id': 1000003, 'range_label': 'OFF'}, {'no': 2, 'up_bound': 1, 'low_bound': 1, 'range_id': 1000004, 'range_label': 'ON'}]"
Data List,All data,PKB SW,108,180,120,299,1,0x708C2EC1,0x22,0xE07,,1,19,1,2,4,1,-1,1,0,0,1000003,OFF,0,0,0,"[{'no': 1, 'up_bound': 0, 'low_bound': 0, 'range_id': 1000003, 'range_label': 'OFF'}, {'no': 2, 'up_bound': 1, 'low_bound': 1, 'range_id': 1000004, 'range_label': 'ON'}]"
Data List,All data,BUCKLE SW,109,59,121,299,1,0x708C2EC1,0x22,0xE07,,1,19,1,2,3,1,-1,1,0,0,1000003,OFF,0,0,0,"[{'no': 1, 'up_bound': 0, 'low_bound': 0, 'range_id': 1000003, 'range_label': 'OFF'}, {'no': 2, 'up_bound': 1, 'low_bound': 1, 'range_id': 1000004, 'range_label': 'ON'}]"
Data List,All data,BRAKE SW,110,54,122,299,1,0x708C2EC1,0x22,0xE07,,1,19,1,2,2,1,-1,1,0,0,1000003,OFF,0,0,0,"[{'no': 1, 'up_bound': 0, 'low_bound': 0, 'range_id': 1000003, 'range_label': 'OFF'}, {'no': 2, 'up_bound': 1, 'low_bound': 1, 'range_id': 1000004, 'range_label': 'ON'}]"
Data List,All data,BRAKE OIL SW,111,52,123,299,1,0x708C2EC1,0x22,0xE07,,1,19,1,2,1,1,-1,1,0,0,1000003,OFF,0,0,0,"[{'no': 1, 'up_bound': 0, 'low_bound': 0, 'range_id': 1000003, 'range_label': 'OFF'}, {'no': 2, 'up_bound': 1, 'low_bound': 1, 'range_id': 1000004, 'range_label': 'ON'}]"
Data List,All data,AIR BAG SIG,112,24,124,299,1,0x708C2EC1,0x22,0xE07,,1,19,1,2,0,1,-1,1,0,0,1000003,OFF,0,0,0,"[{'no': 1, 'up_bound': 0, 'low_bound': 0, 'range_id': 1000003, 'range_label': 'OFF'}, {'no': 2, 'up_bound': 1, 'low_bound': 1, 'range_id': 1000004, 'range_label': 'ON'}]"
Data List,All data,CHG SIG,113,67,125,299,1,0x708C2EC1,0x22,0xE07,,1,20,1,2,7,1,-1,1,0,0,1000003,OFF,0,0,0,"[{'no': 1, 'up_bound': 0, 'low_bound': 0, 'range_id': 1000003, 'range_label': 'OFF'}, {'no': 2, 'up_bound': 1, 'low_bound': 1, 'range_id': 1000004, 'range_label': 'ON'}]"
Data List,All data,RR COMB STATE,114,191,126,299,1,0x708C2EC1,0x22,0xE07,,1,20,1,2,6,1,-1,1,0,0,1100004,OK,0,0,0,"[{'no': 1, 'up_bound': 0, 'low_bound': 0, 'range_id': 1100004, 'range_label': 'OK'}, {'no': 2, 'up_bound': 1, 'low_bound': 1, 'range_id': 22900839, 'range_label': 'NG'}]"
Data List,All data,ABS EXIST,115,11,127,299,1,0x708C2EC1,0x22,0xE07,,1,20,1,2,5,1,-1,1,0,0,1000003,OFF,0,0,0,"[{'no': 1, 'up_bound': 0, 'low_bound': 0, 'range_id': 1000003, 'range_label': 'OFF'}, {'no': 2, 'up_bound': 1, 'low_bound': 1, 'range_id': 1000004, 'range_label': 'ON'}]"
Data List,All data,ASC/TCL EXIST,116,30,128,299,1,0x708C2EC1,0x22,0xE07,,1,20,1,2,4,1,-1,1,0,0,1000003,OFF,0,0,0,"[{'no': 1, 'up_bound': 0, 'low_bound': 0, 'range_id': 1000003, 'range_label': 'OFF'}, {'no': 2, 'up_bound': 1, 'low_bound': 1, 'range_id': 1000004, 'range_label': 'ON'}]"
Data List,All data,AMB POWER,117,28,129,299,1,0x708C2EC1,0x22,0xE07,,1,20,1,2,3,1,-1,1,0,0,1000003,OFF,0,0,0,"[{'no': 1, 'up_bound': 0, 'low_bound': 0, 'range_id': 1000003, 'range_label': 'OFF'}, {'no': 2, 'up_bound': 1, 'low_bound': 1, 'range_id': 1000004, 'range_label': 'ON'}]"
Data List,All data,MODE A SW,118,150,130,299,1,0x708C2EC1,0x22,0xE07,,1,20,1,2,2,1,-1,1,0,0,1000003,OFF,0,0,0,"[{'no': 1, 'up_bound': 0, 'low_bound': 0, 'range_id': 1000003, 'range_label': 'OFF'}, {'no': 2, 'up_bound': 1, 'low_bound': 1, 'range_id': 1000004, 'range_label': 'ON'}]"
Data List,All data,MODE B SW,119,151,131,299,1,0x708C2EC1,0x22,0xE07,,1,20,1,2,1,1,-1,1,0,0,1000003,OFF,0,0,0,"[{'no': 1, 'up_bound': 0, 'low_bound': 0, 'range_id': 1000003, 'range_label': 'OFF'}, {'no': 2, 'up_bound': 1, 'low_bound': 1, 'range_id': 1000004, 'range_label': 'ON'}]"
Data List,All data,MT SYNC REV SW,120,162,132,299,1,0x708C2EC1,0x22,0xE07,,1,20,1,2,0,1,-1,1,0,0,1000003,OFF,0,0,0,"[{'no': 1, 'up_bound': 0, 'low_bound': 0, 'range_id': 1000003, 'range_label': 'OFF'}, {'no': 2, 'up_bound': 1, 'low_bound': 1, 'range_id': 1000004, 'range_label': 'ON'}]"
Data List,All data,PASS BUCKLE SW,121,178,133,299,1,0x708C2EC1,0x22,0xE07,,1,21,1,2,7,1,-1,1,0,0,1000003,OFF,0,0,0,"[{'no': 1, 'up_bound': 0, 'low_bound': 0, 'range_id': 1000003, 'range_label': 'OFF'}, {'no': 2, 'up_bound': 1, 'low_bound': 1, 'range_id': 1000004, 'range_label': 'ON'}]"
Data List,All data,TOW MODE SW,122,263,134,299,1,0x708C2EC1,0x22,0xE07,,1,21,1,2,6,1,-1,1,0,0,1000003,OFF,0,0,0,"[{'no': 1, 'up_bound': 0, 'low_bound': 0, 'range_id': 1000003, 'range_label': 'OFF'}, {'no': 2, 'up_bound': 1, 'low_bound': 1, 'range_id': 1000004, 'range_label': 'ON'}]"
Data List,All data,ECO MODE SW,123,96,135,299,1,0x708C2EC1,0x22,0xE07,,1,21,1,2,5,1,-1,1,0,0,1000003,OFF,0,0,0,"[{'no': 1, 'up_bound': 0, 'low_bound': 0, 'range_id': 1000003, 'range_label': 'OFF'}, {'no': 2, 'up_bound': 1, 'low_bound': 1, 'range_id': 1000004, 'range_label': 'ON'}]"
Data List,All data,SPORT MODE SW,124,241,136,299,1,0x708C2EC1,0x22,0xE07,,1,21,1,2,4,1,-1,1,0,0,1000003,OFF,0,0,0,"[{'no': 1, 'up_bound': 0, 'low_bound': 0, 'range_id': 1000003, 'range_label': 'OFF'}, {'no': 2, 'up_bound': 1, 'low_bound': 1, 'range_id': 1000004, 'range_label': 'ON'}]"
Data List,All data,Electric shift W/L (red),125,98,137,299,1,0x708C2EC1,0x22,0xE07,,1,21,1,2,3,1,-1,1,0,0,1000003,OFF,0,0,0,"[{'no': 1, 'up_bound': 0, 'low_bound': 0, 'range_id': 1000003, 'range_label': 'OFF'}, {'no': 2, 'up_bound': 1, 'low_bound': 1, 'range_id': 1000004, 'range_label': 'ON'}]"
Data List,All data,CHG CONCT DET,126,66,138,299,1,0x708C2EC1,0x22,0xE07,,1,21,1,2,2,1,-1,1,0,0,1000003,OFF,0,0,0,"[{'no': 1, 'up_bound': 0, 'low_bound': 0, 'range_id': 1000003, 'range_label': 'OFF'}, {'no': 2, 'up_bound': 1, 'low_bound': 1, 'range_id': 1000004, 'range_label': 'ON'}]"
Data List,All data,LED LMP R OPEN,127,140,139,299,1,0x708C2EC1,0x22,0xE07,,1,21,1,2,1,1,-1,1,0,0,1000003,OFF,0,0,0,"[{'no': 1, 'up_bound': 0, 'low_bound': 0, 'range_id': 1000003, 'range_label': 'OFF'}, {'no': 2, 'up_bound': 1, 'low_bound': 1, 'range_id': 1000004, 'range_label': 'ON'}]"
Data List,All data,LED LMP L OPEN,128,139,140,299,1,0x708C2EC1,0x22,0xE07,,1,21,1,2,0,1,-1,1,0,0,1000003,OFF,0,0,0,"[{'no': 1, 'up_bound': 0, 'low_bound': 0, 'range_id': 1000003, 'range_label': 'OFF'}, {'no': 2, 'up_bound': 1, 'low_bound': 1, 'range_id': 1000004, 'range_label': 'ON'}]"
Data List,All data,DISTANCE,129,78,141,300,1,0x708C2EC1,0x22,0xE08,km,0,3,2,2,-1,-1,-1,1,0,0,0,,0.1,0,1,"[{'no': 1, 'up_bound': 0, 'low_bound': 0, 'range_id': 0, 'range_label': None}]"
Data List,All data,OUTSIDE TEMP,130,170,142,301,1,0x708C2EC1,0x22,0xE09,°C,0,3,1,2,-1,-1,-1,1,0,0,0,,1,-40,0,"[{'no': 1, 'up_bound': 0, 'low_bound': 0, 'range_id': 0, 'range_label': None}]"
Data List,All data,FUEL LOW SIG,131,111,143,302,1,0x708C2EC1,0x22,0xE0A,,1,3,1,2,7,1,-1,1,0,0,1000003,OFF,0,0,0,"[{'no': 1, 'up_bound': 0, 'low_bound': 0, 'range_id': 1000003, 'range_label': 'OFF'}, {'no': 2, 'up_bound': 1, 'low_bound': 1, 'range_id': 1000004, 'range_label': 'ON'}]"
Data List,All data,CRANKING SIG,132,69,144,302,1,0x708C2EC1,0x22,0xE0A,,1,3,1,2,5,2,-1,1,2,0,1000003,OFF,0,0,0,"[{'no': 1, 'up_bound': 2, 'low_bound': 0, 'range_id': 1000003, 'range_label': 'OFF'}, {'no': 2, 'up_bound': 3, 'low_bound': 3, 'range_id': 1000004, 'range_label': 'ON'}]"
Data List,All data,ST CNT SIG,133,242,145,302,1,0x708C2EC1,0x22,0xE0A,,1,3,1,2,4,1,-1,1,0,0,1000003,OFF,0,0,0,"[{'no': 1, 'up_bound': 0, 'low_bound': 0, 'range_id': 1000003, 'range_label': 'OFF'}, {'no': 2, 'up_bound': 1, 'low_bound': 1, 'range_id': 1000004, 'range_label': 'ON'}]"
Data List,All data,DOOR LOCK SIG,134,80,146,302,1,0x708C2EC1,0x22,0xE0A,,1,3,1,2,3,1,-1,1,0,0,1000003,OFF,0,0,0,"[{'no': 1, 'up_bound': 0, 'low_bound': 0, 'range_id': 1000003, 'range_label': 'OFF'}, {'no': 2, 'up_bound': 1, 'low_bound': 1, 'range_id': 1000004, 'range_label': 'ON'}]"
Data List,All data,DR DOOR SIG,135,83,147,302,1,0x708C2EC1,0x22,0xE0A,,1,3,1,2,2,1,-1,1,0,0,8001424,RHD,0,0,0,"[{'no': 1, 'up_bound': 0, 'low_bound': 0, 'range_id': 8001424, 'range_label': 'RHD'}, {'no': 2, 'up_bound': 1, 'low_bound': 1, 'range_id': 8001434, 'range_label': 'LHD'}]"
Data List,All data,RAB W/L,136,184,148,302,1,0x708C2EC1,0x22,0xE0A,,1,3,1,2,1,1,-1,1,0,0,1000003,OFF,0,0,0,"[{'no': 1, 'up_bound': 0, 'low_bound': 0, 'range_id': 1000003, 'range_label': 'OFF'}, {'no': 2, 'up_bound': 1, 'low_bound': 1, 'range_id': 1000004, 'range_label': 'ON'}]"
Data List,All data,BUZZER,137,60,149,302,1,0x708C2EC1,0x22,0xE0A,,1,4,1,2,7,1,-1,1,0,0,1000003,OFF,0,0,0,"[{'no': 1, 'up_bound': 0, 'low_bound': 0, 'range_id': 1000003, 'range_label': 'OFF'}, {'no': 2, 'up_bound': 1, 'low_bound': 1, 'range_id': 1000004, 'range_label': 'ON'}]"
Data List,All data,BATTERY CIRCUIT STATUS,138,48,150,302,1,0x708C2EC1,0x22,0xE0A,,1,4,1,2,6,1,-1,1,0,0,1001691,NORMAL,0,0,0,"[{'no': 1, 'up_bound': 0, 'low_bound': 0, 'range_id': 1001691, 'range_label': 'NORMAL'}, {'no': 2, 'up_bound': 1, 'low_bound': 1, 'range_id': 7001074, 'range_label': 'OPEN'}]"
Data List,All data,PARKING ASSIST DSP,139,174,151,302,1,0x708C2EC1,0x22,0xE0A,,1,4,1,2,5,1,-1,1,0,0,1000004,ON,0,0,0,"[{'no': 1, 'up_bound': 0, 'low_bound': 0, 'range_id': 1000004, 'range_label': 'ON'}, {'no': 2, 'up_bound': 1, 'low_bound': 1, 'range_id': 1000003, 'range_label': 'OFF'}]"
Data List,All data,PARKING ASSIST SENSOR,140,176,152,302,1,0x708C2EC1,0x22,0xE0A,,1,4,1,2,2,3,-1,1,0,0,1000003,OFF,0,0,0,"[{'no': 1, 'up_bound': 0, 'low_bound': 0, 'range_id': 1000003, 'range_label': 'OFF'}, {'no': 2, 'up_bound': 1, 'low_bound': 1, 'range_id': 8001432, 'range_label': 'Rear'}, {'no': 3, 'up_bound': 2, 'low_bound': 2, 'range_id': 8001417, 'range_label': 'FRONT'}, {'no': 4, 'up_bound': 3, 'low_bound': 3, 'range_id': 1000004, 'range_label': 'ON'}, {'no': 5, 'up_bound': 7, 'low_bound': 4, 'range_id': 8001465, 'range_label': 'Not support'}]"
Data List,All data,PARKING ASSIST VOLUME,141,177,153,302,1,0x708C2EC1,0x22,0xE0A,,1,4,1,2,0,2,-1,1,0,0,8001465,Not support,0,0,0,"[{'no': 1, 'up_bound': 0, 'low_bound': 0, 'range_id': 8001465, 'range_label': 'Not support'}, {'no': 2, 'up_bound': 1, 'low_bound': 1, 'range_id': 7001075, 'range_label': 'HIGH'}, {'no': 3, 'up_bound': 2, 'low_bound': 2, 'range_id': 7001076, 'range_label': 'MEDIUM'}, {'no': 4, 'up_bound': 3, 'low_bound': 3, 'range_id': 7001077, 'range_label': 'LOW'}]"
Data List,All data,PARKING ASSIST RANGE,142,175,154,302,1,0x708C2EC1,0x22,0xE0A,,1,5,1,2,6,2,-1,1,0,0,8001465,Not support,0,0,0,"[{'no': 1, 'up_bound': 0, 'low_bound': 0, 'range_id': 8001465, 'range_label': 'Not support'}, {'no': 2, 'up_bound': 1, 'low_bound': 1, 'range_id': 7001078, 'range_label': 'FAR'}, {'no': 3, 'up_bound': 2, 'low_bound': 2, 'range_id': 7001076, 'range_label': 'MEDIUM'}, {'no': 4, 'up_bound': 3, 'low_bound': 3, 'range_id': 7001080, 'range_label': 'NEAR'}]"
Data List,All data,RAB W/L,143,185,155,302,1,0x708C2EC1,0x22,0xE0A,,1,5,1,2,5,1,-1,1,0,0,1000003,OFF,0,0,0,"[{'no': 1, 'up_bound': 0, 'low_bound': 0, 'range_id': 1000003, 'range_label': 'OFF'}, {'no': 2, 'up_bound': 1, 'low_bound': 1, 'range_id': 1000004, 'range_label': 'ON'}]"
Data List,All data,Electric shift W/L,144,97,156,302,1,0x708C2EC1,0x22,0xE0A,,1,5,1,2,4,1,-1,1,0,0,1000003,OFF,0,0,0,"[{'no': 1, 'up_bound': 0, 'low_bound': 0, 'range_id': 1000003, 'range_label': 'OFF'}, {'no': 2, 'up_bound': 1, 'low_bound': 1, 'range_id': 1000004, 'range_label': 'ON'}]"
Data List,All data,Sailing stop W/L,145,193,157,302,1,0x708C2EC1,0x22,0xE0A,,1,5,1,2,3,1,-1,1,0,0,1000003,OFF,0,0,0,"[{'no': 1, 'up_bound': 0, 'low_bound': 0, 'range_id': 1000003, 'range_label': 'OFF'}, {'no': 2, 'up_bound': 1, 'low_bound': 1, 'range_id': 1000004, 'range_label': 'ON'}]"
Data List,All data,ALL POWER METER,146,27,158,303,1,0x708C2EC1,0x22,0xE0B,kW,0,3,2,2,-1,-1,4095,1,0,0,0,,0.125,-50,3,"[{'no': 1, 'up_bound': 0, 'low_bound': 0, 'range_id': 0, 'range_label': None}]"
Data List,All data,SOC METER,147,220,159,304,1,0x708C2EC1,0x22,0xE0C,%,0,3,1,2,-1,-1,-1,1,0,0,0,,0.390625,0,1,"[{'no': 1, 'up_bound': 0, 'low_bound': 0, 'range_id': 0, 'range_label': None}]"
Data List,All data,VOLTMETER,148,277,160,305,1,0x708C2EC1,0x22,0xE0D,V,0,3,1,2,-1,-1,-1,1,0,0,0,,0.1,0,1,"[{'no': 1, 'up_bound': 0, 'low_bound': 0, 'range_id': 0, 'range_label': None}]"
Data List,All data,BRAKE PAD W/L,149,53,161,306,1,0x708C2EC1,0x22,0xE0E,V,0,3,2,2,-1,-1,65534,1,0,0,0,,0.005,0,2,"[{'no': 1, 'up_bound': 0, 'low_bound': 0, 'range_id': 0, 'range_label': None}]"
Data List,All data,TPMS DISP,150,264,162,307,1,0x708C2EC1,0x22,0xE0F,,1,3,1,2,6,2,-1,1,1,0,1000003,OFF,0,0,0,"[{'no': 1, 'up_bound': 1, 'low_bound': 0, 'range_id': 1000003, 'range_label': 'OFF'}, {'no': 2, 'up_bound': 2, 'low_bound': 2, 'range_id': 1000004, 'range_label': 'ON'}, {'no': 3, 'up_bound': 3, 'low_bound': 3, 'range_id': 1000003, 'range_label': 'OFF'}]"
Data List,All data,TYRE STATUS FR,151,259,163,307,1,0x708C2EC1,0x22,0xE0F,,1,3,1,2,5,1,-1,1,0,0,1000003,OFF,0,0,0,"[{'no': 1, 'up_bound': 0, 'low_bound': 0, 'range_id': 1000003, 'range_label': 'OFF'}, {'no': 2, 'up_bound': 1, 'low_bound': 1, 'range_id': 1000004, 'range_label': 'ON'}]"
Data List,All data,TYRE STATUS FL,152,258,164,307,1,0x708C2EC1,0x22,0xE0F,,1,3,1,2,4,1,-1,1,0,0,1000003,OFF,0,0,0,"[{'no': 1, 'up_bound': 0, 'low_bound': 0, 'range_id': 1000003, 'range_label': 'OFF'}, {'no': 2, 'up_bound': 1, 'low_bound': 1, 'range_id': 1000004, 'range_label': 'ON'}]"
Data List,All data,TYRE STATUS RR,153,261,165,307,1,0x708C2EC1,0x22,0xE0F,,1,3,1,2,3,1,-1,1,0,0,1000003,OFF,0,0,0,"[{'no': 1, 'up_bound': 0, 'low_bound': 0, 'range_id': 1000003, 'range_label': 'OFF'}, {'no': 2, 'up_bound': 1, 'low_bound': 1, 'range_id': 1000004, 'range_label': 'ON'}]"
Data List,All data,TYRE STATUS RL,154,260,166,307,1,0x708C2EC1,0x22,0xE0F,,1,3,1,2,2,1,-1,1,0,0,1000003,OFF,0,0,0,"[{'no': 1, 'up_bound': 0, 'low_bound': 0, 'range_id': 1000003, 'range_label': 'OFF'}, {'no': 2, 'up_bound': 1, 'low_bound': 1, 'range_id': 1000004, 'range_label': 'ON'}]"
Data List,All data,SONAR SET AVA,155,235,167,307,1,0x708C2EC1,0x22,0xE0F,,1,3,1,2,1,1,-1,1,0,0,8001463,Unavailable,0,0,0,"[{'no': 1, 'up_bound': 0, 'low_bound': 0, 'range_id': 8001463, 'range_label': 'Unavailable'}, {'no': 2, 'up_bound': 1, 'low_bound': 1, 'range_id': 8001425, 'range_label': 'Available'}]"
Data List,All data,STRG SW INPUT,156,248,168,307,1,0x708C2EC1,0x22,0xE0F,,1,4,1,2,4,4,-1,1,0,0,8001467,NOT INPUT,0,0,0,"[{'no': 1, 'up_bound': 0, 'low_bound': 0, 'range_id': 8001467, 'range_label': 'NOT INPUT'}, {'no': 2, 'up_bound': 1, 'low_bound': 1, 'range_id': 8001385, 'range_label': 'SW1'}, {'no': 3, 'up_bound': 2, 'low_bound': 2, 'range_id': 8001392, 'range_label': 'SW2'}, {'no': 4, 'up_bound': 3, 'low_bound': 3, 'range_id': 8001393, 'range_label': 'SW3'}, {'no': 5, 'up_bound': 4, 'low_bound': 4, 'range_id': 8001394, 'range_label': 'SW4'}, {'no': 6, 'up_bound': 5, 'low_bound': 5, 'range_id': 8001395, 'range_label': 'SW5'}, {'no': 7, 'up_bound': 6, 'low_bound': 6, 'range_id': 8001396, 'range_label': 'SW6'}, {'no': 8, 'up_bound': 7, 'low_bound': 7, 'range_id': 8001397, 'range_label': 'SW7'}, {'no': 9, 'up_bound': 8, 'low_bound': 8, 'range_id': 8001398, 'range_label': 'SW8'}, {'no': 10, 'up_bound': 9, 'low_bound': 9, 'range_id': 8001399, 'range_label': 'SW9'}, {'no': 11, 'up_bound': 10, 'low_bound': 10, 'range_id': 8001386, 'range_label': 'SW10'}, {'no': 12, 'up_bound': 11, 'low_bound': 11, 'range_id': 8001387, 'range_label': 'SW11'}, {'no': 13, 'up_bound': 12, 'low_bound': 12, 'range_id': 8001388, 'range_label': 'SW12'}, {'no': 14, 'up_bound': 13, 'low_bound': 13, 'range_id': 8001389, 'range_label': 'SW13'}, {'no': 15, 'up_bound': 14, 'low_bound': 14, 'range_id': 8001390, 'range_label': 'SW14'}, {'no': 16, 'up_bound': 15, 'low_bound': 15, 'range_id': 8001391, 'range_label': 'SW15'}]"
Data List,All data,STRG SW OUTPUT,157,249,169,307,1,0x708C2EC1,0x22,0xE0F,,1,4,1,2,0,4,-1,1,0,0,8001464,NOT OUTPUT,0,0,0,"[{'no': 1, 'up_bound': 0, 'low_bound': 0, 'range_id': 8001464, 'range_label': 'NOT OUTPUT'}, {'no': 2, 'up_bound': 1, 'low_bound': 1, 'range_id': 8001385, 'range_label': 'SW1'}, {'no': 3, 'up_bound': 2, 'low_bound': 2, 'range_id': 8001392, 'range_label': 'SW2'}, {'no': 4, 'up_bound': 3, 'low_bound': 3, 'range_id': 8001393, 'range_label': 'SW3'}, {'no': 5, 'up_bound': 4, 'low_bound': 4, 'range_id': 8001394, 'range_label': 'SW4'}, {'no': 6, 'up_bound': 5, 'low_bound': 5, 'range_id': 8001395, 'range_label': 'SW5'}, {'no': 7, 'up_bound': 6, 'low_bound': 6, 'range_id': 8001396, 'range_label': 'SW6'}, {'no': 8, 'up_bound': 7, 'low_bound': 7, 'range_id': 8001397, 'range_label': 'SW7'}, {'no': 9, 'up_bound': 8, 'low_bound': 8, 'range_id': 8001398, 'range_label': 'SW8'}, {'no': 10, 'up_bound': 9, 'low_bound': 9, 'range_id': 8001399, 'range_label': 'SW9'}, {'no': 11, 'up_bound': 11, 'low_bound': 11, 'range_id': 8001387, 'range_label': 'SW11'}, {'no': 12, 'up_bound': 12, 'low_bound': 12, 'range_id': 8001388, 'range_label': 'SW12'}, {'no': 13, 'up_bound': 13, 'low_bound': 13, 'range_id': 8001389, 'range_label': 'SW13'}, {'no': 14, 'up_bound': 14, 'low_bound': 14, 'range_id': 8001390, 'range_label': 'SW14'}, {'no': 15, 'up_bound': 15, 'low_bound': 15, 'range_id': 8001391, 'range_label': 'SW15'}]"
Data List,All data,Sonar set output,158,236,170,307,1,0x708C2EC1,0x22,0xE0F,,1,5,1,2,2,6,-1,1,0,0,8001466,NO SW ST,0,0,0,"[{'no': 1, 'up_bound': 0, 'low_bound': 0, 'range_id': 8001466, 'range_label': 'NO SW ST'}, {'no': 2, 'up_bound': 1, 'low_bound': 1, 'range_id': 8002536, 'range_label': 'FEB OFF'}, {'no': 3, 'up_bound': 2, 'low_bound': 2, 'range_id': 8002537, 'range_label': 'FEB ON'}, {'no': 4, 'up_bound': 3, 'low_bound': 3, 'range_id': 37000020, 'range_label': 'LDW OFF'}, {'no': 5, 'up_bound': 4, 'low_bound': 4, 'range_id': 37000021, 'range_label': 'LDW ON'}, {'no': 6, 'up_bound': 5, 'low_bound': 5, 'range_id': 37000022, 'range_label': 'BSW OFF'}, {'no': 7, 'up_bound': 6, 'low_bound': 6, 'range_id': 37000023, 'range_label': 'BSW ON'}, {'no': 8, 'up_bound': 7, 'low_bound': 7, 'range_id': 37000024, 'range_label': 'TSR OFF'}, {'no': 9, 'up_bound': 8, 'low_bound': 8, 'range_id': 37000025, 'range_label': 'TSR ON'}, {'no': 10, 'up_bound': 9, 'low_bound': 9, 'range_id': 8001277, 'range_label': 'DCA OFF'}, {'no': 11, 'up_bound': 10, 'low_bound': 10, 'range_id': 8001278, 'range_label': 'DCA ON'}, {'no': 12, 'up_bound': 11, 'low_bound': 11, 'range_id': 8001301, 'range_label': 'LDP OFF'}, {'no': 13, 'up_bound': 12, 'low_bound': 12, 'range_id': 8001302, 'range_label': 'LDP ON'}, {'no': 14, 'up_bound': 13, 'low_bound': 13, 'range_id': 8001668, 'range_label': 'ABSA OFF'}, {'no': 15, 'up_bound': 14, 'low_bound': 14, 'range_id': 8001669, 'range_label': 'ABSA ON'}, {'no': 16, 'up_bound': 15, 'low_bound': 15, 'range_id': 8002536, 'range_label': 'FEB OFF'}, {'no': 17, 'up_bound': 16, 'low_bound': 16, 'range_id': 8002537, 'range_label': 'FEB ON'}, {'no': 18, 'up_bound': 17, 'low_bound': 17, 'range_id': 8001303, 'range_label': 'EARLY'}, {'no': 19, 'up_bound': 18, 'low_bound': 18, 'range_id': 8001305, 'range_label': 'LDP T MID'}, {'no': 20, 'up_bound': 19, 'low_bound': 19, 'range_id': 8001304, 'range_label': 'LDP T LATE'}, {'no': 21, 'up_bound': 20, 'low_bound': 20, 'range_id': 8001670, 'range_label': 'ABSA BRIGHT'}, {'no': 22, 'up_bound': 21, 'low_bound': 21, 'range_id': 8001671, 'range_label': 'ABSA STD'}, {'no': 23, 'up_bound': 22, 'low_bound': 22, 'range_id': 8001672, 'range_label': 'ABSA DARK'}, {'no': 24, 'up_bound': 23, 'low_bound': 23, 'range_id': 8001673, 'range_label': 'PFCW earl'}, {'no': 25, 'up_bound': 24, 'low_bound': 24, 'range_id': 8001674, 'range_label': 'PFCW stan'}, {'no': 26, 'up_bound': 25, 'low_bound': 25, 'range_id': 8001675, 'range_label': 'PFCW late'}, {'no': 27, 'up_bound': 26, 'low_bound': 26, 'range_id': 8001343, 'range_label': 'P MV OFF'}, {'no': 28, 'up_bound': 27, 'low_bound': 27, 'range_id': 8001344, 'range_label': 'P MV ON'}, {'no': 29, 'up_bound': 28, 'low_bound': 28, 'range_id': 8001255, 'range_label': 'BCI IGN OFF'}, {'no': 30, 'up_bound': 29, 'low_bound': 29, 'range_id': 8001257, 'range_label': 'BCI IGN ON'}, {'no': 31, 'up_bound': 30, 'low_bound': 30, 'range_id': 8001354, 'range_label': 'NoEW OFF'}, {'no': 32, 'up_bound': 31, 'low_bound': 31, 'range_id': 8001355, 'range_label': 'NoEW ON'}, {'no': 33, 'up_bound': 32, 'low_bound': 32, 'range_id': 8001281, 'range_label': 'EAP OFF'}, {'no': 34, 'up_bound': 33, 'low_bound': 33, 'range_id': 8001282, 'range_label': 'EAP ON'}, {'no': 35, 'up_bound': 34, 'low_bound': 34, 'range_id': 8001433, 'range_label': 'Plant set'}, {'no': 36, 'up_bound': 35, 'low_bound': 35, 'range_id': 8001296, 'range_label': 'IBA OFF'}, {'no': 37, 'up_bound': 36, 'low_bound': 36, 'range_id': 8001297, 'range_label': 'IBA ON'}, {'no': 38, 'up_bound': 37, 'low_bound': 37, 'range_id': 8001270, 'range_label': 'CTA OFF'}, {'no': 39, 'up_bound': 38, 'low_bound': 38, 'range_id': 8001271, 'range_label': 'CTA ON'}, {'no': 40, 'up_bound': 39, 'low_bound': 39, 'range_id': 7000997, 'range_label': 'Reserved'}, {'no': 41, 'up_bound': 40, 'low_bound': 40, 'range_id': 8001365, 'range_label': 'PAD OFF'}, {'no': 42, 'up_bound': 41, 'low_bound': 41, 'range_id': 8001366, 'range_label': 'PAD ON'}, {'no': 43, 'up_bound': 42, 'low_bound': 42, 'range_id': 7000997, 'range_label': 'Reserved'}, {'no': 44, 'up_bound': 43, 'low_bound': 43, 'range_id': 8001379, 'range_label': 'SoFr OFF'}, {'no': 45, 'up_bound': 44, 'low_bound': 44, 'range_id': 8001380, 'range_label': 'SoFr ON'}, {'no': 46, 'up_bound': 45, 'low_bound': 45, 'range_id': 8001381, 'range_label': 'SoRr OFF'}, {'no': 47, 'up_bound': 46, 'low_bound': 46, 'range_id': 8001382, 'range_label': 'SoRr ON'}, {'no': 48, 'up_bound': 47, 'low_bound': 47, 'range_id': 8001410, 'range_label': 'P SEN PAUSE'}, {'no': 49, 'up_bound': 48, 'low_bound': 48, 'range_id': 7000997, 'range_label': 'Reserved'}, {'no': 50, 'up_bound': 49, 'low_bound': 49, 'range_id': 8001412, 'range_label': 'P BUZ HIGH'}, {'no': 51, 'up_bound': 50, 'low_bound': 50, 'range_id': 8001413, 'range_label': 'P BUZ MED'}, {'no': 52, 'up_bound': 51, 'low_bound': 51, 'range_id': 8001411, 'range_label': 'P BUZ LOW'}, {'no': 53, 'up_bound': 52, 'low_bound': 52, 'range_id': 7000997, 'range_label': 'Reserved'}, {'no': 54, 'up_bound': 53, 'low_bound': 53, 'range_id': 8001414, 'range_label': 'P RNG FAR'}, {'no': 55, 'up_bound': 54, 'low_bound': 54, 'range_id': 8001416, 'range_label': 'P RNG MED'}, {'no': 56, 'up_bound': 55, 'low_bound': 55, 'range_id': 8001415, 'range_label': 'P RNG NEAR'}, {'no': 57, 'up_bound': 56, 'low_bound': 56, 'range_id': 8001402, 'range_label': 'TJPD OFF'}, {'no': 58, 'up_bound': 57, 'low_bound': 57, 'range_id': 8001403, 'range_label': 'TJPD ON'}, {'no': 59, 'up_bound': 58, 'low_bound': 58, 'range_id': 8001274, 'range_label': 'DAST OFF'}, {'no': 60, 'up_bound': 59, 'low_bound': 59, 'range_id': 8001275, 'range_label': 'DAST ON'}, {'no': 61, 'up_bound': 60, 'low_bound': 60, 'range_id': 8001400, 'range_label': 'TJP OFF'}, {'no': 62, 'up_bound': 61, 'low_bound': 61, 'range_id': 8001401, 'range_label': 'TJP ON'}, {'no': 63, 'up_bound': 62, 'low_bound': 62, 'range_id': 8001256, 'range_label': 'BCI AUTO OFF'}, {'no': 64, 'up_bound': 63, 'low_bound': 63, 'range_id': 8001258, 'range_label': 'BCI AUTO ON'}]"
Data List,All data,HI-BEAM ASST IND,159,120,171,307,1,0x708C2EC1,0x22,0xE0F,,1,5,1,2,1,1,-1,1,0,0,1000003,OFF,0,0,0,"[{'no': 1, 'up_bound': 0, 'low_bound': 0, 'range_id': 1000003, 'range_label': 'OFF'}, {'no': 2, 'up_bound': 1, 'low_bound': 1, 'range_id': 1000004, 'range_label': 'ON'}]"
Data List,All data,Multi Around Monitor display,160,163,172,307,1,0x708C2EC1,0x22,0xE0F,,1,5,1,2,0,1,-1,1,0,0,1000003,OFF,0,0,0,"[{'no': 1, 'up_bound': 0, 'low_bound': 0, 'range_id': 1000003, 'range_label': 'OFF'}, {'no': 2, 'up_bound': 1, 'low_bound': 1, 'range_id': 1000004, 'range_label': 'ON'}]"
Data List,All data,SONAR DET STATUS,161,233,173,307,1,0x708C2EC1,0x22,0xE0F,,1,6,1,2,7,1,-1,1,0,0,1000003,OFF,0,0,0,"[{'no': 1, 'up_bound': 0, 'low_bound': 0, 'range_id': 1000003, 'range_label': 'OFF'}, {'no': 2, 'up_bound': 1, 'low_bound': 1, 'range_id': 1000004, 'range_label': 'ON'}]"
Data List,All data,SONAR WARN,162,237,174,307,1,0x708C2EC1,0x22,0xE0F,,1,6,1,2,5,2,-1,1,1,0,1000003,OFF,0,0,0,"[{'no': 1, 'up_bound': 1, 'low_bound': 0, 'range_id': 1000003, 'range_label': 'OFF'}, {'no': 2, 'up_bound': 2, 'low_bound': 2, 'range_id': 8002228, 'range_label': 'DEACT'}, {'no': 3, 'up_bound': 3, 'low_bound': 3, 'range_id': 7001082, 'range_label': 'ERROR'}]"
Data List,All data,SONAR DET DSP RC,163,230,175,307,1,0x708C2EC1,0x22,0xE0F,,1,6,1,2,2,3,-1,1,0,0,1000003,OFF,0,0,0,"[{'no': 1, 'up_bound': 0, 'low_bound': 0, 'range_id': 1000003, 'range_label': 'OFF'}, {'no': 2, 'up_bound': 1, 'low_bound': 1, 'range_id': 8001334, 'range_label': 'LEVEL4'}, {'no': 3, 'up_bound': 2, 'low_bound': 2, 'range_id': 8001332, 'range_label': 'LEVEL3'}, {'no': 4, 'up_bound': 3, 'low_bound': 3, 'range_id': 8001321, 'range_label': 'LEVEL2'}, {'no': 5, 'up_bound': 4, 'low_bound': 4, 'range_id': 8001310, 'range_label': 'LEVEL1'}, {'no': 6, 'up_bound': 7, 'low_bound': 5, 'range_id': 1000003, 'range_label': 'OFF'}]"
Data List,All data,SONAR DET DSP AREA RC,164,224,176,307,1,0x708C2EC1,0x22,0xE0F,,1,6,1,2,1,1,-1,1,0,0,1000003,OFF,0,0,0,"[{'no': 1, 'up_bound': 0, 'low_bound': 0, 'range_id': 1000003, 'range_label': 'OFF'}, {'no': 2, 'up_bound': 1, 'low_bound': 1, 'range_id': 1000004, 'range_label': 'ON'}]"
Data List,All data,DIPPED BEAM IND,165,77,177,307,1,0x708C2EC1,0x22,0xE0F,,1,6,1,2,0,1,-1,1,0,0,1000003,OFF,0,0,0,"[{'no': 1, 'up_bound': 0, 'low_bound': 0, 'range_id': 1000003, 'range_label': 'OFF'}, {'no': 2, 'up_bound': 1, 'low_bound': 1, 'range_id': 1000004, 'range_label': 'ON'}]"
Data List,All data,SONAR DET DSP RL,166,231,178,307,1,0x708C2EC1,0x22,0xE0F,,1,7,1,2,5,3,-1,1,1,0,1000003,OFF,0,0,0,"[{'no': 1, 'up_bound': 1, 'low_bound': 0, 'range_id': 1000003, 'range_label': 'OFF'}, {'no': 2, 'up_bound': 2, 'low_bound': 2, 'range_id': 8001332, 'range_label': 'LEVEL3'}, {'no': 3, 'up_bound': 3, 'low_bound': 3, 'range_id': 8001321, 'range_label': 'LEVEL2'}, {'no': 4, 'up_bound': 4, 'low_bound': 4, 'range_id': 8001310, 'range_label': 'LEVEL1'}, {'no': 5, 'up_bound': 7, 'low_bound': 5, 'range_id': 1000003, 'range_label': 'OFF'}]"
Data List,All data,SONAR DET DSP AREA RL,167,225,179,307,1,0x708C2EC1,0x22,0xE0F,,1,7,1,2,4,1,-1,1,0,0,1000003,OFF,0,0,0,"[{'no': 1, 'up_bound': 0, 'low_bound': 0, 'range_id': 1000003, 'range_label': 'OFF'}, {'no': 2, 'up_bound': 1, 'low_bound': 1, 'range_id': 1000004, 'range_label': 'ON'}]"
Data List,All data,SONAR DET DSP RR,168,232,180,307,1,0x708C2EC1,0x22,0xE0F,,1,7,1,2,1,3,-1,1,1,0,1000003,OFF,0,0,0,"[{'no': 1, 'up_bound': 1, 'low_bound': 0, 'range_id': 1000003, 'range_label': 'OFF'}, {'no': 2, 'up_bound': 2, 'low_bound': 2, 'range_id': 8001332, 'range_label': 'LEVEL3'}, {'no': 3, 'up_bound': 3, 'low_bound': 3, 'range_id': 8001321, 'range_label': 'LEVEL2'}, {'no': 4, 'up_bound': 4, 'low_bound': 4, 'range_id': 8001310, 'range_label': 'LEVEL1'}, {'no': 5, 'up_bound': 7, 'low_bound': 5, 'range_id': 1000003, 'range_label': 'OFF'}]"
Data List,All data,SONAR DET DSP AREA RR,169,226,181,307,1,0x708C2EC1,0x22,0xE0F,,1,7,1,2,0,1,-1,1,0,0,1000003,OFF,0,0,0,"[{'no': 1, 'up_bound': 0, 'low_bound': 0, 'range_id': 1000003, 'range_label': 'OFF'}, {'no': 2, 'up_bound': 1, 'low_bound': 1, 'range_id': 1000004, 'range_label': 'ON'}]"
Data List,All data,SONAR DET DSP FC,170,227,182,307,1,0x708C2EC1,0x22,0xE0F,,1,8,1,2,5,3,-1,1,0,0,1000003,OFF,0,0,0,"[{'no': 1, 'up_bound': 0, 'low_bound': 0, 'range_id': 1000003, 'range_label': 'OFF'}, {'no': 2, 'up_bound': 1, 'low_bound': 1, 'range_id': 8001334, 'range_label': 'LEVEL4'}, {'no': 3, 'up_bound': 2, 'low_bound': 2, 'range_id': 8001332, 'range_label': 'LEVEL3'}, {'no': 4, 'up_bound': 3, 'low_bound': 3, 'range_id': 8001321, 'range_label': 'LEVEL2'}, {'no': 5, 'up_bound': 4, 'low_bound': 4, 'range_id': 8001310, 'range_label': 'LEVEL1'}, {'no': 6, 'up_bound': 7, 'low_bound': 5, 'range_id': 1000003, 'range_label': 'OFF'}]"
Data List,All data,SONAR DET DSP AREA FC,171,221,183,307,1,0x708C2EC1,0x22,0xE0F,,1,8,1,2,4,1,-1,1,0,0,1000003,OFF,0,0,0,"[{'no': 1, 'up_bound': 0, 'low_bound': 0, 'range_id': 1000003, 'range_label': 'OFF'}, {'no': 2, 'up_bound': 1, 'low_bound': 1, 'range_id': 1000004, 'range_label': 'ON'}]"
Data List,All data,SONAR DET DSP FL,172,228,184,307,1,0x708C2EC1,0x22,0xE0F,,1,8,1,2,1,3,-1,1,1,0,1000003,OFF,0,0,0,"[{'no': 1, 'up_bound': 1, 'low_bound': 0, 'range_id': 1000003, 'range_label': 'OFF'}, {'no': 2, 'up_bound': 2, 'low_bound': 2, 'range_id': 8001332, 'range_label': 'LEVEL3'}, {'no': 3, 'up_bound': 3, 'low_bound': 3, 'range_id': 8001321, 'range_label': 'LEVEL2'}, {'no': 4, 'up_bound': 4, 'low_bound': 4, 'range_id': 8001310, 'range_label': 'LEVEL1'}, {'no': 5, 'up_bound': 7, 'low_bound': 5, 'range_id': 1000003, 'range_label': 'OFF'}]"
Data List,All data,SONAR DET DSP AREA FL,173,222,185,307,1,0x708C2EC1,0x22,0xE0F,,1,8,1,2,0,1,-1,1,0,0,1000003,OFF,0,0,0,"[{'no': 1, 'up_bound': 0, 'low_bound': 0, 'range_id': 1000003, 'range_label': 'OFF'}, {'no': 2, 'up_bound': 1, 'low_bound': 1, 'range_id': 1000004, 'range_label': 'ON'}]"
Data List,All data,SONAR DET DSP FR,174,229,186,307,1,0x708C2EC1,0x22,0xE0F,,1,9,1,2,5,3,-1,1,1,0,1000003,OFF,0,0,0,"[{'no': 1, 'up_bound': 1, 'low_bound': 0, 'range_id': 1000003, 'range_label': 'OFF'}, {'no': 2, 'up_bound': 2, 'low_bound': 2, 'range_id': 8001332, 'range_label': 'LEVEL3'}, {'no': 3, 'up_bound': 3, 'low_bound': 3, 'range_id': 8001321, 'range_label': 'LEVEL2'}, {'no': 4, 'up_bound': 4, 'low_bound': 4, 'range_id': 8001310, 'range_label': 'LEVEL1'}, {'no': 5, 'up_bound': 7, 'low_bound': 5, 'range_id': 1000003, 'range_label': 'OFF'}]"
Data List,All data,SONAR DET DSP AREA FR,175,223,187,307,1,0x708C2EC1,0x22,0xE0F,,1,9,1,2,4,1,-1,1,0,0,1000003,OFF,0,0,0,"[{'no': 1, 'up_bound': 0, 'low_bound': 0, 'range_id': 1000003, 'range_label': 'OFF'}, {'no': 2, 'up_bound': 1, 'low_bound': 1, 'range_id': 1000004, 'range_label': 'ON'}]"
Data List,All data,SONAR DIST DSP,176,234,188,307,1,0x708C2EC1,0x22,0xE0F,,1,9,1,2,0,4,-1,1,0,0,1000003,OFF,0,0,0,"[{'no': 1, 'up_bound': 0, 'low_bound': 0, 'range_id': 1000003, 'range_label': 'OFF'}, {'no': 2, 'up_bound': 1, 'low_bound': 1, 'range_id': 7000100, 'range_label': 'STOP'}, {'no': 3, 'up_bound': 2, 'low_bound': 2, 'range_id': 8001238, 'range_label': '30cm/12in'}, {'no': 4, 'up_bound': 3, 'low_bound': 3, 'range_id': 8001239, 'range_label': '40cm/16in'}, {'no': 5, 'up_bound': 4, 'low_bound': 4, 'range_id': 8001240, 'range_label': '50cm/20in'}, {'no': 6, 'up_bound': 5, 'low_bound': 5, 'range_id': 8001241, 'range_label': '60cm/24in'}, {'no': 7, 'up_bound': 6, 'low_bound': 6, 'range_id': 8001242, 'range_label': '70cm/28in'}, {'no': 8, 'up_bound': 7, 'low_bound': 7, 'range_id': 8001243, 'range_label': '80cm/32in'}, {'no': 9, 'up_bound': 8, 'low_bound': 8, 'range_id': 8001244, 'range_label': '90cm/36in'}, {'no': 10, 'up_bound': 9, 'low_bound': 9, 'range_id': 8001245, 'range_label': '100cm/40in'}, {'no': 11, 'up_bound': 10, 'low_bound': 10, 'range_id': 8001246, 'range_label': '130cm/50in'}, {'no': 12, 'up_bound': 11, 'low_bound': 11, 'range_id': 8001247, 'range_label': '150cm/60in'}, {'no': 13, 'up_bound': 12, 'low_bound': 12, 'range_id': 8001248, 'range_label': '180cm/70in'}, {'no': 14, 'up_bound': 15, 'low_bound': 13, 'range_id': 1000003, 'range_label': 'OFF'}]"
Data List,All data,Engine Off timer,177,101,189,308,1,0x708C2EC1,0x22,0xE10,,0,3,2,2,-1,-1,65520,1,0,0,0,,0.0625,0,0,"[{'no': 1, 'up_bound': 0, 'low_bound': 0, 'range_id': 0, 'range_label': None}]"
Data List,All data,TRQ DSTRBT,178,270,190,309,1,0x708C2EC1,0x22,0xE11,%,0,3,1,2,-1,-1,-1,1,0,0,0,,1,0,0,"[{'no': 1, 'up_bound': 0, 'low_bound': 0, 'range_id': 0, 'range_label': None}]"
Data List,All data,LANE IND,179,132,191,310,1,0x708C2EC1,0x22,0xE12,,1,3,1,2,6,2,-1,1,0,0,1000003,OFF,0,0,0,"[{'no': 1, 'up_bound': 0, 'low_bound': 0, 'range_id': 1000003, 'range_label': 'OFF'}, {'no': 2, 'up_bound': 1, 'low_bound': 1, 'range_id': 1000004, 'range_label': 'ON'}, {'no': 3, 'up_bound': 2, 'low_bound': 2, 'range_id': 8000639, 'range_label': 'BLINK'}, {'no': 4, 'up_bound': 3, 'low_bound': 3, 'range_id': 1000003, 'range_label': 'OFF'}]"
Data List,All data,PFCW IND,180,179,192,310,1,0x708C2EC1,0x22,0xE12,,1,3,1,2,4,2,-1,1,0,0,1000003,OFF,0,0,0,"[{'no': 1, 'up_bound': 0, 'low_bound': 0, 'range_id': 1000003, 'range_label': 'OFF'}, {'no': 2, 'up_bound': 1, 'low_bound': 1, 'range_id': 1000004, 'range_label': 'ON'}, {'no': 3, 'up_bound': 2, 'low_bound': 2, 'range_id': 8000639, 'range_label': 'BLINK'}, {'no': 4, 'up_bound': 3, 'low_bound': 3, 'range_id': 1000003, 'range_label': 'OFF'}]"
Data List,All data,LDW IND,181,138,193,310,1,0x708C2EC1,0x22,0xE12,,1,3,1,2,2,2,-1,1,0,0,1000003,OFF,0,0,0,"[{'no': 1, 'up_bound': 0, 'low_bound': 0, 'range_id': 1000003, 'range_label': 'OFF'}, {'no': 2, 'up_bound': 1, 'low_bound': 1, 'range_id': 1000004, 'range_label': 'ON'}, {'no': 3, 'up_bound': 2, 'low_bound': 2, 'range_id': 8000639, 'range_label': 'BLINK'}, {'no': 4, 'up_bound': 3, 'low_bound': 3, 'range_id': 8001431, 'range_label': 'WARN ON'}]"
Data List,All data,TPMS FLT TYRE,182,265,194,310,1,0x708C2EC1,0x22,0xE12,,1,4,2,2,4,5,-1,1,16,0,1000003,OFF,0,0,0,"[{'no': 1, 'up_bound': 16, 'low_bound': 0, 'range_id': 1000003, 'range_label': 'OFF'}, {'no': 2, 'up_bound': 31, 'low_bound': 17, 'range_id': 1000004, 'range_label': 'ON'}]"
Data List,All data,TPMS PRESS L,183,267,195,310,1,0x708C2EC1,0x22,0xE12,,1,5,1,2,0,4,-1,1,0,0,1000003,OFF,0,0,0,"[{'no': 1, 'up_bound': 0, 'low_bound': 0, 'range_id': 1000003, 'range_label': 'OFF'}, {'no': 2, 'up_bound': 15, 'low_bound': 1, 'range_id': 1000004, 'range_label': 'ON'}]"
Data List,All data,TPMS MALF,184,266,196,310,1,0x708C2EC1,0x22,0xE12,,1,6,1,2,7,1,-1,1,0,0,1000003,OFF,0,0,0,"[{'no': 1, 'up_bound': 0, 'low_bound': 0, 'range_id': 1000003, 'range_label': 'OFF'}, {'no': 2, 'up_bound': 1, 'low_bound': 1, 'range_id': 1000004, 'range_label': 'ON'}]"
Data List,All data,4WD CL TMP H,185,3,197,310,1,0x708C2EC1,0x22,0xE12,,1,6,1,2,6,1,-1,1,0,0,1000003,OFF,0,0,0,"[{'no': 1, 'up_bound': 0, 'low_bound': 0, 'range_id': 1000003, 'range_label': 'OFF'}, {'no': 2, 'up_bound': 1, 'low_bound': 1, 'range_id': 1000004, 'range_label': 'ON'}]"
Data List,All data,4WD TYRE CHECK,186,8,198,310,1,0x708C2EC1,0x22,0xE12,,1,6,1,2,5,1,-1,1,0,0,1000003,OFF,0,0,0,"[{'no': 1, 'up_bound': 0, 'low_bound': 0, 'range_id': 1000003, 'range_label': 'OFF'}, {'no': 2, 'up_bound': 1, 'low_bound': 1, 'range_id': 1000004, 'range_label': 'ON'}]"
Data List,All data,4WD SYS MALF,187,7,199,310,1,0x708C2EC1,0x22,0xE12,,1,6,1,2,4,1,-1,1,0,0,1000003,OFF,0,0,0,"[{'no': 1, 'up_bound': 0, 'low_bound': 0, 'range_id': 1000003, 'range_label': 'OFF'}, {'no': 2, 'up_bound': 1, 'low_bound': 1, 'range_id': 1000004, 'range_label': 'ON'}]"
Data List,All data,E SUS MALF,188,85,200,310,1,0x708C2EC1,0x22,0xE12,,1,6,1,2,3,1,-1,1,0,0,1000003,OFF,0,0,0,"[{'no': 1, 'up_bound': 0, 'low_bound': 0, 'range_id': 1000003, 'range_label': 'OFF'}, {'no': 2, 'up_bound': 1, 'low_bound': 1, 'range_id': 1000004, 'range_label': 'ON'}]"
Data List,All data,ABS MALF,189,12,201,310,1,0x708C2EC1,0x22,0xE12,,1,6,1,2,0,3,-1,1,4,0,1000003,OFF,0,0,0,"[{'no': 1, 'up_bound': 4, 'low_bound': 0, 'range_id': 1000003, 'range_label': 'OFF'}, {'no': 2, 'up_bound': 5, 'low_bound': 5, 'range_id': 1000004, 'range_label': 'ON'}, {'no': 3, 'up_bound': 7, 'low_bound': 6, 'range_id': 1000003, 'range_label': 'OFF'}]"
Data List,All data,ASC MALF,190,29,202,310,1,0x708C2EC1,0x22,0xE12,,1,7,1,2,4,4,-1,1,8,0,1000003,OFF,0,0,0,"[{'no': 1, 'up_bound': 8, 'low_bound': 0, 'range_id': 1000003, 'range_label': 'OFF'}, {'no': 2, 'up_bound': 9, 'low_bound': 9, 'range_id': 1000004, 'range_label': 'ON'}, {'no': 3, 'up_bound': 15, 'low_bound': 10, 'range_id': 1000003, 'range_label': 'OFF'}]"
Data List,All data,ENG SYS CHECK,191,100,203,310,1,0x708C2EC1,0x22,0xE12,,1,7,1,2,0,4,-1,1,5,0,1000003,OFF,0,0,0,"[{'no': 1, 'up_bound': 5, 'low_bound': 0, 'range_id': 1000003, 'range_label': 'OFF'}, {'no': 2, 'up_bound': 6, 'low_bound': 6, 'range_id': 1000004, 'range_label': 'ON'}, {'no': 3, 'up_bound': 15, 'low_bound': 7, 'range_id': 1000003, 'range_label': 'OFF'}]"
Data List,All data,ASCD SYS MALF,192,35,204,310,1,0x708C2EC1,0x22,0xE12,,1,8,1,2,5,3,-1,1,5,0,1000003,OFF,0,0,0,"[{'no': 1, 'up_bound': 5, 'low_bound': 0, 'range_id': 1000003, 'range_label': 'OFF'}, {'no': 2, 'up_bound': 6, 'low_bound': 6, 'range_id': 1000004, 'range_label': 'ON'}, {'no': 3, 'up_bound': 7, 'low_bound': 7, 'range_id': 1000003, 'range_label': 'OFF'}]"
Data List,All data,OVER-BOOST IND,193,171,205,310,1,0x708C2EC1,0x22,0xE12,,1,8,1,2,3,2,-1,1,0,0,1000003,OFF,0,0,0,"[{'no': 1, 'up_bound': 0, 'low_bound': 0, 'range_id': 1000003, 'range_label': 'OFF'}, {'no': 2, 'up_bound': 2, 'low_bound': 1, 'range_id': 1000004, 'range_label': 'ON'}, {'no': 3, 'up_bound': 3, 'low_bound': 3, 'range_id': 1000003, 'range_label': 'OFF'}]"
Data List,All data,ASCD SPD BLINK,194,33,206,310,1,0x708C2EC1,0x22,0xE12,,1,9,1,2,7,1,-1,1,0,0,1000003,OFF,0,0,0,"[{'no': 1, 'up_bound': 0, 'low_bound': 0, 'range_id': 1000003, 'range_label': 'OFF'}, {'no': 2, 'up_bound': 1, 'low_bound': 1, 'range_id': 1000004, 'range_label': 'ON'}]"
Data List,All data,ASCD STATUS,195,34,207,310,1,0x708C2EC1,0x22,0xE12,,1,9,1,2,4,3,-1,1,0,0,1000003,OFF,0,0,0,"[{'no': 1, 'up_bound': 0, 'low_bound': 0, 'range_id': 1000003, 'range_label': 'OFF'}, {'no': 2, 'up_bound': 1, 'low_bound': 1, 'range_id': 8001377, 'range_label': 'SL SET'}, {'no': 3, 'up_bound': 2, 'low_bound': 2, 'range_id': 8001376, 'range_label': 'SL ON'}, {'no': 4, 'up_bound': 3, 'low_bound': 3, 'range_id': 1000003, 'range_label': 'OFF'}, {'no': 5, 'up_bound': 4, 'low_bound': 4, 'range_id': 8001269, 'range_label': 'CRUIS'}, {'no': 6, 'up_bound': 5, 'low_bound': 5, 'range_id': 8000614, 'range_label': 'ASCD'}, {'no': 7, 'up_bound': 7, 'low_bound': 6, 'range_id': 1000003, 'range_label': 'OFF'}]"
Data List,All data,ASCD REQ SPD,196,32,208,311,1,0x708C2EC1,0x22,0xE13,,0,3,1,2,-1,-1,-1,1,0,0,0,,1,0,0,"[{'no': 1, 'up_bound': 0, 'low_bound': 0, 'range_id': 0, 'range_label': None}]"
Data List,All data,Urea remain,197,274,209,312,1,0x708C2EC1,0x22,0xE14,,0,3,1,2,-1,-1,-1,1,0,0,0,,1,0,0,"[{'no': 1, 'up_bound': 0, 'low_bound': 0, 'range_id': 0, 'range_label': None}]"
Data List,All data,Urea distance,198,273,210,313,1,0x708C2EC1,0x22,0xE15,,0,3,2,2,-1,-1,65520,1,0,0,0,,0.0625,0,0,"[{'no': 1, 'up_bound': 0, 'low_bound': 0, 'range_id': 0, 'range_label': None}]"
Data List,All data,E/O CHG TMNG,199,86,211,314,1,0x708C2EC1,0x22,0xE16,,0,3,2,2,-1,-1,65520,1,0,0,0,,0.0625,0,0,"[{'no': 1, 'up_bound': 0, 'low_bound': 0, 'range_id': 0, 'range_label': None}]"
Data List,All data,E/O CHG TMNG RST,200,88,212,315,1,0x708C2EC1,0x22,0xE17,,1,3,1,2,7,1,-1,1,0,0,1000004,ON,0,0,0,"[{'no': 1, 'up_bound': 0, 'low_bound': 0, 'range_id': 1000004, 'range_label': 'ON'}, {'no': 2, 'up_bound': 1, 'low_bound': 1, 'range_id': 1000003, 'range_label': 'OFF'}]"
Data List,All data,DM_ABSO_TIME,201,79,213,316,1,0x708C2EC1,0x22,0xE18,,0,3,2,2,-1,-1,65520,1,0,0,0,,0.0625,0,0,"[{'no': 1, 'up_bound': 0, 'low_bound': 0, 'range_id': 0, 'range_label': None}]"
Data List,All data,AT STOP START IND,202,41,214,317,1,0x708C2EC1,0x22,0xE19,,1,3,1,2,3,2,-1,1,0,0,1000003,OFF,0,0,0,"[{'no': 1, 'up_bound': 0, 'low_bound': 0, 'range_id': 1000003, 'range_label': 'OFF'}, {'no': 2, 'up_bound': 1, 'low_bound': 1, 'range_id': 1000004, 'range_label': 'ON'}, {'no': 3, 'up_bound': 2, 'low_bound': 2, 'range_id': 8001456, 'range_label': 'BLINK1'}, {'no': 4, 'up_bound': 3, 'low_bound': 3, 'range_id': 8001457, 'range_label': 'BLINK2'}]"
Data List,All data,AT STOP START STS,203,42,215,317,1,0x708C2EC1,0x22,0xE19,,1,3,1,2,2,1,-1,1,0,0,1000003,OFF,0,0,0,"[{'no': 1, 'up_bound': 0, 'low_bound': 0, 'range_id': 1000003, 'range_label': 'OFF'}, {'no': 2, 'up_bound': 1, 'low_bound': 1, 'range_id': 1000004, 'range_label': 'ON'}]"
Data List,All data,AT STOP START SW,204,43,216,317,1,0x708C2EC1,0x22,0xE19,,1,3,1,2,1,1,-1,1,0,0,1000003,OFF,0,0,0,"[{'no': 1, 'up_bound': 0, 'low_bound': 0, 'range_id': 1000003, 'range_label': 'OFF'}, {'no': 2, 'up_bound': 1, 'low_bound': 1, 'range_id': 1000004, 'range_label': 'ON'}]"
Data List,All data,HILL HOLD WARNING,205,122,217,317,1,0x708C2EC1,0x22,0xE19,,1,3,1,2,0,1,-1,1,0,0,1000003,OFF,0,0,0,"[{'no': 1, 'up_bound': 0, 'low_bound': 0, 'range_id': 1000003, 'range_label': 'OFF'}, {'no': 2, 'up_bound': 1, 'low_bound': 1, 'range_id': 1000004, 'range_label': 'ON'}]"
Data List,All data,ASSIST/CHARGE GAUGE,206,36,218,318,1,0x708C2EC1,0x22,0xE1A,%,1,3,1,2,1,7,-1,1,63,0,0,,1,0,0,"[{'no': 1, 'up_bound': 63, 'low_bound': 0, 'range_id': 0, 'range_label': None}, {'no': 2, 'up_bound': 127, 'low_bound': 64, 'range_id': 0, 'range_label': None}]"
Data List,All data,EV IND,207,106,219,319,1,0x708C2EC1,0x22,0xE1B,,1,3,1,2,7,1,-1,1,0,0,1000003,OFF,0,0,0,"[{'no': 1, 'up_bound': 0, 'low_bound': 0, 'range_id': 1000003, 'range_label': 'OFF'}, {'no': 2, 'up_bound': 1, 'low_bound': 1, 'range_id': 1000004, 'range_label': 'ON'}]"
Data List,All data,ACCEL GAUGE,208,21,220,320,1,0x708C2EC1,0x22,0xE1C,%,1,3,1,2,1,7,-1,1,0,0,0,,1,0,0,"[{'no': 1, 'up_bound': 0, 'low_bound': 0, 'range_id': 0, 'range_label': None}]"
Data List,All data,REMAINING ENERGY GAUGE,209,190,221,321,1,0x708C2EC1,0x22,0xE1D,%,1,3,1,2,1,7,-1,1,0,0,0,,1,0,0,"[{'no': 1, 'up_bound': 0, 'low_bound': 0, 'range_id': 0, 'range_label': None}]"
Data List,All data,ECO ACCEL POSITION,210,91,222,322,1,0x708C2EC1,0x22,0xE1E,%,1,3,1,2,0,7,-1,1,0,0,0,,1,0,0,"[{'no': 1, 'up_bound': 0, 'low_bound': 0, 'range_id': 0, 'range_label': None}]"
Data List,All data,REGENERATIVE BRAKE TRQ,211,189,223,323,1,0x708C2EC1,0x22,0xE1F,%,1,3,1,2,0,7,-1,1,0,0,0,,1,0,0,"[{'no': 1, 'up_bound': 0, 'low_bound': 0, 'range_id': 0, 'range_label': None}]"
Data List,All data,MECHANICAL BRAKE TRQ,212,144,224,324,1,0x708C2EC1,0x22,0xE20,%,1,3,1,2,0,7,-1,1,0,0,0,,1,0,0,"[{'no': 1, 'up_bound': 0, 'low_bound': 0, 'range_id': 0, 'range_label': None}]"
Data List,All data,ENERGY FLOW,213,99,225,325,1,0x708C2EC1,0x22,0xE21,,0,3,2,2,-1,-1,65520,1,18416,0,8001352,MODE8,0,0,0,"[{'no': 1, 'up_bound': 18416, 'low_bound': 0, 'range_id': 8001352, 'range_label': 'MODE8'}, {'no': 2, 'up_bound': 18448, 'low_bound': 18432, 'range_id': 8001350, 'range_label': 'MODE6'}, {'no': 3, 'up_bound': 18544, 'low_bound': 18464, 'range_id': 8001352, 'range_label': 'MODE8'}, {'no': 4, 'up_bound': 18576, 'low_bound': 18560, 'range_id': 8001350, 'range_label': 'MODE6'}, {'no': 5, 'up_bound': 18848, 'low_bound': 18592, 'range_id': 8001352, 'range_label': 'MODE8'}, {'no': 6, 'up_bound': 18880, 'low_bound': 18864, 'range_id': 8001349, 'range_label': 'MODE5'}, {'no': 7, 'up_bound': 18976, 'low_bound': 18896, 'range_id': 8001352, 'range_label': 'MODE8'}, {'no': 8, 'up_bound': 19008, 'low_bound': 18992, 'range_id': 8001349, 'range_label': 'MODE5'}, {'no': 9, 'up_bound': 19440, 'low_bound': 19024, 'range_id': 8001352, 'range_label': 'MODE8'}, {'no': 10, 'up_bound': 19472, 'low_bound': 19456, 'range_id': 8001351, 'range_label': 'MODE7'}, {'no': 11, 'up_bound': 19488, 'low_bound': 19488, 'range_id': 8001348, 'range_label': 'MODE4'}, {'no': 12, 'up_bound': 19568, 'low_bound': 19504, 'range_id': 8001352, 'range_label': 'MODE8'}, {'no': 13, 'up_bound': 19600, 'low_bound': 19584, 'range_id': 8001351, 'range_label': 'MODE7'}, {'no': 14, 'up_bound': 19616, 'low_bound': 19616, 'range_id': 8001348, 'range_label': 'MODE4'}, {'no': 15, 'up_bound': 26896, 'low_bound': 19632, 'range_id': 8001352, 'range_label': 'MODE8'}, {'no': 16, 'up_bound': 26912, 'low_bound': 26912, 'range_id': 8001345, 'range_label': 'MODE1'}, {'no': 17, 'up_bound': 27040, 'low_bound': 26928, 'range_id': 8001352, 'range_label': 'MODE8'}, {'no': 18, 'up_bound': 27072, 'low_bound': 27056, 'range_id': 8001347, 'range_label': 'MODE3'}, {'no': 19, 'up_bound': 27168, 'low_bound': 27088, 'range_id': 8001352, 'range_label': 'MODE8'}, {'no': 20, 'up_bound': 27200, 'low_bound': 27184, 'range_id': 8001347, 'range_label': 'MODE3'}, {'no': 21, 'up_bound': 27664, 'low_bound': 27216, 'range_id': 8001352, 'range_label': 'MODE8'}, {'no': 22, 'up_bound': 27680, 'low_bound': 27680, 'range_id': 8001346, 'range_label': 'MODE2'}, {'no': 23, 'up_bound': 27792, 'low_bound': 27696, 'range_id': 8001352, 'range_label': 'MODE8'}, {'no': 24, 'up_bound': 27808, 'low_bound': 27808, 'range_id': 8001346, 'range_label': 'MODE2'}, {'no': 25, 'up_bound': 35088, 'low_bound': 27824, 'range_id': 8001352, 'range_label': 'MODE8'}, {'no': 26, 'up_bound': 35104, 'low_bound': 35104, 'range_id': 8001345, 'range_label': 'MODE1'}, {'no': 27, 'up_bound': 35232, 'low_bound': 35120, 'range_id': 8001352, 'range_label': 'MODE8'}, {'no': 28, 'up_bound': 35264, 'low_bound': 35248, 'range_id': 8001347, 'range_label': 'MODE3'}, {'no': 29, 'up_bound': 35360, 'low_bound': 35280, 'range_id': 8001352, 'range_label': 'MODE8'}, {'no': 30, 'up_bound': 35392, 'low_bound': 35376, 'range_id': 8001347, 'range_label': 'MODE3'}, {'no': 31, 'up_bound': 35856, 'low_bound': 35408, 'range_id': 8001352, 'range_label': 'MODE8'}, {'no': 32, 'up_bound': 35872, 'low_bound': 35872, 'range_id': 8001346, 'range_label': 'MODE2'}, {'no': 33, 'up_bound': 35984, 'low_bound': 35888, 'range_id': 8001352, 'range_label': 'MODE8'}, {'no': 34, 'up_bound': 36000, 'low_bound': 36000, 'range_id': 8001346, 'range_label': 'MODE2'}, {'no': 35, 'up_bound': 65520, 'low_bound': 36016, 'range_id': 8001352, 'range_label': 'MODE8'}]"
Data List,All data,ECO DRIVE NAVI,214,94,226,326,1,0x708C2EC1,0x22,0xE22,,1,3,1,2,3,5,-1,1,0,0,8001309,LEVEL0,0,0,0,"[{'no': 1, 'up_bound': 0, 'low_bound': 0, 'range_id': 8001309, 'range_label': 'LEVEL0'}, {'no': 2, 'up_bound': 1, 'low_bound': 1, 'range_id': 8001310, 'range_label': 'LEVEL1'}, {'no': 3, 'up_bound': 2, 'low_bound': 2, 'range_id': 8001321, 'range_label': 'LEVEL2'}, {'no': 4, 'up_bound': 3, 'low_bound': 3, 'range_id': 8001332, 'range_label': 'LEVEL3'}, {'no': 5, 'up_bound': 4, 'low_bound': 4, 'range_id': 8001334, 'range_label': 'LEVEL4'}, {'no': 6, 'up_bound': 5, 'low_bound': 5, 'range_id': 8001335, 'range_label': 'LEVEL5'}, {'no': 7, 'up_bound': 6, 'low_bound': 6, 'range_id': 8001336, 'range_label': 'LEVEL6'}, {'no': 8, 'up_bound': 7, 'low_bound': 7, 'range_id': 8001337, 'range_label': 'LEVEL7'}, {'no': 9, 'up_bound': 8, 'low_bound': 8, 'range_id': 8001338, 'range_label': 'LEVEL8'}, {'no': 10, 'up_bound': 9, 'low_bound': 9, 'range_id': 8001339, 'range_label': 'LEVEL9'}, {'no': 11, 'up_bound': 10, 'low_bound': 10, 'range_id': 8001311, 'range_label': 'LEVEL10'}, {'no': 12, 'up_bound': 11, 'low_bound': 11, 'range_id': 8001312, 'range_label': 'LEVEL11'}, {'no': 13, 'up_bound': 12, 'low_bound': 12, 'range_id': 8001313, 'range_label': 'LEVEL12'}, {'no': 14, 'up_bound': 13, 'low_bound': 13, 'range_id': 8001314, 'range_label': 'LEVEL13'}, {'no': 15, 'up_bound': 14, 'low_bound': 14, 'range_id': 8001315, 'range_label': 'LEVEL14'}, {'no': 16, 'up_bound': 15, 'low_bound': 15, 'range_id': 8001316, 'range_label': 'LEVEL15'}, {'no': 17, 'up_bound': 16, 'low_bound': 16, 'range_id': 8001317, 'range_label': 'LEVEL16'}, {'no': 18, 'up_bound': 17, 'low_bound': 17, 'range_id': 8001318, 'range_label': 'LEVEL17'}, {'no': 19, 'up_bound': 18, 'low_bound': 18, 'range_id': 8001319, 'range_label': 'LEVEL18'}, {'no': 20, 'up_bound': 19, 'low_bound': 19, 'range_id': 8001320, 'range_label': 'LEVEL19'}, {'no': 21, 'up_bound': 20, 'low_bound': 20, 'range_id': 8001322, 'range_label': 'LEVEL20'}, {'no': 22, 'up_bound': 21, 'low_bound': 21, 'range_id': 8001323, 'range_label': 'LEVEL21'}, {'no': 23, 'up_bound': 22, 'low_bound': 22, 'range_id': 8001324, 'range_label': 'LEVEL22'}, {'no': 24, 'up_bound': 23, 'low_bound': 23, 'range_id': 8001325, 'range_label': 'LEVEL23'}, {'no': 25, 'up_bound': 24, 'low_bound': 24, 'range_id': 8001326, 'range_label': 'LEVEL24'}, {'no': 26, 'up_bound': 25, 'low_bound': 25, 'range_id': 8001327, 'range_label': 'LEVEL25'}, {'no': 27, 'up_bound': 26, 'low_bound': 26, 'range_id': 8001328, 'range_label': 'LEVEL26'}, {'no': 28, 'up_bound': 27, 'low_bound': 27, 'range_id': 8001329, 'range_label': 'LEVEL27'}, {'no': 29, 'up_bound': 28, 'low_bound': 28, 'range_id': 8001330, 'range_label': 'LEVEL28'}, {'no': 30, 'up_bound': 29, 'low_bound': 29, 'range_id': 8001331, 'range_label': 'LEVEL29'}, {'no': 31, 'up_bound': 30, 'low_bound': 30, 'range_id': 8001333, 'range_label': 'LEVEL30'}, {'no': 32, 'up_bound': 31, 'low_bound': 31, 'range_id': 8001309, 'range_label': 'LEVEL0'}]"
Data List,All data,TARGET FRONT VEHICLE,215,253,227,326,1,0x708C2EC1,0x22,0xE22,,1,3,1,2,1,2,-1,1,0,0,1000003,OFF,0,0,0,"[{'no': 1, 'up_bound': 0, 'low_bound': 0, 'range_id': 1000003, 'range_label': 'OFF'}, {'no': 2, 'up_bound': 1, 'low_bound': 1, 'range_id': 1000004, 'range_label': 'ON'}, {'no': 3, 'up_bound': 2, 'low_bound': 2, 'range_id': 8000639, 'range_label': 'BLINK'}, {'no': 4, 'up_bound': 3, 'low_bound': 3, 'range_id': 7001083, 'range_label': 'IBA BLINK'}]"
Data List,All data,E/O CHG TMNG,216,87,228,327,1,0x708C2EC1,0x22,0xE23,,0,3,2,2,-1,-1,-1,1,0,0,0,,1,0,0,"[{'no': 1, 'up_bound': 0, 'low_bound': 0, 'range_id': 0, 'range_label': None}]"
Data List,All data,BCI,217,49,229,328,1,0x708C2EC1,0x22,0xE24,,1,3,1,2,5,3,-1,1,0,0,1000003,OFF,0,0,0,"[{'no': 1, 'up_bound': 0, 'low_bound': 0, 'range_id': 1000003, 'range_label': 'OFF'}, {'no': 2, 'up_bound': 5, 'low_bound': 1, 'range_id': 1000004, 'range_label': 'ON'}, {'no': 3, 'up_bound': 7, 'low_bound': 6, 'range_id': 1000003, 'range_label': 'OFF'}]"
Data List,All data,BCI LEFT,218,50,230,328,1,0x708C2EC1,0x22,0xE24,,1,3,1,2,3,2,-1,1,1,0,1000003,OFF,0,0,0,"[{'no': 1, 'up_bound': 1, 'low_bound': 0, 'range_id': 1000003, 'range_label': 'OFF'}, {'no': 2, 'up_bound': 2, 'low_bound': 2, 'range_id': 8000639, 'range_label': 'BLINK'}, {'no': 3, 'up_bound': 3, 'low_bound': 3, 'range_id': 1000004, 'range_label': 'ON'}]"
Data List,All data,BCI RIGHT,219,51,231,328,1,0x708C2EC1,0x22,0xE24,,1,3,1,2,1,2,-1,1,1,0,1000003,OFF,0,0,0,"[{'no': 1, 'up_bound': 1, 'low_bound': 0, 'range_id': 1000003, 'range_label': 'OFF'}, {'no': 2, 'up_bound': 2, 'low_bound': 2, 'range_id': 8000639, 'range_label': 'BLINK'}, {'no': 3, 'up_bound': 3, 'low_bound': 3, 'range_id': 1000004, 'range_label': 'ON'}]"
Data List,All data,CRUISE READY IND,220,71,232,328,1,0x708C2EC1,0x22,0xE24,,1,3,1,2,0,1,-1,1,0,0,1000003,OFF,0,0,0,"[{'no': 1, 'up_bound': 0, 'low_bound': 0, 'range_id': 1000003, 'range_label': 'OFF'}, {'no': 2, 'up_bound': 1, 'low_bound': 1, 'range_id': 1000004, 'range_label': 'ON'}]"
Data List,All data,Set Forward Emergency Brake,221,204,233,328,1,0x708C2EC1,0x22,0xE24,,1,4,1,2,6,2,-1,1,0,0,8001465,Not support,0,0,0,"[{'no': 1, 'up_bound': 0, 'low_bound': 0, 'range_id': 8001465, 'range_label': 'Not support'}, {'no': 2, 'up_bound': 1, 'low_bound': 1, 'range_id': 1000003, 'range_label': 'OFF'}, {'no': 3, 'up_bound': 2, 'low_bound': 2, 'range_id': 1000004, 'range_label': 'ON'}, {'no': 4, 'up_bound': 3, 'low_bound': 3, 'range_id': 8001465, 'range_label': 'Not support'}]"
Data List,All data,SET LDW,222,209,234,328,1,0x708C2EC1,0x22,0xE24,,1,4,1,2,4,2,-1,1,0,0,8001465,Not support,0,0,0,"[{'no': 1, 'up_bound': 0, 'low_bound': 0, 'range_id': 8001465, 'range_label': 'Not support'}, {'no': 2, 'up_bound': 1, 'low_bound': 1, 'range_id': 1000003, 'range_label': 'OFF'}, {'no': 3, 'up_bound': 2, 'low_bound': 2, 'range_id': 1000004, 'range_label': 'ON'}, {'no': 4, 'up_bound': 3, 'low_bound': 3, 'range_id': 8001465, 'range_label': 'Not support'}]"
Data List,All data,SET BSW,223,198,235,328,1,0x708C2EC1,0x22,0xE24,,1,4,1,2,2,2,-1,1,0,0,8001465,Not support,0,0,0,"[{'no': 1, 'up_bound': 0, 'low_bound': 0, 'range_id': 8001465, 'range_label': 'Not support'}, {'no': 2, 'up_bound': 1, 'low_bound': 1, 'range_id': 1000003, 'range_label': 'OFF'}, {'no': 3, 'up_bound': 2, 'low_bound': 2, 'range_id': 1000004, 'range_label': 'ON'}, {'no': 4, 'up_bound': 3, 'low_bound': 3, 'range_id': 8001465, 'range_label': 'Not support'}]"
Data List,All data,Set Lane timing,224,207,236,328,1,0x708C2EC1,0x22,0xE24,,1,4,1,2,0,2,-1,1,0,0,8001465,Not support,0,0,0,"[{'no': 1, 'up_bound': 0, 'low_bound': 0, 'range_id': 8001465, 'range_label': 'Not support'}, {'no': 2, 'up_bound': 1, 'low_bound': 1, 'range_id': 8001448, 'range_label': 'Early'}, {'no': 3, 'up_bound': 2, 'low_bound': 2, 'range_id': 8001461, 'range_label': 'Standard'}, {'no': 4, 'up_bound': 3, 'low_bound': 3, 'range_id': 8001453, 'range_label': 'Late'}]"
Data List,All data,Set BSW Brightness,225,199,237,328,1,0x708C2EC1,0x22,0xE24,,1,5,1,2,6,2,-1,1,0,0,8001465,Not support,0,0,0,"[{'no': 1, 'up_bound': 0, 'low_bound': 0, 'range_id': 8001465, 'range_label': 'Not support'}, {'no': 2, 'up_bound': 1, 'low_bound': 1, 'range_id': 7001084, 'range_label': 'BRIGHT'}, {'no': 3, 'up_bound': 2, 'low_bound': 2, 'range_id': 7001085, 'range_label': 'NORMAL'}, {'no': 4, 'up_bound': 3, 'low_bound': 3, 'range_id': 7001086, 'range_label': 'DARK'}]"
Data List,All data,SET BCI BRAKE RESUME,226,196,238,328,1,0x708C2EC1,0x22,0xE24,,1,5,1,2,4,2,-1,1,0,0,8001465,Not support,0,0,0,"[{'no': 1, 'up_bound': 0, 'low_bound': 0, 'range_id': 8001465, 'range_label': 'Not support'}, {'no': 2, 'up_bound': 1, 'low_bound': 1, 'range_id': 1000003, 'range_label': 'OFF'}, {'no': 3, 'up_bound': 2, 'low_bound': 2, 'range_id': 1000004, 'range_label': 'ON'}, {'no': 4, 'up_bound': 3, 'low_bound': 3, 'range_id': 8001465, 'range_label': 'Not support'}]"
Data List,All data,SET DCA,227,200,239,328,1,0x708C2EC1,0x22,0xE24,,1,5,1,2,2,2,-1,1,0,0,8001465,Not support,0,0,0,"[{'no': 1, 'up_bound': 0, 'low_bound': 0, 'range_id': 8001465, 'range_label': 'Not support'}, {'no': 2, 'up_bound': 1, 'low_bound': 1, 'range_id': 1000003, 'range_label': 'OFF'}, {'no': 3, 'up_bound': 2, 'low_bound': 2, 'range_id': 1000004, 'range_label': 'ON'}, {'no': 4, 'up_bound': 3, 'low_bound': 3, 'range_id': 8001465, 'range_label': 'Not support'}]"
Data List,All data,SET LDP,228,208,240,328,1,0x708C2EC1,0x22,0xE24,,1,5,1,2,0,2,-1,1,0,0,8001465,Not support,0,0,0,"[{'no': 1, 'up_bound': 0, 'low_bound': 0, 'range_id': 8001465, 'range_label': 'Not support'}, {'no': 2, 'up_bound': 1, 'low_bound': 1, 'range_id': 1000003, 'range_label': 'OFF'}, {'no': 3, 'up_bound': 2, 'low_bound': 2, 'range_id': 1000004, 'range_label': 'ON'}, {'no': 4, 'up_bound': 3, 'low_bound': 3, 'range_id': 8001465, 'range_label': 'Not support'}]"
Data List,All data,SET ABSA,229,195,241,328,1,0x708C2EC1,0x22,0xE24,,1,6,1,2,6,2,-1,1,0,0,8001465,Not support,0,0,0,"[{'no': 1, 'up_bound': 0, 'low_bound': 0, 'range_id': 8001465, 'range_label': 'Not support'}, {'no': 2, 'up_bound': 1, 'low_bound': 1, 'range_id': 1000003, 'range_label': 'OFF'}, {'no': 3, 'up_bound': 2, 'low_bound': 2, 'range_id': 1000004, 'range_label': 'ON'}, {'no': 4, 'up_bound': 3, 'low_bound': 3, 'range_id': 8001465, 'range_label': 'Not support'}]"
Data List,All data,SET DCA TIMING,230,201,242,328,1,0x708C2EC1,0x22,0xE24,,1,6,1,2,4,2,-1,1,0,0,8001465,Not support,0,0,0,"[{'no': 1, 'up_bound': 0, 'low_bound': 0, 'range_id': 8001465, 'range_label': 'Not support'}, {'no': 2, 'up_bound': 1, 'low_bound': 1, 'range_id': 1000003, 'range_label': 'OFF'}, {'no': 3, 'up_bound': 2, 'low_bound': 2, 'range_id': 1000004, 'range_label': 'ON'}, {'no': 4, 'up_bound': 3, 'low_bound': 3, 'range_id': 8001465, 'range_label': 'Not support'}]"
Data List,All data,SET RMOD,231,211,243,328,1,0x708C2EC1,0x22,0xE24,,1,6,1,2,2,2,-1,1,0,0,8001465,Not support,0,0,0,"[{'no': 1, 'up_bound': 0, 'low_bound': 0, 'range_id': 8001465, 'range_label': 'Not support'}, {'no': 2, 'up_bound': 1, 'low_bound': 1, 'range_id': 1000003, 'range_label': 'OFF'}, {'no': 3, 'up_bound': 2, 'low_bound': 2, 'range_id': 1000004, 'range_label': 'ON'}, {'no': 4, 'up_bound': 3, 'low_bound': 3, 'range_id': 8001465, 'range_label': 'Not support'}]"
Data List,All data,SET BCI IGNITION STATUS,232,197,244,328,1,0x708C2EC1,0x22,0xE24,,1,6,1,2,0,2,-1,1,0,0,8001465,Not support,0,0,0,"[{'no': 1, 'up_bound': 0, 'low_bound': 0, 'range_id': 8001465, 'range_label': 'Not support'}, {'no': 2, 'up_bound': 1, 'low_bound': 1, 'range_id': 1000003, 'range_label': 'OFF'}, {'no': 3, 'up_bound': 2, 'low_bound': 2, 'range_id': 1000004, 'range_label': 'ON'}, {'no': 4, 'up_bound': 3, 'low_bound': 3, 'range_id': 8001465, 'range_label': 'Not support'}]"
Data List,All data,SET IBA,233,205,245,328,1,0x708C2EC1,0x22,0xE24,,1,7,1,2,6,2,-1,1,0,0,8001465,Not support,0,0,0,"[{'no': 1, 'up_bound': 0, 'low_bound': 0, 'range_id': 8001465, 'range_label': 'Not support'}, {'no': 2, 'up_bound': 1, 'low_bound': 1, 'range_id': 1000003, 'range_label': 'OFF'}, {'no': 3, 'up_bound': 2, 'low_bound': 2, 'range_id': 1000004, 'range_label': 'ON'}, {'no': 4, 'up_bound': 3, 'low_bound': 3, 'range_id': 8001465, 'range_label': 'Not support'}]"
Data List,All data,MSS PEDAL HIGH TEMP,234,158,246,328,1,0x708C2EC1,0x22,0xE24,,1,7,1,2,4,2,-1,1,0,0,1000003,OFF,0,0,0,"[{'no': 1, 'up_bound': 0, 'low_bound': 0, 'range_id': 1000003, 'range_label': 'OFF'}, {'no': 2, 'up_bound': 1, 'low_bound': 1, 'range_id': 8001276, 'range_label': 'DCA'}, {'no': 3, 'up_bound': 2, 'low_bound': 2, 'range_id': 8001254, 'range_label': 'BCI'}, {'no': 4, 'up_bound': 3, 'low_bound': 3, 'range_id': 8001272, 'range_label': 'D&B ON'}]"
Data List,All data,MSS RADER DEACTIVATED,235,159,247,328,1,0x708C2EC1,0x22,0xE24,,1,7,1,2,3,1,-1,1,0,0,1000003,OFF,0,0,0,"[{'no': 1, 'up_bound': 0, 'low_bound': 0, 'range_id': 1000003, 'range_label': 'OFF'}, {'no': 2, 'up_bound': 1, 'low_bound': 1, 'range_id': 1000004, 'range_label': 'ON'}]"
Data List,All data,CHASSIS CONTROL WARN,236,64,248,328,1,0x708C2EC1,0x22,0xE24,,1,7,1,2,2,1,-1,1,0,0,1000003,OFF,0,0,0,"[{'no': 1, 'up_bound': 0, 'low_bound': 0, 'range_id': 1000003, 'range_label': 'OFF'}, {'no': 2, 'up_bound': 1, 'low_bound': 1, 'range_id': 1000004, 'range_label': 'ON'}]"
Data List,All data,MSS INFO&WARN1,237,152,249,328,1,0x708C2EC1,0x22,0xE24,,1,8,1,2,2,6,-1,1,4,0,1000003,OFF,0,0,0,"[{'no': 1, 'up_bound': 4, 'low_bound': 0, 'range_id': 1000003, 'range_label': 'OFF'}, {'no': 2, 'up_bound': 6, 'low_bound': 5, 'range_id': 1000004, 'range_label': 'ON'}, {'no': 3, 'up_bound': 8, 'low_bound': 7, 'range_id': 1000003, 'range_label': 'OFF'}, {'no': 4, 'up_bound': 10, 'low_bound': 9, 'range_id': 1000004, 'range_label': 'ON'}, {'no': 5, 'up_bound': 12, 'low_bound': 11, 'range_id': 1000003, 'range_label': 'OFF'}, {'no': 6, 'up_bound': 14, 'low_bound': 13, 'range_id': 1000004, 'range_label': 'ON'}, {'no': 7, 'up_bound': 16, 'low_bound': 15, 'range_id': 1000003, 'range_label': 'OFF'}, {'no': 8, 'up_bound': 18, 'low_bound': 17, 'range_id': 1000004, 'range_label': 'ON'}, {'no': 9, 'up_bound': 20, 'low_bound': 19, 'range_id': 1000003, 'range_label': 'OFF'}, {'no': 10, 'up_bound': 22, 'low_bound': 21, 'range_id': 1000004, 'range_label': 'ON'}, {'no': 11, 'up_bound': 24, 'low_bound': 23, 'range_id': 1000003, 'range_label': 'OFF'}, {'no': 12, 'up_bound': 26, 'low_bound': 25, 'range_id': 1000004, 'range_label': 'ON'}, {'no': 13, 'up_bound': 28, 'low_bound': 27, 'range_id': 1000003, 'range_label': 'OFF'}, {'no': 14, 'up_bound': 30, 'low_bound': 29, 'range_id': 1000004, 'range_label': 'ON'}, {'no': 15, 'up_bound': 31, 'low_bound': 31, 'range_id': 1000003, 'range_label': 'OFF'}, {'no': 16, 'up_bound': 34, 'low_bound': 32, 'range_id': 1000004, 'range_label': 'ON'}, {'no': 17, 'up_bound': 36, 'low_bound': 35, 'range_id': 1000003, 'range_label': 'OFF'}, {'no': 18, 'up_bound': 38, 'low_bound': 37, 'range_id': 1000004, 'range_label': 'ON'}, {'no': 19, 'up_bound': 40, 'low_bound': 39, 'range_id': 1000003, 'range_label': 'OFF'}, {'no': 20, 'up_bound': 42, 'low_bound': 41, 'range_id': 1000004, 'range_label': 'ON'}, {'no': 21, 'up_bound': 44, 'low_bound': 43, 'range_id': 1000003, 'range_label': 'OFF'}, {'no': 22, 'up_bound': 46, 'low_bound': 45, 'range_id': 1000004, 'range_label': 'ON'}, {'no': 23, 'up_bound': 48, 'low_bound': 47, 'range_id': 1000003, 'range_label': 'OFF'}, {'no': 24, 'up_bound': 50, 'low_bound': 49, 'range_id': 1000004, 'range_label': 'ON'}, {'no': 25, 'up_bound': 52, 'low_bound': 51, 'range_id': 1000003, 'range_label': 'OFF'}, {'no': 26, 'up_bound': 54, 'low_bound': 53, 'range_id': 1000004, 'range_label': 'ON'}, {'no': 27, 'up_bound': 56, 'low_bound': 55, 'range_id': 1000003, 'range_label': 'OFF'}, {'no': 28, 'up_bound': 58, 'low_bound': 57, 'range_id': 1000004, 'range_label': 'ON'}, {'no': 29, 'up_bound': 60, 'low_bound': 59, 'range_id': 1000003, 'range_label': 'OFF'}, {'no': 30, 'up_bound': 62, 'low_bound': 61, 'range_id': 1000004, 'range_label': 'ON'}, {'no': 31, 'up_bound': 63, 'low_bound': 63, 'range_id': 1000003, 'range_label': 'OFF'}]"
Data List,All data,Set Direct Adaptive STeering,238,202,250,328,1,0x708C2EC1,0x22,0xE24,,1,8,1,2,0,2,-1,1,0,0,8001465,Not support,0,0,0,"[{'no': 1, 'up_bound': 0, 'low_bound': 0, 'range_id': 8001465, 'range_label': 'Not support'}, {'no': 2, 'up_bound': 1, 'low_bound': 1, 'range_id': 1000003, 'range_label': 'OFF'}, {'no': 3, 'up_bound': 2, 'low_bound': 2, 'range_id': 1000004, 'range_label': 'ON'}, {'no': 4, 'up_bound': 3, 'low_bound': 3, 'range_id': 8001465, 'range_label': 'Not support'}]"
Data List,All data,Set Emergency Assist Pedal,239,203,251,328,1,0x708C2EC1,0x22,0xE24,,1,9,1,2,6,2,-1,1,0,0,8001465,Not support,0,0,0,"[{'no': 1, 'up_bound': 0, 'low_bound': 0, 'range_id': 8001465, 'range_label': 'Not support'}, {'no': 2, 'up_bound': 1, 'low_bound': 1, 'range_id': 1000003, 'range_label': 'OFF'}, {'no': 3, 'up_bound': 2, 'low_bound': 2, 'range_id': 1000004, 'range_label': 'ON'}, {'no': 4, 'up_bound': 3, 'low_bound': 3, 'range_id': 8001465, 'range_label': 'Not support'}]"
Data List,All data,Set No Entry,240,210,252,328,1,0x708C2EC1,0x22,0xE24,,1,9,1,2,4,2,-1,1,0,0,8001465,Not support,0,0,0,"[{'no': 1, 'up_bound': 0, 'low_bound': 0, 'range_id': 8001465, 'range_label': 'Not support'}, {'no': 2, 'up_bound': 1, 'low_bound': 1, 'range_id': 1000003, 'range_label': 'OFF'}, {'no': 3, 'up_bound': 2, 'low_bound': 2, 'range_id': 1000004, 'range_label': 'ON'}, {'no': 4, 'up_bound': 3, 'low_bound': 3, 'range_id': 8001465, 'range_label': 'Not support'}]"
Data List,All data,Set Traffic Sign Recognition (TSR),241,213,253,328,1,0x708C2EC1,0x22,0xE24,,1,9,1,2,2,2,-1,1,0,0,8001465,Not support,0,0,0,"[{'no': 1, 'up_bound': 0, 'low_bound': 0, 'range_id': 8001465, 'range_label': 'Not support'}, {'no': 2, 'up_bound': 1, 'low_bound': 1, 'range_id': 1000003, 'range_label': 'OFF'}, {'no': 3, 'up_bound': 2, 'low_bound': 2, 'range_id': 1000004, 'range_label': 'ON'}, {'no': 4, 'up_bound': 3, 'low_bound': 3, 'range_id': 8001465, 'range_label': 'Not support'}]"
Data List,All data,MSS INFO&WARN2,242,153,254,328,1,0x708C2EC1,0x22,0xE24,,1,10,1,2,4,4,-1,1,4,0,1000003,OFF,0,0,0,"[{'no': 1, 'up_bound': 4, 'low_bound': 0, 'range_id': 1000003, 'range_label': 'OFF'}, {'no': 2, 'up_bound': 7, 'low_bound': 5, 'range_id': 1000004, 'range_label': 'ON'}, {'no': 3, 'up_bound': 8, 'low_bound': 8, 'range_id': 1000003, 'range_label': 'OFF'}, {'no': 4, 'up_bound': 11, 'low_bound': 9, 'range_id': 1000004, 'range_label': 'ON'}, {'no': 5, 'up_bound': 12, 'low_bound': 12, 'range_id': 1000003, 'range_label': 'OFF'}, {'no': 6, 'up_bound': 15, 'low_bound': 13, 'range_id': 1000004, 'range_label': 'ON'}]"
Data List,All data,MSS INFO&WARN3,243,154,255,328,1,0x708C2EC1,0x22,0xE24,,1,11,1,2,1,3,-1,1,0,0,1000003,OFF,0,0,0,"[{'no': 1, 'up_bound': 0, 'low_bound': 0, 'range_id': 1000003, 'range_label': 'OFF'}, {'no': 2, 'up_bound': 7, 'low_bound': 1, 'range_id': 1000004, 'range_label': 'ON'}]"
Data List,All data,SIGNAL WARNING STATUS,244,217,256,328,1,0x708C2EC1,0x22,0xE24,,1,11,1,2,0,1,-1,1,0,0,1000003,OFF,0,0,0,"[{'no': 1, 'up_bound': 0, 'low_bound': 0, 'range_id': 1000003, 'range_label': 'OFF'}, {'no': 2, 'up_bound': 1, 'low_bound': 1, 'range_id': 1000004, 'range_label': 'ON'}]"
Data List,All data,MSS INFO&WARN4,245,155,257,328,1,0x708C2EC1,0x22,0xE24,,1,12,1,2,5,3,-1,1,0,0,1000003,OFF,0,0,0,"[{'no': 1, 'up_bound': 0, 'low_bound': 0, 'range_id': 1000003, 'range_label': 'OFF'}, {'no': 2, 'up_bound': 7, 'low_bound': 1, 'range_id': 1000004, 'range_label': 'ON'}]"
Data List,All data,HEV system state,246,119,258,328,1,0x708C2EC1,0x22,0xE24,,1,12,1,2,3,2,-1,1,0,0,1000003,OFF,0,0,0,"[{'no': 1, 'up_bound': 0, 'low_bound': 0, 'range_id': 1000003, 'range_label': 'OFF'}, {'no': 2, 'up_bound': 1, 'low_bound': 1, 'range_id': 8001429, 'range_label': 'Starting'}, {'no': 3, 'up_bound': 2, 'low_bound': 2, 'range_id': 8001454, 'range_label': 'Shutdown'}, {'no': 4, 'up_bound': 3, 'low_bound': 3, 'range_id': 1000003, 'range_label': 'OFF'}]"
Data List,All data,LOW LI-ION BAT CHG WARN,247,142,259,328,1,0x708C2EC1,0x22,0xE24,,1,12,1,2,1,2,-1,1,0,0,1000003,OFF,0,0,0,"[{'no': 1, 'up_bound': 0, 'low_bound': 0, 'range_id': 1000003, 'range_label': 'OFF'}, {'no': 2, 'up_bound': 1, 'low_bound': 1, 'range_id': 7001087, 'range_label': 'LO BAT'}, {'no': 3, 'up_bound': 2, 'low_bound': 2, 'range_id': 8001435, 'range_label': 'RESTART'}, {'no': 4, 'up_bound': 3, 'low_bound': 3, 'range_id': 1000003, 'range_label': 'OFF'}]"
Data List,All data,VSP OFF IND,248,278,260,328,1,0x708C2EC1,0x22,0xE24,,1,12,1,2,0,1,-1,1,0,0,1000003,OFF,0,0,0,"[{'no': 1, 'up_bound': 0, 'low_bound': 0, 'range_id': 1000003, 'range_label': 'OFF'}, {'no': 2, 'up_bound': 1, 'low_bound': 1, 'range_id': 1000004, 'range_label': 'ON'}]"
Data List,All data,TYRE PRESS FR,249,255,261,329,1,0x708C2EC1,0x22,0xE25,,0,3,1,2,-1,-1,-1,1,0,0,0,,0.25,0,2,"[{'no': 1, 'up_bound': 0, 'low_bound': 0, 'range_id': 0, 'range_label': None}]"
Data List,All data,TYRE PRESS FL,250,254,262,330,1,0x708C2EC1,0x22,0xE26,,0,3,1,2,-1,-1,-1,1,0,0,0,,0.25,0,2,"[{'no': 1, 'up_bound': 0, 'low_bound': 0, 'range_id': 0, 'range_label': None}]"
Data List,All data,TYRE PRESS RR,251,257,263,331,1,0x708C2EC1,0x22,0xE27,,0,3,1,2,-1,-1,-1,1,0,0,0,,0.25,0,2,"[{'no': 1, 'up_bound': 0, 'low_bound': 0, 'range_id': 0, 'range_label': None}]"
Data List,All data,TYRE PRESS RL,252,256,264,332,1,0x708C2EC1,0x22,0xE28,,0,3,1,2,-1,-1,-1,1,0,0,0,,0.25,0,2,"[{'no': 1, 'up_bound': 0, 'low_bound': 0, 'range_id': 0, 'range_label': None}]"
Data List,All data,BSW IND,253,57,265,333,1,0x708C2EC1,0x22,0xE29,,1,3,1,2,6,2,-1,1,0,0,1000003,OFF,0,0,0,"[{'no': 1, 'up_bound': 0, 'low_bound': 0, 'range_id': 1000003, 'range_label': 'OFF'}, {'no': 2, 'up_bound': 1, 'low_bound': 1, 'range_id': 1000004, 'range_label': 'ON'}, {'no': 3, 'up_bound': 2, 'low_bound': 2, 'range_id': 8000639, 'range_label': 'BLINK'}, {'no': 4, 'up_bound': 3, 'low_bound': 3, 'range_id': 8001431, 'range_label': 'WARN ON'}]"
Data List,All data,IBA IND,254,124,266,333,1,0x708C2EC1,0x22,0xE29,,1,3,1,2,4,2,-1,1,0,0,1000003,OFF,0,0,0,"[{'no': 1, 'up_bound': 0, 'low_bound': 0, 'range_id': 1000003, 'range_label': 'OFF'}, {'no': 2, 'up_bound': 1, 'low_bound': 1, 'range_id': 1000004, 'range_label': 'ON'}, {'no': 3, 'up_bound': 2, 'low_bound': 2, 'range_id': 8000639, 'range_label': 'BLINK'}, {'no': 4, 'up_bound': 3, 'low_bound': 3, 'range_id': 1000004, 'range_label': 'ON'}]"
Data List,All data,DCA IND,255,75,267,333,1,0x708C2EC1,0x22,0xE29,,1,3,1,2,2,2,-1,1,0,0,1000003,OFF,0,0,0,"[{'no': 1, 'up_bound': 0, 'low_bound': 0, 'range_id': 1000003, 'range_label': 'OFF'}, {'no': 2, 'up_bound': 1, 'low_bound': 1, 'range_id': 1000004, 'range_label': 'ON'}, {'no': 3, 'up_bound': 2, 'low_bound': 2, 'range_id': 8000639, 'range_label': 'BLINK'}, {'no': 4, 'up_bound': 3, 'low_bound': 3, 'range_id': 8001431, 'range_label': 'WARN ON'}]"
Data List,All data,LDP IND,256,137,268,333,1,0x708C2EC1,0x22,0xE29,,1,3,1,2,0,2,-1,1,0,0,1000003,OFF,0,0,0,"[{'no': 1, 'up_bound': 0, 'low_bound': 0, 'range_id': 1000003, 'range_label': 'OFF'}, {'no': 2, 'up_bound': 1, 'low_bound': 1, 'range_id': 1000004, 'range_label': 'ON'}, {'no': 3, 'up_bound': 2, 'low_bound': 2, 'range_id': 8000639, 'range_label': 'BLINK'}, {'no': 4, 'up_bound': 3, 'low_bound': 3, 'range_id': 8001431, 'range_label': 'WARN ON'}]"
Data List,All data,ABSA IND,257,14,269,333,1,0x708C2EC1,0x22,0xE29,,1,4,1,2,6,2,-1,1,0,0,1000003,OFF,0,0,0,"[{'no': 1, 'up_bound': 0, 'low_bound': 0, 'range_id': 1000003, 'range_label': 'OFF'}, {'no': 2, 'up_bound': 1, 'low_bound': 1, 'range_id': 1000004, 'range_label': 'ON'}, {'no': 3, 'up_bound': 2, 'low_bound': 2, 'range_id': 8000639, 'range_label': 'BLINK'}, {'no': 4, 'up_bound': 3, 'low_bound': 3, 'range_id': 8001431, 'range_label': 'WARN ON'}]"
Data List,All data,STATUS CHECK DSP,258,245,270,333,1,0x708C2EC1,0x22,0xE29,,1,4,1,2,5,1,-1,1,0,0,1000003,OFF,0,0,0,"[{'no': 1, 'up_bound': 0, 'low_bound': 0, 'range_id': 1000003, 'range_label': 'OFF'}, {'no': 2, 'up_bound': 1, 'low_bound': 1, 'range_id': 1000004, 'range_label': 'ON'}]"
Data List,All data,SET SPEED FLASHING,259,212,271,333,1,0x708C2EC1,0x22,0xE29,,1,4,1,2,4,1,-1,1,0,0,1000003,OFF,0,0,0,"[{'no': 1, 'up_bound': 0, 'low_bound': 0, 'range_id': 1000003, 'range_label': 'OFF'}, {'no': 2, 'up_bound': 1, 'low_bound': 1, 'range_id': 8000639, 'range_label': 'BLINK'}]"
Data List,All data,MSS STATUS WARNING ERR,260,160,272,333,1,0x708C2EC1,0x22,0xE29,,1,4,1,2,3,1,-1,1,0,0,1000003,OFF,0,0,0,"[{'no': 1, 'up_bound': 0, 'low_bound': 0, 'range_id': 1000003, 'range_label': 'OFF'}, {'no': 2, 'up_bound': 1, 'low_bound': 1, 'range_id': 1000004, 'range_label': 'ON'}]"
Data List,All data,MSS NO WARN SET,261,157,273,333,1,0x708C2EC1,0x22,0xE29,,1,4,1,2,2,1,-1,1,0,0,1000003,OFF,0,0,0,"[{'no': 1, 'up_bound': 0, 'low_bound': 0, 'range_id': 1000003, 'range_label': 'OFF'}, {'no': 2, 'up_bound': 1, 'low_bound': 1, 'range_id': 1000004, 'range_label': 'ON'}]"
Data List,All data,MSS NO DYNAMIC SET,262,156,274,333,1,0x708C2EC1,0x22,0xE29,,1,4,1,2,1,1,-1,1,0,0,1000003,OFF,0,0,0,"[{'no': 1, 'up_bound': 0, 'low_bound': 0, 'range_id': 1000003, 'range_label': 'OFF'}, {'no': 2, 'up_bound': 1, 'low_bound': 1, 'range_id': 1000004, 'range_label': 'ON'}]"
Data List,All data,PA display request,263,172,275,334,1,0x708C2EC1,0x22,0xE2B,,1,3,1,2,0,2,-1,1,0,0,1000003,OFF,0,0,0,"[{'no': 1, 'up_bound': 0, 'low_bound': 0, 'range_id': 1000003, 'range_label': 'OFF'}, {'no': 2, 'up_bound': 1, 'low_bound': 1, 'range_id': 8001361, 'range_label': 'ON1'}, {'no': 3, 'up_bound': 2, 'low_bound': 2, 'range_id': 8001362, 'range_label': 'ON2'}]"
Data List,All data,Ack for PA,264,22,276,334,1,0x708C2EC1,0x22,0xE2B,,1,4,1,2,0,2,-1,1,0,0,8001512,Not PA,0,0,0,"[{'no': 1, 'up_bound': 0, 'low_bound': 0, 'range_id': 8001512, 'range_label': 'Not PA'}, {'no': 2, 'up_bound': 1, 'low_bound': 1, 'range_id': 8001299, 'range_label': 'PA mode'}, {'no': 3, 'up_bound': 2, 'low_bound': 2, 'range_id': 1001693, 'range_label': 'Wait'}, {'no': 4, 'up_bound': 3, 'low_bound': 3, 'range_id': 3000315, 'range_label': 'Malf'}]"
Data List,All data,Camera display request,265,61,277,334,1,0x708C2EC1,0x22,0xE2B,,1,5,1,2,0,2,-1,1,0,0,1000003,OFF,0,0,0,"[{'no': 1, 'up_bound': 0, 'low_bound': 0, 'range_id': 1000003, 'range_label': 'OFF'}, {'no': 2, 'up_bound': 1, 'low_bound': 1, 'range_id': 8001298, 'range_label': 'IPA'}, {'no': 3, 'up_bound': 2, 'low_bound': 2, 'range_id': 7001088, 'range_label': 'Multi Around Monitor'}, {'no': 4, 'up_bound': 3, 'low_bound': 3, 'range_id': 7001089, 'range_label': 'IPA & Multi Around Monitor'}]"
Data List,All data,PA malfunction,266,173,278,334,1,0x708C2EC1,0x22,0xE2B,,1,6,1,2,0,1,-1,1,0,0,9100094,Normal,0,0,0,"[{'no': 1, 'up_bound': 0, 'low_bound': 0, 'range_id': 9100094, 'range_label': 'Normal'}, {'no': 2, 'up_bound': 1, 'low_bound': 1, 'range_id': 3000315, 'range_label': 'Malf'}]"
Data List,All data,Steering SW output,267,247,279,334,1,0x708C2EC1,0x22,0xE2B,,1,7,1,2,0,4,-1,1,0,0,1000003,OFF,0,0,0,"[{'no': 1, 'up_bound': 0, 'low_bound': 0, 'range_id': 1000003, 'range_label': 'OFF'}, {'no': 2, 'up_bound': 1, 'low_bound': 1, 'range_id': 8001385, 'range_label': 'SW1'}, {'no': 3, 'up_bound': 2, 'low_bound': 2, 'range_id': 8001392, 'range_label': 'SW2'}, {'no': 4, 'up_bound': 3, 'low_bound': 3, 'range_id': 8001393, 'range_label': 'SW3'}, {'no': 5, 'up_bound': 4, 'low_bound': 4, 'range_id': 8001394, 'range_label': 'SW4'}, {'no': 6, 'up_bound': 5, 'low_bound': 5, 'range_id': 8001395, 'range_label': 'SW5'}, {'no': 7, 'up_bound': 6, 'low_bound': 6, 'range_id': 8001396, 'range_label': 'SW6'}, {'no': 8, 'up_bound': 7, 'low_bound': 7, 'range_id': 8001397, 'range_label': 'SW7'}, {'no': 9, 'up_bound': 8, 'low_bound': 8, 'range_id': 8001398, 'range_label': 'SW8'}]"
Data List,All data,Status of call display,268,246,280,335,1,0x708C2EC1,0x22,0xE2C,,1,3,1,2,0,1,-1,1,0,0,1000003,OFF,0,0,0,"[{'no': 1, 'up_bound': 0, 'low_bound': 0, 'range_id': 1000003, 'range_label': 'OFF'}, {'no': 2, 'up_bound': 1, 'low_bound': 1, 'range_id': 1000004, 'range_label': 'ON'}]"
Data List,All data,Lane detect,269,131,281,335,1,0x708C2EC1,0x22,0xE2C,,1,4,1,2,0,1,-1,1,0,0,1000003,OFF,0,0,0,"[{'no': 1, 'up_bound': 0, 'low_bound': 0, 'range_id': 1000003, 'range_label': 'OFF'}, {'no': 2, 'up_bound': 1, 'low_bound': 1, 'range_id': 1000004, 'range_label': 'ON'}]"
Data List,All data,MI PILOT assist inst message,270,147,282,335,1,0x708C2EC1,0x22,0xE2C,,1,5,1,2,0,3,-1,1,0,0,8001462,No message,0,0,0,"[{'no': 1, 'up_bound': 0, 'low_bound': 0, 'range_id': 8001462, 'range_label': 'No message'}, {'no': 2, 'up_bound': 1, 'low_bound': 1, 'range_id': 1000003, 'range_label': 'OFF'}, {'no': 3, 'up_bound': 2, 'low_bound': 2, 'range_id': 8001647, 'range_label': 'Standby'}, {'no': 4, 'up_bound': 3, 'low_bound': 3, 'range_id': 8001648, 'range_label': 'Active 1'}, {'no': 5, 'up_bound': 4, 'low_bound': 4, 'range_id': 8001649, 'range_label': 'Active 2'}, {'no': 6, 'up_bound': 5, 'low_bound': 5, 'range_id': 8001650, 'range_label': 'Speed'}]"
Data List,All data,MI PILOT assist display status,271,146,283,335,1,0x708C2EC1,0x22,0xE2C,,1,6,1,2,0,3,-1,1,0,0,1000003,OFF,0,0,0,"[{'no': 1, 'up_bound': 0, 'low_bound': 0, 'range_id': 1000003, 'range_label': 'OFF'}, {'no': 2, 'up_bound': 1, 'low_bound': 1, 'range_id': 8001651, 'range_label': 'Stand by'}, {'no': 3, 'up_bound': 2, 'low_bound': 2, 'range_id': 8001652, 'range_label': 'Stand by P'}, {'no': 4, 'up_bound': 3, 'low_bound': 3, 'range_id': 3000271, 'range_label': 'Active'}, {'no': 5, 'up_bound': 4, 'low_bound': 4, 'range_id': 8001653, 'range_label': 'Active P'}, {'no': 6, 'up_bound': 5, 'low_bound': 5, 'range_id': 8001654, 'range_label': 'Free'}, {'no': 7, 'up_bound': 6, 'low_bound': 6, 'range_id': 8001655, 'range_label': 'Free H'}, {'no': 8, 'up_bound': 7, 'low_bound': 7, 'range_id': 3000315, 'range_label': 'Malf'}]"
Data List,All data,Hand free status,272,116,284,335,1,0x708C2EC1,0x22,0xE2C,,1,7,1,2,0,1,-1,1,0,0,1000003,OFF,0,0,0,"[{'no': 1, 'up_bound': 0, 'low_bound': 0, 'range_id': 1000003, 'range_label': 'OFF'}, {'no': 2, 'up_bound': 1, 'low_bound': 1, 'range_id': 1000004, 'range_label': 'ON'}]"
Data List,All data,MI PILOT assist cancel info,273,145,285,335,1,0x708C2EC1,0x22,0xE2C,,1,8,1,2,0,3,-1,1,0,0,8001459,No action,0,0,0,"[{'no': 1, 'up_bound': 0, 'low_bound': 0, 'range_id': 8001459, 'range_label': 'No action'}, {'no': 2, 'up_bound': 1, 'low_bound': 1, 'range_id': 8001650, 'range_label': 'Speed'}, {'no': 3, 'up_bound': 2, 'low_bound': 2, 'range_id': 8001656, 'range_label': 'Target'}, {'no': 4, 'up_bound': 3, 'low_bound': 3, 'range_id': 8001657, 'range_label': 'PA'}, {'no': 5, 'up_bound': 4, 'low_bound': 4, 'range_id': 8001658, 'range_label': 'Obstacle'}, {'no': 6, 'up_bound': 5, 'low_bound': 5, 'range_id': 8001659, 'range_label': 'Weather'}, {'no': 7, 'up_bound': 6, 'low_bound': 6, 'range_id': 8001660, 'range_label': 'E-PKB'}, {'no': 8, 'up_bound': 7, 'low_bound': 7, 'range_id': 8001661, 'range_label': 'Seatbelt'}]"
Data List,All data,FEB status,274,107,286,335,1,0x708C2EC1,0x22,0xE2C,,1,9,1,2,0,1,-1,1,0,0,1000003,OFF,0,0,0,"[{'no': 1, 'up_bound': 0, 'low_bound': 0, 'range_id': 1000003, 'range_label': 'OFF'}, {'no': 2, 'up_bound': 1, 'low_bound': 1, 'range_id': 1000004, 'range_label': 'ON'}]"
Data List,All data,MI PILOT assist setting status,275,148,287,335,1,0x708C2EC1,0x22,0xE2C,,1,10,1,2,0,2,-1,1,0,0,8001662,Temp 1,0,0,0,"[{'no': 1, 'up_bound': 0, 'low_bound': 0, 'range_id': 8001662, 'range_label': 'Temp 1'}, {'no': 2, 'up_bound': 1, 'low_bound': 1, 'range_id': 8001663, 'range_label': 'Avail 1'}, {'no': 3, 'up_bound': 2, 'low_bound': 2, 'range_id': 8001664, 'range_label': 'Avail 2'}, {'no': 4, 'up_bound': 3, 'low_bound': 3, 'range_id': 8001665, 'range_label': 'Temp 2'}]"
Data List,All data,Vehicle distance,276,276,288,335,1,0x708C2EC1,0x22,0xE2C,,0,11,1,2,-1,-1,-1,1,0,0,0,,1,0,0,"[{'no': 1, 'up_bound': 0, 'low_bound': 0, 'range_id': 0, 'range_label': None}]"
Data List,All data,ABSA/BSW status,277,15,289,335,1,0x708C2EC1,0x22,0xE2C,,1,12,1,2,0,2,-1,1,0,0,8001666,Not support,0,0,0,"[{'no': 1, 'up_bound': 0, 'low_bound': 0, 'range_id': 8001666, 'range_label': 'Not support'}, {'no': 2, 'up_bound': 1, 'low_bound': 1, 'range_id': 1000003, 'range_label': 'OFF'}, {'no': 3, 'up_bound': 2, 'low_bound': 2, 'range_id': 1000004, 'range_label': 'ON'}, {'no': 4, 'up_bound': 3, 'low_bound': 3, 'range_id': 8001666, 'range_label': 'Not support'}]"
Data List,All data,Jump request,278,127,290,335,1,0x708C2EC1,0x22,0xE2C,,1,13,1,2,0,2,-1,1,0,0,8001666,Not support,0,0,0,"[{'no': 1, 'up_bound': 0, 'low_bound': 0, 'range_id': 8001666, 'range_label': 'Not support'}, {'no': 2, 'up_bound': 1, 'low_bound': 1, 'range_id': 1000003, 'range_label': 'OFF'}, {'no': 3, 'up_bound': 2, 'low_bound': 2, 'range_id': 1000004, 'range_label': 'ON'}, {'no': 4, 'up_bound': 3, 'low_bound': 3, 'range_id': 8001666, 'range_label': 'Not support'}]"
Data List,All data,EAPM status,279,90,291,335,1,0x708C2EC1,0x22,0xE2C,,1,14,1,2,0,2,-1,1,0,0,8001666,Not support,0,0,0,"[{'no': 1, 'up_bound': 0, 'low_bound': 0, 'range_id': 8001666, 'range_label': 'Not support'}, {'no': 2, 'up_bound': 1, 'low_bound': 1, 'range_id': 1000003, 'range_label': 'OFF'}, {'no': 3, 'up_bound': 2, 'low_bound': 2, 'range_id': 1000004, 'range_label': 'ON'}, {'no': 4, 'up_bound': 3, 'low_bound': 3, 'range_id': 8001666, 'range_label': 'Not support'}]"
Data List,All data,Traffic sign,280,268,292,335,1,0x708C2EC1,0x22,0xE2C,,1,15,1,2,0,2,-1,1,0,0,8001462,No message,0,0,0,"[{'no': 1, 'up_bound': 0, 'low_bound': 0, 'range_id': 8001462, 'range_label': 'No message'}, {'no': 2, 'up_bound': 1, 'low_bound': 1, 'range_id': 30000026, 'range_label': 'Stop'}, {'no': 3, 'up_bound': 2, 'low_bound': 2, 'range_id': 8001430, 'range_label': 'No entry'}, {'no': 4, 'up_bound': 3, 'low_bound': 3, 'range_id': 8001667, 'range_label': 'Signal'}]"
Data gathering,,Data(DA00),1,1,726,0,1,0x708C2EC1,0x22,0xDA00,,0,0,318,2,-1,-1,-1,,,,,,,,,[]
Data gathering,,Data(DA01),2,2,727,0,1,0x708C2EC1,0x22,0xDA01,,0,0,318,2,-1,-1,-1,,,,,,,,,[]
Data gathering,,Data(DA02),3,3,728,0,1,0x708C2EC1,0x22,0xDA02,,0,0,381,2,-1,-1,-1,,,,,,,,,[]
Data gathering,,Data(DA03),4,4,729,0,1,0x708C2EC1,0x22,0xDA03,,0,0,51,2,-1,-1,-1,,,,,,,,,[]
Data gathering,,Data(DA10),5,5,730,0,1,0x708C2EC1,0x22,0xDA10,,0,0,131,2,-1,-1,-1,,,,,,,,,[]
Data gathering,,Data(DA11),6,6,731,0,1,0x708C2EC1,0x22,0xDA11,,0,0,131,2,-1,-1,-1,,,,,,,,,[]
Data gathering,,Data(DA12),7,7,732,0,1,0x708C2EC1,0x22,0xDA12,,0,0,131,2,-1,-1,-1,,,,,,,,,[]
Data gathering,,Data(DA13),8,8,733,0,1,0x708C2EC1,0x22,0xDA13,,0,0,131,2,-1,-1,-1,,,,,,,,,[]
Data gathering,,Data(DA14),9,9,734,0,1,0x708C2EC1,0x22,0xDA14,,0,0,131,2,-1,-1,-1,,,,,,,,,[]
Data gathering,,Data(DA15),10,10,735,0,1,0x708C2EC1,0x22,0xDA15,,0,0,131,2,-1,-1,-1,,,,,,,,,[]
Data gathering,,Data(DA16),11,11,736,0,1,0x708C2EC1,0x22,0xDA16,,0,0,131,2,-1,-1,-1,,,,,,,,,[]
Data gathering,,Data(DA17),12,12,737,0,1,0x708C2EC1,0x22,0xDA17,,0,0,131,2,-1,-1,-1,,,,,,,,,[]
Data gathering,,Data(DA18),13,13,738,0,1,0x708C2EC1,0x22,0xDA18,,0,0,131,2,-1,-1,-1,,,,,,,,,[]
Data gathering,,Data(DA19),14,14,739,0,1,0x708C2EC1,0x22,0xDA19,,0,0,131,2,-1,-1,-1,,,,,,,,,[]
Data gathering,,Data(DA1A),15,15,740,0,1,0x708C2EC1,0x22,0xDA1A,,0,0,131,2,-1,-1,-1,,,,,,,,,[]
Data gathering,,Data(DA1B),16,16,741,0,1,0x708C2EC1,0x22,0xDA1B,,0,0,131,2,-1,-1,-1,,,,,,,,,[]
Data gathering,,Data(DA1C),17,17,742,0,1,0x708C2EC1,0x22,0xDA1C,,0,0,131,2,-1,-1,-1,,,,,,,,,[]
Data gathering,,Data(DA1D),18,18,743,0,1,0x708C2EC1,0x22,0xDA1D,,0,0,131,2,-1,-1,-1,,,,,,,,,[]
Data gathering,,Data(DA1E),19,19,744,0,1,0x708C2EC1,0x22,0xDA1E,,0,0,131,2,-1,-1,-1,,,,,,,,,[]
Data gathering,,Data(DA1F),20,20,745,0,1,0x708C2EC1,0x22,0xDA1F,,0,0,131,2,-1,-1,-1,,,,,,,,,[]
Data gathering,,Data(DA70),21,21,746,0,1,0x708C2EC1,0x22,0xDA70,,0,0,255,2,-1,-1,-1,,,,,,,,,[]
Freeze Frame Data,Fuel control,ODO/TRIP METER,10,20,3,0,1,0x708C2EC1,0xF0,0xD0,km,0,2,3,2,-1,-1,-1,1,0,0,0,,1,0,0,"[{'no': 1, 'up_bound': 0, 'low_bound': 0, 'range_id': 0, 'range_label': None}]"
Freeze Frame Data,Fuel control,DTC count,20,10,4,0,1,0x708C2EC1,0xF0,0xD1,count,0,2,1,2,-1,-1,-1,1,0,0,0,,1,0,0,"[{'no': 1, 'up_bound': 0, 'low_bound': 0, 'range_id': 0, 'range_label': None}]"
"IPT
(InUse-Performance-Track)",For IPT(Odo),Odometer,1,1,1000,0,1,0x708C2EC1,0x22,0xE01,km,0,3,3,2,-1,-1,-1,1,0,0,0,,1,0,0,"[{'no': 1, 'up_bound': 0, 'low_bound': 0, 'range_id': 0, 'range_label': None}]"
ECU Information,Fuel control,ECU PART NUMBER,1,1,2,0,1,0x708C2EC1,0x22,0xF012,,0,3,10,2,-1,-1,-1,,,,,,,,,[]
ECU Information,ECU information (items to be sent to the server),Software part number,1,1,117081,0,1,0x708C2EC1,0x22,0xF012,,0,3,10,2,-1,-1,-1,,,,,,,,,[]
ECU Information,ECU information (items to be sent to the server),Hardware part number,2,2,117082,0,1,0x708C2EC1,0x22,0xF1A1,,0,3,10,2,-1,-1,-1,,,,,,,,,[]
ECU Information,ECU information (items to be sent to the server),ECU serial number,3,3,117083,0,1,0x708C2EC1,0x22,0xF18C,,0,3,-1,2,-1,-1,-1,,,,,,,,,[]
Saving warranty information,画面表示用アイテム,ODO OUTPUT,1,1,749,0,1,0x708C2EC1,0x22,0xE01,km,0,3,3,2,-1,-1,-1,1,0,0,0,,1,0,0,"[{'no': 1, 'up_bound': 0, 'low_bound': 0, 'range_id': 0, 'range_label': None}]"
Saving warranty information,データ保存用アイテム,ODO OUTPUT,1,1,750,0,1,0x708C2EC1,0x22,0xE01,km,0,3,3,2,-1,-1,-1,1,0,0,0,,1,0,0,"[{'no': 1, 'up_bound': 0, 'low_bound': 0, 'range_id': 0, 'range_label': None}]"
Saving warranty information,データ保存用アイテム,File version,9999,9999,751,0,1,0x708C2EC1,0x22,0xE01,,0,3,1,2,-1,-1,-1,1,255,0,10001,1,0,0,0,"[{'no': 1, 'up_bound': 255, 'low_bound': 0, 'range_id': 10001, 'range_label': '1'}]"
Warning History,All data,ABS W/L,1,1,612,714,1,0x708C2EC1,0x22,0xE90,,0,3,1,2,-1,-1,-1,1,39,0,0,,1,0,0,"[{'no': 1, 'up_bound': 39, 'low_bound': 0, 'range_id': 0, 'range_label': None}, {'no': 2, 'up_bound': 254, 'low_bound': 40, 'range_id': 8001468, 'range_label': '39'}, {'no': 3, 'up_bound': 255, 'low_bound': 255, 'range_id': 8001469, 'range_label': 'NO W/L ON HISTORY'}]"
Warning History,All data,ASC/TCL IND,2,2,614,714,1,0x708C2EC1,0x22,0xE90,,0,4,1,2,-1,-1,-1,1,39,0,0,,1,0,0,"[{'no': 1, 'up_bound': 39, 'low_bound': 0, 'range_id': 0, 'range_label': None}, {'no': 2, 'up_bound': 254, 'low_bound': 40, 'range_id': 8001468, 'range_label': '39'}, {'no': 3, 'up_bound': 255, 'low_bound': 255, 'range_id': 8001469, 'range_label': 'NO W/L ON HISTORY'}]"
Warning History,All data,SLIP IND,3,3,616,714,1,0x708C2EC1,0x22,0xE90,,0,5,1,2,-1,-1,-1,1,39,0,0,,1,0,0,"[{'no': 1, 'up_bound': 39, 'low_bound': 0, 'range_id': 0, 'range_label': None}, {'no': 2, 'up_bound': 254, 'low_bound': 40, 'range_id': 8001468, 'range_label': '39'}, {'no': 3, 'up_bound': 255, 'low_bound': 255, 'range_id': 8001469, 'range_label': 'NO W/L ON HISTORY'}]"
Warning History,All data,BRAKE W/L,4,4,618,714,1,0x708C2EC1,0x22,0xE90,,0,6,1,2,-1,-1,-1,1,39,0,0,,1,0,0,"[{'no': 1, 'up_bound': 39, 'low_bound': 0, 'range_id': 0, 'range_label': None}, {'no': 2, 'up_bound': 254, 'low_bound': 40, 'range_id': 8001468, 'range_label': '39'}, {'no': 3, 'up_bound': 255, 'low_bound': 255, 'range_id': 8001469, 'range_label': 'NO W/L ON HISTORY'}]"
Warning History,All data,DOOR W/L,5,5,620,714,1,0x708C2EC1,0x22,0xE90,,0,7,1,2,-1,-1,-1,1,39,0,0,,1,0,0,"[{'no': 1, 'up_bound': 39, 'low_bound': 0, 'range_id': 0, 'range_label': None}, {'no': 2, 'up_bound': 254, 'low_bound': 40, 'range_id': 8001468, 'range_label': '39'}, {'no': 3, 'up_bound': 255, 'low_bound': 255, 'range_id': 8001469, 'range_label': 'NO W/L ON HISTORY'}]"
Warning History,All data,TRUNK/GLAS-H,6,6,622,714,1,0x708C2EC1,0x22,0xE90,,0,8,1,2,-1,-1,-1,1,39,0,0,,1,0,0,"[{'no': 1, 'up_bound': 39, 'low_bound': 0, 'range_id': 0, 'range_label': None}, {'no': 2, 'up_bound': 254, 'low_bound': 40, 'range_id': 8001468, 'range_label': '39'}, {'no': 3, 'up_bound': 255, 'low_bound': 255, 'range_id': 8001469, 'range_label': 'NO W/L ON HISTORY'}]"
Warning History,All data,OIL W/L,7,7,624,714,1,0x708C2EC1,0x22,0xE90,,0,9,1,2,-1,-1,-1,1,39,0,0,,1,0,0,"[{'no': 1, 'up_bound': 39, 'low_bound': 0, 'range_id': 0, 'range_label': None}, {'no': 2, 'up_bound': 254, 'low_bound': 40, 'range_id': 8001468, 'range_label': '39'}, {'no': 3, 'up_bound': 255, 'low_bound': 255, 'range_id': 8001469, 'range_label': 'NO W/L ON HISTORY'}]"
Warning History,All data,C-ENG W/L,8,8,626,714,1,0x708C2EC1,0x22,0xE90,,0,10,1,2,-1,-1,-1,1,39,0,0,,1,0,0,"[{'no': 1, 'up_bound': 39, 'low_bound': 0, 'range_id': 0, 'range_label': None}, {'no': 2, 'up_bound': 254, 'low_bound': 40, 'range_id': 8001468, 'range_label': '39'}, {'no': 3, 'up_bound': 255, 'low_bound': 255, 'range_id': 8001469, 'range_label': 'NO W/L ON HISTORY'}]"
Warning History,All data,C-ENG2 W/L,9,9,628,714,1,0x708C2EC1,0x22,0xE90,,0,11,1,2,-1,-1,-1,1,39,0,0,,1,0,0,"[{'no': 1, 'up_bound': 39, 'low_bound': 0, 'range_id': 0, 'range_label': None}, {'no': 2, 'up_bound': 254, 'low_bound': 40, 'range_id': 8001468, 'range_label': '39'}, {'no': 3, 'up_bound': 255, 'low_bound': 255, 'range_id': 8001469, 'range_label': 'NO W/L ON HISTORY'}]"
Warning History,All data,CRUISE IND,10,10,630,714,1,0x708C2EC1,0x22,0xE90,,0,12,1,2,-1,-1,-1,1,39,0,0,,1,0,0,"[{'no': 1, 'up_bound': 39, 'low_bound': 0, 'range_id': 0, 'range_label': None}, {'no': 2, 'up_bound': 254, 'low_bound': 40, 'range_id': 8001468, 'range_label': '39'}, {'no': 3, 'up_bound': 255, 'low_bound': 255, 'range_id': 8001469, 'range_label': 'NO W/L ON HISTORY'}]"
Warning History,All data,SET IND,11,11,632,714,1,0x708C2EC1,0x22,0xE90,,0,13,1,2,-1,-1,-1,1,39,0,0,,1,0,0,"[{'no': 1, 'up_bound': 39, 'low_bound': 0, 'range_id': 0, 'range_label': None}, {'no': 2, 'up_bound': 254, 'low_bound': 40, 'range_id': 8001468, 'range_label': '39'}, {'no': 3, 'up_bound': 255, 'low_bound': 255, 'range_id': 8001469, 'range_label': 'NO W/L ON HISTORY'}]"
Warning History,All data,CRUISE W/L,12,12,634,714,1,0x708C2EC1,0x22,0xE90,,0,14,1,2,-1,-1,-1,1,39,0,0,,1,0,0,"[{'no': 1, 'up_bound': 39, 'low_bound': 0, 'range_id': 0, 'range_label': None}, {'no': 2, 'up_bound': 254, 'low_bound': 40, 'range_id': 8001468, 'range_label': '39'}, {'no': 3, 'up_bound': 255, 'low_bound': 255, 'range_id': 8001469, 'range_label': 'NO W/L ON HISTORY'}]"
Warning History,All data,BA W/L,13,13,636,714,1,0x708C2EC1,0x22,0xE90,,0,15,1,2,-1,-1,-1,1,39,0,0,,1,0,0,"[{'no': 1, 'up_bound': 39, 'low_bound': 0, 'range_id': 0, 'range_label': None}, {'no': 2, 'up_bound': 254, 'low_bound': 40, 'range_id': 8001468, 'range_label': '39'}, {'no': 3, 'up_bound': 255, 'low_bound': 255, 'range_id': 8001469, 'range_label': 'NO W/L ON HISTORY'}]"
Warning History,All data,O/D OFF IND,14,14,638,714,1,0x708C2EC1,0x22,0xE90,,0,16,1,2,-1,-1,-1,1,39,0,0,,1,0,0,"[{'no': 1, 'up_bound': 39, 'low_bound': 0, 'range_id': 0, 'range_label': None}, {'no': 2, 'up_bound': 254, 'low_bound': 40, 'range_id': 8001468, 'range_label': '39'}, {'no': 3, 'up_bound': 255, 'low_bound': 255, 'range_id': 8001469, 'range_label': 'NO W/L ON HISTORY'}]"
Warning History,All data,ATC/T-AMT W/L,15,15,640,714,1,0x708C2EC1,0x22,0xE90,,0,17,1,2,-1,-1,-1,1,39,0,0,,1,0,0,"[{'no': 1, 'up_bound': 39, 'low_bound': 0, 'range_id': 0, 'range_label': None}, {'no': 2, 'up_bound': 254, 'low_bound': 40, 'range_id': 8001468, 'range_label': '39'}, {'no': 3, 'up_bound': 255, 'low_bound': 255, 'range_id': 8001469, 'range_label': 'NO W/L ON HISTORY'}]"
Warning History,All data,ATF TEMP W/L,16,16,642,714,1,0x708C2EC1,0x22,0xE90,,0,18,1,2,-1,-1,-1,1,39,0,0,,1,0,0,"[{'no': 1, 'up_bound': 39, 'low_bound': 0, 'range_id': 0, 'range_label': None}, {'no': 2, 'up_bound': 254, 'low_bound': 40, 'range_id': 8001468, 'range_label': '39'}, {'no': 3, 'up_bound': 255, 'low_bound': 255, 'range_id': 8001469, 'range_label': 'NO W/L ON HISTORY'}]"
Warning History,All data,CVT IND,17,17,644,714,1,0x708C2EC1,0x22,0xE90,,0,19,1,2,-1,-1,-1,1,39,0,0,,1,0,0,"[{'no': 1, 'up_bound': 39, 'low_bound': 0, 'range_id': 0, 'range_label': None}, {'no': 2, 'up_bound': 254, 'low_bound': 40, 'range_id': 8001468, 'range_label': '39'}, {'no': 3, 'up_bound': 255, 'low_bound': 255, 'range_id': 8001469, 'range_label': 'NO W/L ON HISTORY'}]"
Warning History,All data,SPORT IND,18,18,646,714,1,0x708C2EC1,0x22,0xE90,,0,20,1,2,-1,-1,-1,1,39,0,0,,1,0,0,"[{'no': 1, 'up_bound': 39, 'low_bound': 0, 'range_id': 0, 'range_label': None}, {'no': 2, 'up_bound': 254, 'low_bound': 40, 'range_id': 8001468, 'range_label': '39'}, {'no': 3, 'up_bound': 255, 'low_bound': 255, 'range_id': 8001469, 'range_label': 'NO W/L ON HISTORY'}]"
Warning History,All data,4WD W/L,19,19,648,714,1,0x708C2EC1,0x22,0xE90,,0,21,1,2,-1,-1,-1,1,39,0,0,,1,0,0,"[{'no': 1, 'up_bound': 39, 'low_bound': 0, 'range_id': 0, 'range_label': None}, {'no': 2, 'up_bound': 254, 'low_bound': 40, 'range_id': 8001468, 'range_label': '39'}, {'no': 3, 'up_bound': 255, 'low_bound': 255, 'range_id': 8001469, 'range_label': 'NO W/L ON HISTORY'}]"
Warning History,All data,FUEL W/L,20,20,650,714,1,0x708C2EC1,0x22,0xE90,,0,22,1,2,-1,-1,-1,1,39,0,0,,1,0,0,"[{'no': 1, 'up_bound': 39, 'low_bound': 0, 'range_id': 0, 'range_label': None}, {'no': 2, 'up_bound': 254, 'low_bound': 40, 'range_id': 8001468, 'range_label': '39'}, {'no': 3, 'up_bound': 255, 'low_bound': 255, 'range_id': 8001469, 'range_label': 'NO W/L ON HISTORY'}]"
Warning History,All data,WASHER W/L,21,21,652,714,1,0x708C2EC1,0x22,0xE90,,0,23,1,2,-1,-1,-1,1,39,0,0,,1,0,0,"[{'no': 1, 'up_bound': 39, 'low_bound': 0, 'range_id': 0, 'range_label': None}, {'no': 2, 'up_bound': 254, 'low_bound': 40, 'range_id': 8001468, 'range_label': '39'}, {'no': 3, 'up_bound': 255, 'low_bound': 255, 'range_id': 8001469, 'range_label': 'NO W/L ON HISTORY'}]"
Warning History,All data,AIR PRES W/L,22,22,654,714,1,0x708C2EC1,0x22,0xE90,,0,24,1,2,-1,-1,-1,1,39,0,0,,1,0,0,"[{'no': 1, 'up_bound': 39, 'low_bound': 0, 'range_id': 0, 'range_label': None}, {'no': 2, 'up_bound': 254, 'low_bound': 40, 'range_id': 8001468, 'range_label': '39'}, {'no': 3, 'up_bound': 255, 'low_bound': 255, 'range_id': 8001469, 'range_label': 'NO W/L ON HISTORY'}]"
Warning History,All data,KEY G/Y W/L,23,23,656,714,1,0x708C2EC1,0x22,0xE90,,0,25,1,2,-1,-1,-1,1,39,0,0,,1,0,0,"[{'no': 1, 'up_bound': 39, 'low_bound': 0, 'range_id': 0, 'range_label': None}, {'no': 2, 'up_bound': 254, 'low_bound': 40, 'range_id': 8001468, 'range_label': '39'}, {'no': 3, 'up_bound': 255, 'low_bound': 255, 'range_id': 8001469, 'range_label': 'NO W/L ON HISTORY'}]"
Warning History,All data,KEY R W/L,24,24,658,714,1,0x708C2EC1,0x22,0xE90,,0,26,1,2,-1,-1,-1,1,39,0,0,,1,0,0,"[{'no': 1, 'up_bound': 39, 'low_bound': 0, 'range_id': 0, 'range_label': None}, {'no': 2, 'up_bound': 254, 'low_bound': 40, 'range_id': 8001468, 'range_label': '39'}, {'no': 3, 'up_bound': 255, 'low_bound': 255, 'range_id': 8001469, 'range_label': 'NO W/L ON HISTORY'}]"
Warning History,All data,KEY KNOB W/L,25,25,660,714,1,0x708C2EC1,0x22,0xE90,,0,27,1,2,-1,-1,-1,1,39,0,0,,1,0,0,"[{'no': 1, 'up_bound': 39, 'low_bound': 0, 'range_id': 0, 'range_label': None}, {'no': 2, 'up_bound': 254, 'low_bound': 40, 'range_id': 8001468, 'range_label': '39'}, {'no': 3, 'up_bound': 255, 'low_bound': 255, 'range_id': 8001469, 'range_label': 'NO W/L ON HISTORY'}]"
Warning History,All data,EPS W/L,26,26,662,714,1,0x708C2EC1,0x22,0xE90,,0,28,1,2,-1,-1,-1,1,39,0,0,,1,0,0,"[{'no': 1, 'up_bound': 39, 'low_bound': 0, 'range_id': 0, 'range_label': None}, {'no': 2, 'up_bound': 254, 'low_bound': 40, 'range_id': 8001468, 'range_label': '39'}, {'no': 3, 'up_bound': 255, 'low_bound': 255, 'range_id': 8001469, 'range_label': 'NO W/L ON HISTORY'}]"
Warning History,All data,e-4WD W/L,27,27,664,714,1,0x708C2EC1,0x22,0xE90,,0,29,1,2,-1,-1,-1,1,39,0,0,,1,0,0,"[{'no': 1, 'up_bound': 39, 'low_bound': 0, 'range_id': 0, 'range_label': None}, {'no': 2, 'up_bound': 254, 'low_bound': 40, 'range_id': 8001468, 'range_label': '39'}, {'no': 3, 'up_bound': 255, 'low_bound': 255, 'range_id': 8001469, 'range_label': 'NO W/L ON HISTORY'}]"
Warning History,All data,AFS OFF IND,28,28,666,714,1,0x708C2EC1,0x22,0xE90,,0,30,1,2,-1,-1,-1,1,39,0,0,,1,0,0,"[{'no': 1, 'up_bound': 39, 'low_bound': 0, 'range_id': 0, 'range_label': None}, {'no': 2, 'up_bound': 254, 'low_bound': 40, 'range_id': 8001468, 'range_label': '39'}, {'no': 3, 'up_bound': 255, 'low_bound': 255, 'range_id': 8001469, 'range_label': 'NO W/L ON HISTORY'}]"
Warning History,All data,4WAS/RAS W/L,29,29,668,714,1,0x708C2EC1,0x22,0xE90,,0,31,1,2,-1,-1,-1,1,39,0,0,,1,0,0,"[{'no': 1, 'up_bound': 39, 'low_bound': 0, 'range_id': 0, 'range_label': None}, {'no': 2, 'up_bound': 254, 'low_bound': 40, 'range_id': 8001468, 'range_label': '39'}, {'no': 3, 'up_bound': 255, 'low_bound': 255, 'range_id': 8001469, 'range_label': 'NO W/L ON HISTORY'}]"
Warning History,All data,DDS W/L,30,30,670,714,1,0x708C2EC1,0x22,0xE90,,0,32,1,2,-1,-1,-1,1,39,0,0,,1,0,0,"[{'no': 1, 'up_bound': 39, 'low_bound': 0, 'range_id': 0, 'range_label': None}, {'no': 2, 'up_bound': 254, 'low_bound': 40, 'range_id': 8001468, 'range_label': '39'}, {'no': 3, 'up_bound': 255, 'low_bound': 255, 'range_id': 8001469, 'range_label': 'NO W/L ON HISTORY'}]"
Warning History,All data,SYS FAIL W/L,31,31,672,714,1,0x708C2EC1,0x22,0xE90,,0,33,1,2,-1,-1,-1,1,39,0,0,,1,0,0,"[{'no': 1, 'up_bound': 39, 'low_bound': 0, 'range_id': 0, 'range_label': None}, {'no': 2, 'up_bound': 254, 'low_bound': 40, 'range_id': 8001468, 'range_label': '39'}, {'no': 3, 'up_bound': 255, 'low_bound': 255, 'range_id': 8001469, 'range_label': 'NO W/L ON HISTORY'}]"
Warning History,All data,SFT POSI W/L,32,32,674,714,1,0x708C2EC1,0x22,0xE90,,0,34,1,2,-1,-1,-1,1,39,0,0,,1,0,0,"[{'no': 1, 'up_bound': 39, 'low_bound': 0, 'range_id': 0, 'range_label': None}, {'no': 2, 'up_bound': 254, 'low_bound': 40, 'range_id': 8001468, 'range_label': '39'}, {'no': 3, 'up_bound': 255, 'low_bound': 255, 'range_id': 8001469, 'range_label': 'NO W/L ON HISTORY'}]"
Warning History,All data,HV BAT W/L,33,33,676,714,1,0x708C2EC1,0x22,0xE90,,0,35,1,2,-1,-1,-1,1,39,0,0,,1,0,0,"[{'no': 1, 'up_bound': 39, 'low_bound': 0, 'range_id': 0, 'range_label': None}, {'no': 2, 'up_bound': 254, 'low_bound': 40, 'range_id': 8001468, 'range_label': '39'}, {'no': 3, 'up_bound': 255, 'low_bound': 255, 'range_id': 8001469, 'range_label': 'NO W/L ON HISTORY'}]"
Warning History,All data,HEV BRAKE W/L,34,34,678,714,1,0x708C2EC1,0x22,0xE90,,0,36,1,2,-1,-1,-1,1,39,0,0,,1,0,0,"[{'no': 1, 'up_bound': 39, 'low_bound': 0, 'range_id': 0, 'range_label': None}, {'no': 2, 'up_bound': 254, 'low_bound': 40, 'range_id': 8001468, 'range_label': '39'}, {'no': 3, 'up_bound': 255, 'low_bound': 255, 'range_id': 8001469, 'range_label': 'NO W/L ON HISTORY'}]"
Warning History,All data,SFT OPER W/L,35,35,680,714,1,0x708C2EC1,0x22,0xE90,,0,37,1,2,-1,-1,-1,1,39,0,0,,1,0,0,"[{'no': 1, 'up_bound': 39, 'low_bound': 0, 'range_id': 0, 'range_label': None}, {'no': 2, 'up_bound': 254, 'low_bound': 40, 'range_id': 8001468, 'range_label': '39'}, {'no': 3, 'up_bound': 255, 'low_bound': 255, 'range_id': 8001469, 'range_label': 'NO W/L ON HISTORY'}]"
Warning History,All data,LANE KEEP W/L,36,36,682,714,1,0x708C2EC1,0x22,0xE90,,0,38,1,2,-1,-1,-1,1,39,0,0,,1,0,0,"[{'no': 1, 'up_bound': 39, 'low_bound': 0, 'range_id': 0, 'range_label': None}, {'no': 2, 'up_bound': 254, 'low_bound': 40, 'range_id': 8001468, 'range_label': '39'}, {'no': 3, 'up_bound': 255, 'low_bound': 255, 'range_id': 8001469, 'range_label': 'NO W/L ON HISTORY'}]"
Warning History,All data,CHARGE W/L,37,37,684,714,1,0x708C2EC1,0x22,0xE90,,0,39,1,2,-1,-1,-1,1,39,0,0,,1,0,0,"[{'no': 1, 'up_bound': 39, 'low_bound': 0, 'range_id': 0, 'range_label': None}, {'no': 2, 'up_bound': 254, 'low_bound': 40, 'range_id': 8001468, 'range_label': '39'}, {'no': 3, 'up_bound': 255, 'low_bound': 255, 'range_id': 8001469, 'range_label': 'NO W/L ON HISTORY'}]"
Warning History,All data,AUTO STEP W/L,38,38,686,714,1,0x708C2EC1,0x22,0xE90,,0,40,1,2,-1,-1,-1,1,39,0,0,,1,0,0,"[{'no': 1, 'up_bound': 39, 'low_bound': 0, 'range_id': 0, 'range_label': None}, {'no': 2, 'up_bound': 254, 'low_bound': 40, 'range_id': 8001468, 'range_label': '39'}, {'no': 3, 'up_bound': 255, 'low_bound': 255, 'range_id': 8001469, 'range_label': 'NO W/L ON HISTORY'}]"
Warning History,All data,OIL LEV LOW,39,39,688,714,1,0x708C2EC1,0x22,0xE90,,0,41,1,2,-1,-1,-1,1,39,0,0,,1,0,0,"[{'no': 1, 'up_bound': 39, 'low_bound': 0, 'range_id': 0, 'range_label': None}, {'no': 2, 'up_bound': 254, 'low_bound': 40, 'range_id': 8001468, 'range_label': '39'}, {'no': 3, 'up_bound': 255, 'low_bound': 255, 'range_id': 8001469, 'range_label': 'NO W/L ON HISTORY'}]"
Warning History,All data,DPF W/L,40,40,690,714,1,0x708C2EC1,0x22,0xE90,,0,42,1,2,-1,-1,-1,1,39,0,0,,1,0,0,"[{'no': 1, 'up_bound': 39, 'low_bound': 0, 'range_id': 0, 'range_label': None}, {'no': 2, 'up_bound': 254, 'low_bound': 40, 'range_id': 8001468, 'range_label': '39'}, {'no': 3, 'up_bound': 255, 'low_bound': 255, 'range_id': 8001469, 'range_label': 'NO W/L ON HISTORY'}]"
Warning History,All data,TRAILER IND,41,41,692,714,1,0x708C2EC1,0x22,0xE90,,0,43,1,2,-1,-1,-1,1,39,0,0,,1,0,0,"[{'no': 1, 'up_bound': 39, 'low_bound': 0, 'range_id': 0, 'range_label': None}, {'no': 2, 'up_bound': 254, 'low_bound': 40, 'range_id': 8001468, 'range_label': '39'}, {'no': 3, 'up_bound': 255, 'low_bound': 255, 'range_id': 8001469, 'range_label': 'NO W/L ON HISTORY'}]"
Warning History,All data,RUN FLAT W/L,42,42,694,714,1,0x708C2EC1,0x22,0xE90,,0,44,1,2,-1,-1,-1,1,39,0,0,,1,0,0,"[{'no': 1, 'up_bound': 39, 'low_bound': 0, 'range_id': 0, 'range_label': None}, {'no': 2, 'up_bound': 254, 'low_bound': 40, 'range_id': 8001468, 'range_label': '39'}, {'no': 3, 'up_bound': 255, 'low_bound': 255, 'range_id': 8001469, 'range_label': 'NO W/L ON HISTORY'}]"
Warning History,All data,E-SUS W/L,43,43,696,714,1,0x708C2EC1,0x22,0xE90,,0,45,1,2,-1,-1,-1,1,39,0,0,,1,0,0,"[{'no': 1, 'up_bound': 39, 'low_bound': 0, 'range_id': 0, 'range_label': None}, {'no': 2, 'up_bound': 254, 'low_bound': 40, 'range_id': 8001468, 'range_label': '39'}, {'no': 3, 'up_bound': 255, 'low_bound': 255, 'range_id': 8001469, 'range_label': 'NO W/L ON HISTORY'}]"
Warning History,All data,LAUNCH CNT W/L,44,44,698,714,1,0x708C2EC1,0x22,0xE90,,0,46,1,2,-1,-1,-1,1,39,0,0,,1,0,0,"[{'no': 1, 'up_bound': 39, 'low_bound': 0, 'range_id': 0, 'range_label': None}, {'no': 2, 'up_bound': 254, 'low_bound': 40, 'range_id': 8001468, 'range_label': '39'}, {'no': 3, 'up_bound': 255, 'low_bound': 255, 'range_id': 8001469, 'range_label': 'NO W/L ON HISTORY'}]"
Warning History,All data,BSW W/L,45,45,700,714,1,0x708C2EC1,0x22,0xE90,,0,47,1,2,-1,-1,-1,1,39,0,0,,1,0,0,"[{'no': 1, 'up_bound': 39, 'low_bound': 0, 'range_id': 0, 'range_label': None}, {'no': 2, 'up_bound': 254, 'low_bound': 40, 'range_id': 8001468, 'range_label': '39'}, {'no': 3, 'up_bound': 255, 'low_bound': 255, 'range_id': 8001469, 'range_label': 'NO W/L ON HISTORY'}]"
Warning History,All data,FILTER W/L,46,46,702,714,1,0x708C2EC1,0x22,0xE90,,0,48,1,2,-1,-1,-1,1,39,0,0,,1,0,0,"[{'no': 1, 'up_bound': 39, 'low_bound': 0, 'range_id': 0, 'range_label': None}, {'no': 2, 'up_bound': 254, 'low_bound': 40, 'range_id': 8001468, 'range_label': '39'}, {'no': 3, 'up_bound': 255, 'low_bound': 255, 'range_id': 8001469, 'range_label': 'NO W/L ON HISTORY'}]"
Warning History,All data,BRAKE PAD W/L,47,47,704,714,1,0x708C2EC1,0x22,0xE90,,0,49,1,2,-1,-1,-1,1,39,0,0,,1,0,0,"[{'no': 1, 'up_bound': 39, 'low_bound': 0, 'range_id': 0, 'range_label': None}, {'no': 2, 'up_bound': 254, 'low_bound': 40, 'range_id': 8001468, 'range_label': '39'}, {'no': 3, 'up_bound': 255, 'low_bound': 255, 'range_id': 8001469, 'range_label': 'NO W/L ON HISTORY'}]"
Warning History,All data,Urea remaining W/L,48,48,706,714,1,0x708C2EC1,0x22,0xE90,,0,50,1,2,-1,-1,-1,1,39,0,0,,1,0,0,"[{'no': 1, 'up_bound': 39, 'low_bound': 0, 'range_id': 0, 'range_label': None}, {'no': 2, 'up_bound': 254, 'low_bound': 40, 'range_id': 8001468, 'range_label': '39'}, {'no': 3, 'up_bound': 255, 'low_bound': 255, 'range_id': 8001469, 'range_label': 'NO W/L ON HISTORY'}]"
Warning History,All data,RAB W/L,49,49,708,714,1,0x708C2EC1,0x22,0xE90,,0,51,1,2,-1,-1,-1,1,39,0,0,,1,0,0,"[{'no': 1, 'up_bound': 39, 'low_bound': 0, 'range_id': 0, 'range_label': None}, {'no': 2, 'up_bound': 254, 'low_bound': 40, 'range_id': 8001468, 'range_label': '39'}, {'no': 3, 'up_bound': 255, 'low_bound': 255, 'range_id': 8001469, 'range_label': 'NO W/L ON HISTORY'}]"
Warning History,All data,Electric shift W/L,50,50,710,714,1,0x708C2EC1,0x22,0xE90,,0,52,1,2,-1,-1,-1,1,39,0,0,,1,0,0,"[{'no': 1, 'up_bound': 39, 'low_bound': 0, 'range_id': 0, 'range_label': None}, {'no': 2, 'up_bound': 254, 'low_bound': 40, 'range_id': 8001468, 'range_label': '39'}, {'no': 3, 'up_bound': 255, 'low_bound': 255, 'range_id': 8001469, 'range_label': 'NO W/L ON HISTORY'}]"
Warning History,All data,Sailing stop W/L,51,51,712,714,1,0x708C2EC1,0x22,0xE90,,0,53,1,2,-1,-1,-1,1,39,0,0,,1,0,0,"[{'no': 1, 'up_bound': 39, 'low_bound': 0, 'range_id': 0, 'range_label': None}, {'no': 2, 'up_bound': 254, 'low_bound': 40, 'range_id': 8001468, 'range_label': '39'}, {'no': 3, 'up_bound': 255, 'low_bound': 255, 'range_id': 8001469, 'range_label': 'NO W/L ON HISTORY'}]"
